{"type": "FeatureCollection", "features": [{"type": "Feature", "properties": {"filename": "DJI_20260615153437_0157_V.JPG", "camera": "v2 dji m3t 4000 3000 brown 0.6666", "focal": 0.7328585127980234, "width": 4000, "height": 3000, "capture_time": 1781537677.0, "translation": [319233.41499806335, 4617497.299893746, 27.48850029804963], "rotation": [1.902836063214983, 1.3803900736729442, -0.646612871008714]}, "geometry": {"type": "Point", "coordinates": [-71.1720923418435, 41.68873569850602, 27.48850029804963]}}, {"type": "Feature", "properties": {"filename": "DJI_20260615153401_0142_V.JPG", "camera": "v2 dji m3t 4000 3000 brown 0.6666", "focal": 0.7328585127980234, "width": 4000, "height": 3000, "capture_time": 1781537641.0, "translation": [319221.21006083174, 4617460.681743235, 27.64161050201281], "rotation": [1.9044226274070344, 1.398692023432516, -0.6714174388491605]}, "geometry": {"type": "Point", "coordinates": [-71.17222780262104, 41.68840333936268, 27.64161050201281]}}, {"type": "Feature", "properties": {"filename": "DJI_20260615155013_0332_V.JPG", "camera": "v2 dji m3t 4000 3000 brown 0.6666", "focal": 0.7328585127980234, "width": 4000, "height": 3000, "capture_time": 1781538613.0, "translation": [319323.21783196623, 4617522.468579104, 130.52422860828744], "rotation": [1.1869586017283436, 2.151059990563349, -0.8081125414464772]}, "geometry": {"type": "Point", "coordinates": [-71.17102163646246, 41.688982618183616, 130.52422860828744]}}, {"type": "Feature", "properties": {"filename": "DJI_20260615142227_0048_V.JPG", "camera": "v2 dji m3t 4000 3000 brown 0.6666", "focal": 0.7328585127980234, "width": 4000, "height": 3000, "capture_time": 1781533347.0, "translation": [319199.70594515395, 4617412.575131514, 87.78822226054874], "rotation": [2.343603100327773, -0.4137996310142634, 0.1723991548909219]}, "geometry": {"type": "Point", "coordinates": [-71.17247144216904, 41.687965464570276, 87.78822226054874]}}, {"type": "Feature", "properties": {"filename": "DJI_20260615152921_0038_V.JPG", "camera": "v2 dji m3t 4000 3000 brown 0.6666", "focal": 0.7328585127980234, "width": 4000, "height": 3000, "capture_time": 1781537361.0, "translation": [319177.2076940869, 4617508.959690969, 38.61303148795687], "rotation": [1.4051400545663104, -1.9328043010994471, 1.0052385620596211]}, "geometry": {"type": "Point", "coordinates": [-71.17277079445405, 41.68882788077835, 38.61303148795687]}}, {"type": "Feature", "properties": {"filename": "DJI_20260615153328_0128_V.JPG", "camera": "v2 dji m3t 4000 3000 brown 0.6666", "focal": 0.7328585127980234, "width": 4000, "height": 3000, "capture_time": 1781537608.0, "translation": [319224.5996871408, 4617469.52624129, 27.507824084880287], "rotation": [1.597759747601263, 1.2693556610571144, -0.876369733478408]}, "geometry": {"type": "Point", "coordinates": [-71.17218978034583, 41.688483715431616, 27.507824084880287]}}, {"type": "Feature", "properties": {"filename": "DJI_20260615153034_0069_V.JPG", "camera": "v2 dji m3t 4000 3000 brown 0.6666", "focal": 0.7328585127980234, "width": 4000, "height": 3000, "capture_time": 1781537434.0, "translation": [319245.8865227508, 4617564.626980684, 39.19789079865637], "rotation": [0.7740737379769626, 2.470760959161828, -1.2615967156060004]}, "geometry": {"type": "Point", "coordinates": [-71.17196297996948, 41.689344519105504, 39.19789079865637]}}, {"type": "Feature", "properties": {"filename": "DJI_20260615153510_0171_V.JPG", "camera": "v2 dji m3t 4000 3000 brown 0.6666", "focal": 0.7328585127980234, "width": 4000, "height": 3000, "capture_time": 1781537710.0, "translation": [319244.6351456501, 4617516.528556365, 28.019254833314225], "rotation": [1.8442261214086162, 0.5990299982101542, -0.40315647169102864]}, "geometry": {"type": "Point", "coordinates": [-71.17196343781298, 41.688911316834606, 28.019254833314225]}}, {"type": "Feature", "properties": {"filename": "DJI_20260615153100_0080_V.JPG", "camera": "v2 dji m3t 4000 3000 brown 0.6666", "focal": 0.7328585127980234, "width": 4000, "height": 3000, "capture_time": 1781537460.0, "translation": [319254.2289961262, 4617531.360782388, 39.04960415367254], "rotation": [1.9233828783020832, 1.3737624141063012, -0.6012343194511088]}, "geometry": {"type": "Point", "coordinates": [-71.17185272972365, 41.68904699493444, 39.04960415367254]}}, {"type": "Feature", "properties": {"filename": "DJI_20260615142330_0067_V.JPG", "camera": "v2 dji m3t 4000 3000 brown 0.6666", "focal": 0.7328585127980234, "width": 4000, "height": 3000, "capture_time": 1781533410.0, "translation": [319112.443716429, 4617505.494963456, 87.9228436443628], "rotation": [1.4803723302925815, -2.092064309332281, 0.8502084481304735]}, "geometry": {"type": "Point", "coordinates": [-71.17354741060525, 41.68878198420271, 87.9228436443628]}}, {"type": "Feature", "properties": {"filename": "DJI_20260615153226_0116_V.JPG", "camera": "v2 dji m3t 4000 3000 brown 0.6666", "focal": 0.7328585127980234, "width": 4000, "height": 3000, "capture_time": 1781537546.0, "translation": [319230.6418470282, 4617480.677937014, 38.773827338809845], "rotation": [2.2326974635891883, 1.6138693752732574, -0.38504775758644505]}, "geometry": {"type": "Point", "coordinates": [-71.17212060611817, 41.68858546008009, 38.773827338809845]}}, {"type": "Feature", "properties": {"filename": "DJI_20260615153207_0108_V.JPG", "camera": "v2 dji m3t 4000 3000 brown 0.6666", "focal": 0.7328585127980234, "width": 4000, "height": 3000, "capture_time": 1781537527.0, "translation": [319241.1641129116, 4617488.756122039, 38.61076750992048], "rotation": [1.9266234429611833, 1.3737486538257082, -0.6306634661973639]}, "geometry": {"type": "Point", "coordinates": [-71.17199670505796, 41.68866055818878, 38.61076750992048]}}, {"type": "Feature", "properties": {"filename": "DJI_20260615153202_0106_V.JPG", "camera": "v2 dji m3t 4000 3000 brown 0.6666", "focal": 0.7328585127980234, "width": 4000, "height": 3000, "capture_time": 1781537522.0, "translation": [319242.1549235731, 4617492.066095349, 38.59807758704615], "rotation": [1.9280959048199298, 1.3723281330084878, -0.6274636755445933]}, "geometry": {"type": "Point", "coordinates": [-71.17198581026534, 41.68869057512635, 38.59807758704615]}}, {"type": "Feature", "properties": {"filename": "DJI_20260615153311_0121_V.JPG", "camera": "v2 dji m3t 4000 3000 brown 0.6666", "focal": 0.7328585127980234, "width": 4000, "height": 3000, "capture_time": 1781537591.0, "translation": [319226.4193567059, 4617478.756012752, 27.49603696802678], "rotation": [1.5877266892509199, 1.2832120524026445, -0.8876639508932181]}, "geometry": {"type": "Point", "coordinates": [-71.17217072618787, 41.688567202744345, 27.49603696802678]}}, {"type": "Feature", "properties": {"filename": "DJI_20260615153148_0100_V.JPG", "camera": "v2 dji m3t 4000 3000 brown 0.6666", "focal": 0.7328585127980234, "width": 4000, "height": 3000, "capture_time": 1781537508.0, "translation": [319245.31549000344, 4617502.367065226, 38.63910338675083], "rotation": [1.9261579411879837, 1.3731297093927761, -0.6186183866489207]}, "geometry": {"type": "Point", "coordinates": [-71.17195097915209, 41.6887840083454, 38.63910338675083]}}, {"type": "Feature", "properties": {"filename": "DJI_20260615153134_0094_V.JPG", "camera": "v2 dji m3t 4000 3000 brown 0.6666", "focal": 0.7328585127980234, "width": 4000, "height": 3000, "capture_time": 1781537494.0, "translation": [319248.0459568927, 4617510.96666794, 38.688976559739814], "rotation": [1.9268637635453483, 1.3703852138291963, -0.6179638424533207]}, "geometry": {"type": "Point", "coordinates": [-71.17192079714998, 41.68886203045979, 38.688976559739814]}}, {"type": "Feature", "properties": {"filename": "DJI_20260615153129_0092_V.JPG", "camera": "v2 dji m3t 4000 3000 brown 0.6666", "focal": 0.7328585127980234, "width": 4000, "height": 3000, "capture_time": 1781537489.0, "translation": [319248.7863412018, 4617513.382911187, 38.71304927901555], "rotation": [1.926030382988053, 1.3719701760224885, -0.6159646815110503]}, "geometry": {"type": "Point", "coordinates": [-71.17191263865082, 41.68888394636461, 38.71304927901555]}}, {"type": "Feature", "properties": {"filename": "DJI_20260615153027_0066_V.JPG", "camera": "v2 dji m3t 4000 3000 brown 0.6666", "focal": 0.7328585127980234, "width": 4000, "height": 3000, "capture_time": 1781537427.0, "translation": [319232.899984885, 4617569.657090598, 39.12628907550228], "rotation": [0.44553429904259295, 2.647433048605825, -1.3527037903142942]}, "geometry": {"type": "Point", "coordinates": [-71.17212044345851, 41.68938684494803, 39.12628907550228]}}, {"type": "Feature", "properties": {"filename": "DJI_20260615153136_0095_V.JPG", "camera": "v2 dji m3t 4000 3000 brown 0.6666", "focal": 0.7328585127980234, "width": 4000, "height": 3000, "capture_time": 1781537496.0, "translation": [319247.6247196282, 4617509.677987665, 38.7012496746399], "rotation": [1.9266884536701923, 1.3700861086933782, -0.6183698938063619]}, "geometry": {"type": "Point", "coordinates": [-71.17192546493317, 41.68885033583632, 38.7012496746399]}}, {"type": "Feature", "properties": {"filename": "DJI_20260615153115_0086_V.JPG", "camera": "v2 dji m3t 4000 3000 brown 0.6666", "focal": 0.7328585127980234, "width": 4000, "height": 3000, "capture_time": 1781537475.0, "translation": [319251.78658055654, 4617522.985881234, 38.89377853643252], "rotation": [1.9248162486488152, 1.3748926650669593, -0.6154754304782222]}, "geometry": {"type": "Point", "coordinates": [-71.17187952109774, 41.68897106069676, 38.89377853643252]}}, {"type": "Feature", "properties": {"filename": "DJI_20260615153112_0085_V.JPG", "camera": "v2 dji m3t 4000 3000 brown 0.6666", "focal": 0.7328585127980234, "width": 4000, "height": 3000, "capture_time": 1781537472.0, "translation": [319252.2110932774, 4617524.205168582, 38.92011233723795], "rotation": [1.9248715019091698, 1.3753566764600806, -0.6156344413958642]}, "geometry": {"type": "Point", "coordinates": [-71.17187479295026, 41.6889821314791, 38.92011233723795]}}, {"type": "Feature", "properties": {"filename": "DJI_20260615153108_0083_V.JPG", "camera": "v2 dji m3t 4000 3000 brown 0.6666", "focal": 0.7328585127980234, "width": 4000, "height": 3000, "capture_time": 1781537468.0, "translation": [319253.08676597, 4617526.729582122, 38.97705773986891], "rotation": [1.9228355340487455, 1.3779945092631094, -0.6116719069058422]}, "geometry": {"type": "Point", "coordinates": [-71.1718650426755, 41.68900505170024, 38.97705773986891]}}, {"type": "Feature", "properties": {"filename": "DJI_20260615153105_0082_V.JPG", "camera": "v2 dji m3t 4000 3000 brown 0.6666", "focal": 0.7328585127980234, "width": 4000, "height": 3000, "capture_time": 1781537465.0, "translation": [319253.5220071004, 4617528.279950676, 38.97841588533107], "rotation": [1.9218492783566785, 1.3775812089166624, -0.6081361120772218]}, "geometry": {"type": "Point", "coordinates": [-71.1718602859744, 41.689019104871406, 38.97841588533107]}}, {"type": "Feature", "properties": {"filename": "DJI_20260615154032_0028_V.JPG", "camera": "v2 dji m3t 4000 3000 brown 0.6666", "focal": 0.7328585127980234, "width": 4000, "height": 3000, "capture_time": 1781538032.0, "translation": [319177.8930728565, 4617505.473323233, 48.196002410184875], "rotation": [2.0739034322775636, -1.2208930995784608, 0.5464448355077309]}, "geometry": {"type": "Point", "coordinates": [-71.17276150827644, 41.68879665680106, 48.196002410184875]}}, {"type": "Feature", "properties": {"filename": "DJI_20260615153416_0148_V.JPG", "camera": "v2 dji m3t 4000 3000 brown 0.6666", "focal": 0.7328585127980234, "width": 4000, "height": 3000, "capture_time": 1781537656.0, "translation": [319225.2131202592, 4617473.220280057, 27.524033918568147], "rotation": [1.907046313132119, 1.3834103912832107, -0.6522611977335461]}, "geometry": {"type": "Point", "coordinates": [-71.1721835334252, 41.68851710354709, 27.524033918568147]}}, {"type": "Feature", "properties": {"filename": "DJI_20260615153153_0102_V.JPG", "camera": "v2 dji m3t 4000 3000 brown 0.6666", "focal": 0.7328585127980234, "width": 4000, "height": 3000, "capture_time": 1781537513.0, "translation": [319244.3518496455, 4617499.218664727, 38.610083664558125], "rotation": [1.9265567542164348, 1.3734910332469745, -0.6205134611527602]}, "geometry": {"type": "Point", "coordinates": [-71.1719615966599, 41.688755451843456, 38.610083664558125]}}, {"type": "Feature", "properties": {"filename": "DJI_20260615153146_0099_V.JPG", "camera": "v2 dji m3t 4000 3000 brown 0.6666", "focal": 0.7328585127980234, "width": 4000, "height": 3000, "capture_time": 1781537506.0, "translation": [319245.8345570039, 4617504.112292525, 38.64772388041755], "rotation": [1.9254988341876467, 1.3719434094664356, -0.6185096786588654]}, "geometry": {"type": "Point", "coordinates": [-71.17194527494689, 41.68879983441085, 38.64772388041755]}}, {"type": "Feature", "properties": {"filename": "DJI_20260615153056_0078_V.JPG", "camera": "v2 dji m3t 4000 3000 brown 0.6666", "focal": 0.7328585127980234, "width": 4000, "height": 3000, "capture_time": 1781537456.0, "translation": [319256.4691004848, 4617535.652082215, 39.11001242419065], "rotation": [1.8297736874105561, 1.5368302535277685, -0.6733445582156802]}, "geometry": {"type": "Point", "coordinates": [-71.171827130803, 41.68908612807599, 39.11001242419065]}}, {"type": "Feature", "properties": {"filename": "DJI_20260615152928_0041_V.JPG", "camera": "v2 dji m3t 4000 3000 brown 0.6666", "focal": 0.7328585127980234, "width": 4000, "height": 3000, "capture_time": 1781537368.0, "translation": [319179.24902127613, 4617516.336138487, 38.552312851754166], "rotation": [1.4017220310602565, -1.9367361260720668, 1.0069288572674624]}, "geometry": {"type": "Point", "coordinates": [-71.17274851782018, 41.688894737355675, 38.552312851754166]}}, {"type": "Feature", "properties": {"filename": "DJI_20260615154126_0039_V.JPG", "camera": "v2 dji m3t 4000 3000 brown 0.6666", "focal": 0.7328585127980234, "width": 4000, "height": 3000, "capture_time": 1781538086.0, "translation": [319211.23944621347, 4617554.353035895, 27.125946778021806], "rotation": [0.4420391801587074, -2.6734507169791835, 1.304777651213987]}, "geometry": {"type": "Point", "coordinates": [-71.17237590278891, 41.68924417982087, 27.125946778021806]}}, {"type": "Feature", "properties": {"filename": "DJI_20260615153103_0081_V.JPG", "camera": "v2 dji m3t 4000 3000 brown 0.6666", "focal": 0.7328585127980234, "width": 4000, "height": 3000, "capture_time": 1781537463.0, "translation": [319253.5730642356, 4617528.450051905, 38.9785518047054], "rotation": [1.9228264262132568, 1.3779762129973234, -0.6061573777948509]}, "geometry": {"type": "Point", "coordinates": [-71.17185972441214, 41.6890206474882, 38.9785518047054]}}, {"type": "Feature", "properties": {"filename": "DJI_20260615142258_0061_V.JPG", "camera": "v2 dji m3t 4000 3000 brown 0.6666", "focal": 0.7328585127980234, "width": 4000, "height": 3000, "capture_time": 1781533378.0, "translation": [319149.7630969896, 4617389.4015188115, 87.98604053956346], "rotation": [2.3327662579218655, -0.3914776829459194, 0.15486983231327667]}, "geometry": {"type": "Point", "coordinates": [-71.17306411075577, 41.68774554382042, 87.98604053956346]}}, {"type": "Feature", "properties": {"filename": "DJI_20260615153032_0068_V.JPG", "camera": "v2 dji m3t 4000 3000 brown 0.6666", "focal": 0.7328585127980234, "width": 4000, "height": 3000, "capture_time": 1781537432.0, "translation": [319241.5845627793, 4617566.857263076, 39.15706981836796], "rotation": [0.6808875371804656, 2.5266845787810133, -1.2887268372572347]}, "geometry": {"type": "Point", "coordinates": [-71.17201531261279, 41.68936361643218, 39.15706981836796]}}, {"type": "Feature", "properties": {"filename": "DJI_20260615153003_0056_V.JPG", "camera": "v2 dji m3t 4000 3000 brown 0.6666", "focal": 0.7328585127980234, "width": 4000, "height": 3000, "capture_time": 1781537403.0, "translation": [319196.1404576764, 4617557.776395112, 38.5546676979988], "rotation": [0.8942084325103411, -2.3608073776706076, 1.2140058704536891]}, "geometry": {"type": "Point", "coordinates": [-71.17255824534122, 41.689271563535186, 38.5546676979988]}}, {"type": "Feature", "properties": {"filename": "DJI_20260615153505_0169_V.JPG", "camera": "v2 dji m3t 4000 3000 brown 0.6666", "focal": 0.7328585127980234, "width": 4000, "height": 3000, "capture_time": 1781537705.0, "translation": [319242.57293099666, 4617516.117775071, 28.02402528414604], "rotation": [1.843788946529906, 0.6019733450814204, -0.4068094872863617]}, "geometry": {"type": "Point", "coordinates": [-71.17198807589834, 41.68890715132999, 28.02402528414604]}}, {"type": "Feature", "properties": {"filename": "DJI_20260615152857_0028_V.JPG", "camera": "v2 dji m3t 4000 3000 brown 0.6666", "focal": 0.7328585127980234, "width": 4000, "height": 3000, "capture_time": 1781537337.0, "translation": [319169.88527014834, 4617483.37054545, 38.88782569532652], "rotation": [1.417508044124149, -1.918425650102541, 1.0032972139529248]}, "geometry": {"type": "Point", "coordinates": [-71.17285096625041, 41.68859589828824, 38.88782569532652]}}, {"type": "Feature", "properties": {"filename": "DJI_20260615142254_0059_V.JPG", "camera": "v2 dji m3t 4000 3000 brown 0.6666", "focal": 0.7328585127980234, "width": 4000, "height": 3000, "capture_time": 1781533374.0, "translation": [319162.66410439316, 4617424.0917384215, 87.84473921019429], "rotation": [2.33514304440417, -0.39296343207029744, 0.1527262656828779]}, "geometry": {"type": "Point", "coordinates": [-71.17291971327768, 41.68806070928226, 87.84473921019429]}}, {"type": "Feature", "properties": {"filename": "DJI_20260615153333_0130_V.JPG", "camera": "v2 dji m3t 4000 3000 brown 0.6666", "focal": 0.7328585127980234, "width": 4000, "height": 3000, "capture_time": 1781537613.0, "translation": [319223.4418165505, 4617466.082284707, 27.53663252483191], "rotation": [1.642775406666742, 1.194033061011999, -0.8305356579981438]}, "geometry": {"type": "Point", "coordinates": [-71.17220264042173, 41.68845245460507, 27.53663252483191]}}, {"type": "Feature", "properties": {"filename": "DJI_20260615152812_0009_V.JPG", "camera": "v2 dji m3t 4000 3000 brown 0.6666", "focal": 0.7328585127980234, "width": 4000, "height": 3000, "capture_time": 1781537292.0, "translation": [319196.4593679827, 4617438.446435572, 33.28680572007835], "rotation": [2.3312626896159903, -0.3594327546346822, 0.11686989128205345]}, "geometry": {"type": "Point", "coordinates": [-71.17251826337774, 41.68819758641141, 33.28680572007835]}}, {"type": "Feature", "properties": {"filename": "DJI_20260615153408_0145_V.JPG", "camera": "v2 dji m3t 4000 3000 brown 0.6666", "focal": 0.7328585127980234, "width": 4000, "height": 3000, "capture_time": 1781537648.0, "translation": [319223.2839748635, 4617467.011679762, 27.527850319859148], "rotation": [1.9047817618943095, 1.3874926601161892, -0.6627956321967942]}, "geometry": {"type": "Point", "coordinates": [-71.17220481725408, 41.688460783946056, 27.527850319859148]}}, {"type": "Feature", "properties": {"filename": "DJI_20260615153314_0122_V.JPG", "camera": "v2 dji m3t 4000 3000 brown 0.6666", "focal": 0.7328585127980234, "width": 4000, "height": 3000, "capture_time": 1781537594.0, "translation": [319226.32493730355, 4617478.652007726, 27.49730345132371], "rotation": [1.5876834377280153, 1.285843729546364, -0.885962763808952]}, "geometry": {"type": "Point", "coordinates": [-71.1721718284397, 41.68856624519083, 27.49730345132371]}}, {"type": "Feature", "properties": {"filename": "DJI_20260615152940_0046_V.JPG", "camera": "v2 dji m3t 4000 3000 brown 0.6666", "focal": 0.7328585127980234, "width": 4000, "height": 3000, "capture_time": 1781537380.0, "translation": [319182.65556984686, 4617528.8836742975, 38.52610785704199], "rotation": [1.3916898920042462, -1.943343681231473, 1.0055811770679108]}, "geometry": {"type": "Point", "coordinates": [-71.17271141472288, 41.68900844723958, 38.52610785704199]}}, {"type": "Feature", "properties": {"filename": "DJI_20260615152838_0020_V.JPG", "camera": "v2 dji m3t 4000 3000 brown 0.6666", "focal": 0.7328585127980234, "width": 4000, "height": 3000, "capture_time": 1781537318.0, "translation": [319173.4025461564, 4617451.75817171, 39.35606756424701], "rotation": [2.1214996536194484, -0.6199157254664651, 0.2594163779291311]}, "geometry": {"type": "Point", "coordinates": [-71.17279915353456, 41.68831216464801, 39.35606756424701]}}, {"type": "Feature", "properties": {"filename": "DJI_20260615152923_0039_V.JPG", "camera": "v2 dji m3t 4000 3000 brown 0.6666", "focal": 0.7328585127980234, "width": 4000, "height": 3000, "capture_time": 1781537363.0, "translation": [319177.86403487105, 4617511.410205576, 38.566999812014174], "rotation": [1.4041802967829837, -1.9351595010449438, 1.0040815156881155]}, "geometry": {"type": "Point", "coordinates": [-71.17276365580412, 41.688850086114, 38.566999812014174]}}, {"type": "Feature", "properties": {"filename": "DJI_20260615152804_0006_V.JPG", "camera": "v2 dji m3t 4000 3000 brown 0.6666", "focal": 0.7328585127980234, "width": 4000, "height": 3000, "capture_time": 1781537284.0, "translation": [319200.0798185458, 4617437.4108712915, 33.26374428186094], "rotation": [2.3327291270383115, -0.36517849933068575, 0.1188304645872235]}, "geometry": {"type": "Point", "coordinates": [-71.17247447677568, 41.68818908779579, 33.26374428186094]}}, {"type": "Feature", "properties": {"filename": "DJI_20260615153022_0064_V.JPG", "camera": "v2 dji m3t 4000 3000 brown 0.6666", "focal": 0.7328585127980234, "width": 4000, "height": 3000, "capture_time": 1781537422.0, "translation": [319224.97463822976, 4617571.164191237, 38.99100148605654], "rotation": [0.2553226370225046, 2.726829575514876, -1.3977762114546821]}, "geometry": {"type": "Point", "coordinates": [-71.17221606606749, 41.689398610350814, 38.99100148605654]}}, {"type": "Feature", "properties": {"filename": "DJI_20260615152951_0051_V.JPG", "camera": "v2 dji m3t 4000 3000 brown 0.6666", "focal": 0.7328585127980234, "width": 4000, "height": 3000, "capture_time": 1781537391.0, "translation": [319186.77162614965, 4617542.385006936, 38.5485244165779], "rotation": [1.3825325180943495, -1.9498527540634427, 1.0066222963957456]}, "geometry": {"type": "Point", "coordinates": [-71.17266608089155, 41.6891309030572, 38.5485244165779]}}, {"type": "Feature", "properties": {"filename": "DJI_20260615154049_0035_V.JPG", "camera": "v2 dji m3t 4000 3000 brown 0.6666", "focal": 0.7328585127980234, "width": 4000, "height": 3000, "capture_time": 1781538049.0, "translation": [319192.7030631269, 4617560.058055847, 48.037407836008356], "rotation": [0.9216551539637304, -2.4937744048533066, 1.0818799466256954]}, "geometry": {"type": "Point", "coordinates": [-71.17260021213514, 41.68929131937312, 48.037407836008356]}}, {"type": "Feature", "properties": {"filename": "DJI_20260615153929_0022_V.JPG", "camera": "v2 dji m3t 4000 3000 brown 0.6666", "focal": 0.7328585127980234, "width": 4000, "height": 3000, "capture_time": 1781537969.0, "translation": [319182.49841889826, 4617524.991425255, 46.10852592772013], "rotation": [1.4501879647929152, -2.0445341113067017, 0.905226436480724]}, "geometry": {"type": "Point", "coordinates": [-71.17271212243664, 41.68897337870627, 46.10852592772013]}}, {"type": "Feature", "properties": {"filename": "DJI_20260615153044_0073_V.JPG", "camera": "v2 dji m3t 4000 3000 brown 0.6666", "focal": 0.7328585127980234, "width": 4000, "height": 3000, "capture_time": 1781537444.0, "translation": [319260.0893479214, 4617551.232109877, 38.94418535988422], "rotation": [1.3447943340311108, 1.9939462233172454, -1.02590946347285]}, "geometry": {"type": "Point", "coordinates": [-71.17178837835628, 41.689227180682195, 38.94418535988422]}}, {"type": "Feature", "properties": {"filename": "DJI_20260615153321_0125_V.JPG", "camera": "v2 dji m3t 4000 3000 brown 0.6666", "focal": 0.7328585127980234, "width": 4000, "height": 3000, "capture_time": 1781537601.0, "translation": [319225.74778119934, 4617475.28248652, 27.50612209139582], "rotation": [1.5842413045947343, 1.2922655690227614, -0.8876114262943504]}, "geometry": {"type": "Point", "coordinates": [-71.17217773806817, 41.68853578618904, 27.50612209139582]}}, {"type": "Feature", "properties": {"filename": "DJI_20260615153020_0063_V.JPG", "camera": "v2 dji m3t 4000 3000 brown 0.6666", "focal": 0.7328585127980234, "width": 4000, "height": 3000, "capture_time": 1781537420.0, "translation": [319220.80379075854, 4617571.382527348, 38.924373602728885], "rotation": [0.12480142571439642, 2.773178695761785, -1.423945894462769]}, "geometry": {"type": "Point", "coordinates": [-71.17226621496657, 41.68939962846568, 38.924373602728885]}}, {"type": "Feature", "properties": {"filename": "DJI_20260615152935_0044_V.JPG", "camera": "v2 dji m3t 4000 3000 brown 0.6666", "focal": 0.7328585127980234, "width": 4000, "height": 3000, "capture_time": 1781537375.0, "translation": [319181.2423775716, 4617523.5012257835, 38.525352002599654], "rotation": [1.3952721860690835, -1.9397893179094399, 1.0065960547845494]}, "geometry": {"type": "Point", "coordinates": [-71.17272675312394, 41.68895968065095, 38.525352002599654]}}, {"type": "Feature", "properties": {"filename": "DJI_20260615153330_0129_V.JPG", "camera": "v2 dji m3t 4000 3000 brown 0.6666", "focal": 0.7328585127980234, "width": 4000, "height": 3000, "capture_time": 1781537610.0, "translation": [319223.98521157395, 4617467.752945846, 27.53277255833026], "rotation": [1.6415526527644209, 1.1927237493553762, -0.826627207132858]}, "geometry": {"type": "Point", "coordinates": [-71.17219662159545, 41.688467615059984, 27.53277255833026]}}, {"type": "Feature", "properties": {"filename": "DJI_20260615153018_0062_V.JPG", "camera": "v2 dji m3t 4000 3000 brown 0.6666", "focal": 0.7328585127980234, "width": 4000, "height": 3000, "capture_time": 1781537418.0, "translation": [319216.6711899274, 4617571.10016474, 38.85814682925891], "rotation": [0.10965283323668731, -2.7409796822425365, 1.4088342943881171]}, "geometry": {"type": "Point", "coordinates": [-71.17231575292648, 41.68939614861952, 38.85814682925891]}}, {"type": "Feature", "properties": {"filename": "DJI_20260615152906_0032_V.JPG", "camera": "v2 dji m3t 4000 3000 brown 0.6666", "focal": 0.7328585127980234, "width": 4000, "height": 3000, "capture_time": 1781537346.0, "translation": [319172.62824182754, 4617493.058162223, 38.775197025806236], "rotation": [1.4139515337433888, -1.9258259274941423, 1.0037569061913545]}, "geometry": {"type": "Point", "coordinates": [-71.17282096494198, 41.68868371630695, 38.775197025806236]}}, {"type": "Feature", "properties": {"filename": "DJI_20260615152854_0027_V.JPG", "camera": "v2 dji m3t 4000 3000 brown 0.6666", "focal": 0.7328585127980234, "width": 4000, "height": 3000, "capture_time": 1781537334.0, "translation": [319168.7507807939, 4617479.269364812, 38.92831692641511], "rotation": [1.4178126858395736, -1.9182687147331015, 1.0038654998123793]}, "geometry": {"type": "Point", "coordinates": [-71.1728633461258, 41.688558727250346, 38.92831692641511]}}, {"type": "Feature", "properties": {"filename": "DJI_20260615152932_0043_V.JPG", "camera": "v2 dji m3t 4000 3000 brown 0.6666", "focal": 0.7328585127980234, "width": 4000, "height": 3000, "capture_time": 1781537372.0, "translation": [319180.53305227857, 4617520.98535822, 38.523293102167486], "rotation": [1.3975998227570663, -1.93760021618984, 1.0073696290850722]}, "geometry": {"type": "Point", "coordinates": [-71.17273450821907, 41.68893687506352, 38.523293102167486]}}, {"type": "Feature", "properties": {"filename": "DJI_20260615153008_0058_V.JPG", "camera": "v2 dji m3t 4000 3000 brown 0.6666", "focal": 0.7328585127980234, "width": 4000, "height": 3000, "capture_time": 1781537408.0, "translation": [319202.55133965064, 4617563.977055244, 38.711099163903505], "rotation": [0.7638436581380346, -2.4383241933909123, 1.252080482157362]}, "geometry": {"type": "Point", "coordinates": [-71.17248314339203, 41.68932882949985, 38.711099163903505]}}, {"type": "Feature", "properties": {"filename": "DJI_20260615153157_0104_V.JPG", "camera": "v2 dji m3t 4000 3000 brown 0.6666", "focal": 0.7328585127980234, "width": 4000, "height": 3000, "capture_time": 1781537517.0, "translation": [319243.0654168354, 4617495.111376527, 38.60825708262779], "rotation": [1.9279642898499136, 1.373145952697169, -0.6236921959650271]}, "geometry": {"type": "Point", "coordinates": [-71.17197579971833, 41.688718191420776, 38.60825708262779]}}, {"type": "Feature", "properties": {"filename": "DJI_20260615153131_0093_V.JPG", "camera": "v2 dji m3t 4000 3000 brown 0.6666", "focal": 0.7328585127980234, "width": 4000, "height": 3000, "capture_time": 1781537491.0, "translation": [319248.3588727124, 4617512.126132277, 38.71506530331126], "rotation": [1.9264861920756016, 1.371226788215701, -0.6172068821708775]}, "geometry": {"type": "Point", "coordinates": [-71.17191739092193, 41.68887253746051, 38.71506530331126]}}, {"type": "Feature", "properties": {"filename": "DJI_20260615152745_0001_V.JPG", "camera": "v2 dji m3t 4000 3000 brown 0.6666", "focal": 0.7328585127980234, "width": 4000, "height": 3000, "capture_time": 1781537265.0, "translation": [319188.963067757, 4617440.96526581, 33.55178862218848], "rotation": [2.1670328622163555, -0.31464689374988736, 0.12242776025131367]}, "geometry": {"type": "Point", "coordinates": [-71.17260903898134, 41.68821855520598, 33.55178862218848]}}, {"type": "Feature", "properties": {"filename": "DJI_20260615153124_0090_V.JPG", "camera": "v2 dji m3t 4000 3000 brown 0.6666", "focal": 0.7328585127980234, "width": 4000, "height": 3000, "capture_time": 1781537484.0, "translation": [319249.51004511735, 4617515.734719665, 38.749428498454], "rotation": [1.9265188183422541, 1.3732058730664094, -0.6160681400141406]}, "geometry": {"type": "Point", "coordinates": [-71.1719046609242, 41.68890527852567, 38.749428498454]}}, {"type": "Feature", "properties": {"filename": "DJI_20260615153214_0111_V.JPG", "camera": "v2 dji m3t 4000 3000 brown 0.6666", "focal": 0.7328585127980234, "width": 4000, "height": 3000, "capture_time": 1781537534.0, "translation": [319238.6020790961, 4617480.3015537765, 38.62442229271881], "rotation": [1.9281304185005173, 1.376938144552144, -0.6386076679168308]}, "geometry": {"type": "Point", "coordinates": [-71.17202490832537, 41.68858387970498, 38.62442229271881]}}, {"type": "Feature", "properties": {"filename": "DJI_20260615153122_0089_V.JPG", "camera": "v2 dji m3t 4000 3000 brown 0.6666", "focal": 0.7328585127980234, "width": 4000, "height": 3000, "capture_time": 1781537482.0, "translation": [319249.9560576543, 4617517.242284674, 38.78245562345563], "rotation": [1.9255711860330413, 1.3734125783583087, -0.6161967268330453]}, "geometry": {"type": "Point", "coordinates": [-71.17189976193393, 41.68891894888302, 38.78245562345563]}}, {"type": "Feature", "properties": {"filename": "DJI_20260615153127_0091_V.JPG", "camera": "v2 dji m3t 4000 3000 brown 0.6666", "focal": 0.7328585127980234, "width": 4000, "height": 3000, "capture_time": 1781537487.0, "translation": [319249.19485187036, 4617514.744461766, 38.73593265057336], "rotation": [1.9266162752888698, 1.3728013577489344, -0.6159119207106956]}, "geometry": {"type": "Point", "coordinates": [-71.17190814575132, 41.68889629398011, 38.73593265057336]}}, {"type": "Feature", "properties": {"filename": "DJI_20260615154039_0031_V.JPG", "camera": "v2 dji m3t 4000 3000 brown 0.6666", "focal": 0.7328585127980234, "width": 4000, "height": 3000, "capture_time": 1781538039.0, "translation": [319174.28335252515, 4617531.334066548, 48.15217840870791], "rotation": [1.516757449587676, -2.0058005625250868, 0.8812368069790916]}, "geometry": {"type": "Point", "coordinates": [-71.17281268858272, 41.689028600921226, 48.15217840870791]}}, {"type": "Feature", "properties": {"filename": "DJI_20260615153117_0087_V.JPG", "camera": "v2 dji m3t 4000 3000 brown 0.6666", "focal": 0.7328585127980234, "width": 4000, "height": 3000, "capture_time": 1781537477.0, "translation": [319251.1762679544, 4617521.08030929, 38.84779915942304], "rotation": [1.9245903753760494, 1.3744412977520262, -0.6158633968115339]}, "geometry": {"type": "Point", "coordinates": [-71.1718862724211, 41.68895377070937, 38.84779915942304]}}, {"type": "Feature", "properties": {"filename": "DJI_20260615142220_0045_V.JPG", "camera": "v2 dji m3t 4000 3000 brown 0.6666", "focal": 0.7328585127980234, "width": 4000, "height": 3000, "capture_time": 1781533340.0, "translation": [319183.66009066446, 4617370.030819195, 87.98913099258158], "rotation": [2.328018899172197, -0.398738862886397, 0.19444205617538493]}, "geometry": {"type": "Point", "coordinates": [-71.17265122383935, 41.68757889332554, 87.98913099258158]}}, {"type": "Feature", "properties": {"filename": "DJI_20260615153847_0004_V.JPG", "camera": "v2 dji m3t 4000 3000 brown 0.6666", "focal": 0.7328585127980234, "width": 4000, "height": 3000, "capture_time": 1781537927.0, "translation": [319189.02073225105, 4617441.367408978, 33.27870426373344], "rotation": [2.1858742981160506, 0.14719863199604802, -0.13682772148844588]}, "geometry": {"type": "Point", "coordinates": [-71.17260846840598, 41.68822218785949, 33.27870426373344]}}, {"type": "Feature", "properties": {"filename": "DJI_20260615152911_0034_V.JPG", "camera": "v2 dji m3t 4000 3000 brown 0.6666", "focal": 0.7328585127980234, "width": 4000, "height": 3000, "capture_time": 1781537351.0, "translation": [319174.0884365504, 4617497.979531354, 38.72072738328131], "rotation": [1.4123412074294155, -1.9265755239513396, 1.0045941207323719]}, "geometry": {"type": "Point", "coordinates": [-71.1728049225716, 41.688728343559866, 38.72072738328131]}}, {"type": "Feature", "properties": {"filename": "DJI_20260615152947_0049_V.JPG", "camera": "v2 dji m3t 4000 3000 brown 0.6666", "focal": 0.7328585127980234, "width": 4000, "height": 3000, "capture_time": 1781537387.0, "translation": [319185.0081936592, 4617536.506930075, 38.49928470104728], "rotation": [1.386147314120854, -1.9480973228449037, 1.0061846007418913]}, "geometry": {"type": "Point", "coordinates": [-71.17268547478045, 41.68907759594451, 38.49928470104728]}}, {"type": "Feature", "properties": {"filename": "DJI_20260615153224_0115_V.JPG", "camera": "v2 dji m3t 4000 3000 brown 0.6666", "focal": 0.7328585127980234, "width": 4000, "height": 3000, "capture_time": 1781537544.0, "translation": [319233.9486565731, 4617480.006482679, 38.72830543175994], "rotation": [2.239951162649648, 1.61836515694271, -0.37991947381694346]}, "geometry": {"type": "Point", "coordinates": [-71.17208069568005, 41.688580167342174, 38.72830543175994]}}, {"type": "Feature", "properties": {"filename": "DJI_20260615154034_0029_V.JPG", "camera": "v2 dji m3t 4000 3000 brown 0.6666", "focal": 0.7328585127980234, "width": 4000, "height": 3000, "capture_time": 1781538034.0, "translation": [319174.38727328175, 4617514.806422315, 48.09002138704795], "rotation": [1.9076118896819727, -1.5257800726208024, 0.681167205000114]}, "geometry": {"type": "Point", "coordinates": [-71.1728064327989, 41.688879864690506, 48.09002138704795]}}, {"type": "Feature", "properties": {"filename": "DJI_20260615153456_0165_V.JPG", "camera": "v2 dji m3t 4000 3000 brown 0.6666", "focal": 0.7328585127980234, "width": 4000, "height": 3000, "capture_time": 1781537696.0, "translation": [319239.2220745895, 4617513.551316455, 27.515243730840343], "rotation": [2.126487371506445, 0.844989747812851, -0.39436456182045887]}, "geometry": {"type": "Point", "coordinates": [-71.17202753469236, 41.688883290700815, 27.515243730840343]}}, {"type": "Feature", "properties": {"filename": "DJI_20260615154030_0027_V.JPG", "camera": "v2 dji m3t 4000 3000 brown 0.6666", "focal": 0.7328585127980234, "width": 4000, "height": 3000, "capture_time": 1781538030.0, "translation": [319184.6256197789, 4617497.344874937, 47.56238686422968], "rotation": [2.1922902009150507, -0.9051613127941289, 0.38840911775220804]}, "geometry": {"type": "Point", "coordinates": [-71.17267820310423, 41.688725024380666, 47.56238686422968]}}, {"type": "Feature", "properties": {"filename": "DJI_20260615152904_0031_V.JPG", "camera": "v2 dji m3t 4000 3000 brown 0.6666", "focal": 0.7328585127980234, "width": 4000, "height": 3000, "capture_time": 1781537344.0, "translation": [319172.1135350253, 4617491.028460594, 38.790864787296115], "rotation": [1.4144040361869759, -1.9232165586345669, 1.0031074397032131]}, "geometry": {"type": "Point", "coordinates": [-71.17282653036915, 41.68866533073439, 38.790864787296115]}}, {"type": "Feature", "properties": {"filename": "DJI_20260615154044_0033_V.JPG", "camera": "v2 dji m3t 4000 3000 brown 0.6666", "focal": 0.7328585127980234, "width": 4000, "height": 3000, "capture_time": 1781538044.0, "translation": [319181.66930329596, 4617547.238974363, 48.12095100056888], "rotation": [1.226294789715767, -2.2723263835439886, 0.989517680569853]}, "geometry": {"type": "Point", "coordinates": [-71.17272881908299, 41.689173433206406, 48.12095100056888]}}, {"type": "Feature", "properties": {"filename": "DJI_20260615155013_0331_V.JPG", "camera": "v2 dji m3t 4000 3000 brown 0.6666", "focal": 0.7328585127980234, "width": 4000, "height": 3000, "capture_time": 1781538613.0, "translation": [319336.69337343634, 4617529.787971759, 124.06900637029975], "rotation": [1.6409858376966089, 1.8119605937816434, -1.1077917209609016]}, "geometry": {"type": "Point", "coordinates": [-71.17086204139093, 41.68905155566705, 124.06900637029975]}}, {"type": "Feature", "properties": {"filename": "DJI_20260615153200_0105_V.JPG", "camera": "v2 dji m3t 4000 3000 brown 0.6666", "focal": 0.7328585127980234, "width": 4000, "height": 3000, "capture_time": 1781537520.0, "translation": [319242.54174512386, 4617493.298703418, 38.600141723420755], "rotation": [1.9284517280870521, 1.3723452159340785, -0.6260984304964274]}, "geometry": {"type": "Point", "coordinates": [-71.17198153877317, 41.68870175725086, 38.600141723420755]}}, {"type": "Feature", "properties": {"filename": "DJI_20260615155012_0330_V.JPG", "camera": "v2 dji m3t 4000 3000 brown 0.6666", "focal": 0.7328585127980234, "width": 4000, "height": 3000, "capture_time": 1781538612.0, "translation": [319344.6752979858, 4617531.788749033, 129.5082285598955], "rotation": [1.5491842317534286, 2.102742435486767, -1.0009542974500611]}, "geometry": {"type": "Point", "coordinates": [-71.17076680202783, 41.68907137524169, 129.5082285598955]}}, {"type": "Feature", "properties": {"filename": "DJI_20260615152944_0048_V.JPG", "camera": "v2 dji m3t 4000 3000 brown 0.6666", "focal": 0.7328585127980234, "width": 4000, "height": 3000, "capture_time": 1781537384.0, "translation": [319184.19402127306, 4617533.84029952, 38.51432391630367], "rotation": [1.3881353052424639, -1.9469761377065273, 1.0065728368750089]}, "geometry": {"type": "Point", "coordinates": [-71.1726944432005, 41.68905340957996, 38.51432391630367]}}, {"type": "Feature", "properties": {"filename": "DJI_20260615153110_0084_V.JPG", "camera": "v2 dji m3t 4000 3000 brown 0.6666", "focal": 0.7328585127980234, "width": 4000, "height": 3000, "capture_time": 1781537470.0, "translation": [319252.7696217908, 4617526.03164968, 38.95867377719382], "rotation": [1.923658835357997, 1.376696792199315, -0.613558916011978]}, "geometry": {"type": "Point", "coordinates": [-71.17186863947668, 41.68899869783878, 38.95867377719382]}}, {"type": "Feature", "properties": {"filename": "DJI_20260615153842_0002_V.JPG", "camera": "v2 dji m3t 4000 3000 brown 0.6666", "focal": 0.7328585127980234, "width": 4000, "height": 3000, "capture_time": 1781537922.0, "translation": [319189.1815247682, 4617441.738470022, 33.225015499024465], "rotation": [2.165771561127552, -0.4137281315127898, 0.1779848436443938]}, "geometry": {"type": "Point", "coordinates": [-71.17260665009445, 41.6882255641733, 33.225015499024465]}}, {"type": "Feature", "properties": {"filename": "DJI_20260615152753_0003_V.JPG", "camera": "v2 dji m3t 4000 3000 brown 0.6666", "focal": 0.7328585127980234, "width": 4000, "height": 3000, "capture_time": 1781537273.0, "translation": [319197.80729257345, 4617437.995388978, 33.35473674237181], "rotation": [2.1682440341589264, -0.3242530941474871, 0.13202890775102755]}, "geometry": {"type": "Point", "coordinates": [-71.17250194140892, 41.68819383278777, 33.35473674237181]}}, {"type": "Feature", "properties": {"filename": "DJI_20260615152807_0007_V.JPG", "camera": "v2 dji m3t 4000 3000 brown 0.6666", "focal": 0.7328585127980234, "width": 4000, "height": 3000, "capture_time": 1781537287.0, "translation": [319200.23880590056, 4617437.302234733, 33.24402560051272], "rotation": [2.3324642594680234, -0.36489956816415015, 0.1203856577100317]}, "geometry": {"type": "Point", "coordinates": [-71.17247253480997, 41.68818814609747, 33.24402560051272]}}, {"type": "Feature", "properties": {"filename": "DJI_20260615153342_0134_V.JPG", "camera": "v2 dji m3t 4000 3000 brown 0.6666", "focal": 0.7328585127980234, "width": 4000, "height": 3000, "capture_time": 1781537622.0, "translation": [319220.2050635111, 4617455.761836722, 27.718840862513794], "rotation": [1.644834013316399, 1.2020185510109676, -0.8482419398990033]}, "geometry": {"type": "Point", "coordinates": [-71.17223837992834, 41.688358828702604, 27.718840862513794]}}, {"type": "Feature", "properties": {"filename": "DJI_20260615142556_0116_V.JPG", "camera": "v2 dji m3t 4000 3000 brown 0.6666", "focal": 0.7328585127980234, "width": 4000, "height": 3000, "capture_time": 1781533556.0, "translation": [319331.73700930626, 4617505.868668851, 88.0291957742821], "rotation": [2.0011582830137837, 1.4123753737487204, -0.5732110527262461]}, "geometry": {"type": "Point", "coordinates": [-71.17091431490002, 41.6888351409855, 88.0291957742821]}}, {"type": "Feature", "properties": {"filename": "DJI_20260615142520_0101_V.JPG", "camera": "v2 dji m3t 4000 3000 brown 0.6666", "focal": 0.7328585127980234, "width": 4000, "height": 3000, "capture_time": 1781533520.0, "translation": [319254.5991090189, 4617452.006636155, 87.9928913792298], "rotation": [2.0123063853750423, 1.4005911450759623, -0.5584467486784125]}, "geometry": {"type": "Point", "coordinates": [-71.17182425191501, 41.688332838164165, 87.9928913792298]}}, {"type": "Feature", "properties": {"filename": "DJI_20260615152909_0033_V.JPG", "camera": "v2 dji m3t 4000 3000 brown 0.6666", "focal": 0.7328585127980234, "width": 4000, "height": 3000, "capture_time": 1781537349.0, "translation": [319173.30817896157, 4617495.45805929, 38.764129733138454], "rotation": [1.4130675755224187, -1.9265747725463036, 1.0049643599536624]}, "geometry": {"type": "Point", "coordinates": [-71.17281352764869, 41.68870547141305, 38.764129733138454]}}, {"type": "Feature", "properties": {"filename": "DJI_20260615153932_0023_V.JPG", "camera": "v2 dji m3t 4000 3000 brown 0.6666", "focal": 0.7328585127980234, "width": 4000, "height": 3000, "capture_time": 1781537972.0, "translation": [319183.1636781881, 4617526.843406565, 46.1008083999825], "rotation": [1.450821454385843, -2.043974471781137, 0.9064782482540654]}, "geometry": {"type": "Point", "coordinates": [-71.17270469531223, 41.688990198864495, 46.1008083999825]}}, {"type": "Feature", "properties": {"filename": "DJI_20260615153501_0167_V.JPG", "camera": "v2 dji m3t 4000 3000 brown 0.6666", "focal": 0.7328585127980234, "width": 4000, "height": 3000, "capture_time": 1781537701.0, "translation": [319241.19628008525, 4617515.192071685, 27.574639256461115], "rotation": [1.9586300801331118, 0.6388056473787558, -0.38322949058337813]}, "geometry": {"type": "Point", "coordinates": [-71.17200432595564, 41.688898506824856, 27.574639256461115]}}, {"type": "Feature", "properties": {"filename": "DJI_20260615153037_0070_V.JPG", "camera": "v2 dji m3t 4000 3000 brown 0.6666", "focal": 0.7328585127980234, "width": 4000, "height": 3000, "capture_time": 1781537437.0, "translation": [319250.125639518, 4617562.050107783, 39.175991779005074], "rotation": [0.8807489745164512, 2.3991640760545008, -1.227478241578488]}, "geometry": {"type": "Point", "coordinates": [-71.1719112969891, 41.68932228793919, 39.175991779005074]}}, {"type": "Feature", "properties": {"filename": "DJI_20260615142454_0095_V.JPG", "camera": "v2 dji m3t 4000 3000 brown 0.6666", "focal": 0.7328585127980234, "width": 4000, "height": 3000, "capture_time": 1781533494.0, "translation": [319245.7009456829, 4617535.295130415, 87.73075208868111], "rotation": [0.4815947777146669, 2.7528021664608584, -1.1046957933847914]}, "geometry": {"type": "Point", "coordinates": [-71.17195632408324, 41.689080470598824, 87.73075208868111]}}, {"type": "Feature", "properties": {"filename": "DJI_20260615142420_0081_V.JPG", "camera": "v2 dji m3t 4000 3000 brown 0.6666", "focal": 0.7328585127980234, "width": 4000, "height": 3000, "capture_time": 1781533460.0, "translation": [319196.6979775876, 4617515.496995488, 87.91503211678398], "rotation": [0.4824480241505722, 2.7620793941661184, -1.1076331823972219]}, "geometry": {"type": "Point", "coordinates": [-71.1725387414614, 41.68889114726216, 87.91503211678398]}}, {"type": "Feature", "properties": {"filename": "DJI_20260615153435_0156_V.JPG", "camera": "v2 dji m3t 4000 3000 brown 0.6666", "focal": 0.7328585127980234, "width": 4000, "height": 3000, "capture_time": 1781537675.0, "translation": [319232.5671218027, 4617494.927670951, 27.49628294601399], "rotation": [1.9023123351649274, 1.3803583151906258, -0.6467283223965911]}, "geometry": {"type": "Point", "coordinates": [-71.17210180432808, 41.688714154397644, 27.49628294601399]}}, {"type": "Feature", "properties": {"filename": "DJI_20260615153039_0071_V.JPG", "camera": "v2 dji m3t 4000 3000 brown 0.6666", "focal": 0.7328585127980234, "width": 4000, "height": 3000, "capture_time": 1781537439.0, "translation": [319254.0225937039, 4617558.910132484, 39.09272765878804], "rotation": [1.036545202657736, 2.2809476562648774, -1.1695908251236704]}, "geometry": {"type": "Point", "coordinates": [-71.17186355211312, 41.689294910768545, 39.09272765878804]}}, {"type": "Feature", "properties": {"filename": "DJI_20260615152835_0019_V.JPG", "camera": "v2 dji m3t 4000 3000 brown 0.6666", "focal": 0.7328585127980234, "width": 4000, "height": 3000, "capture_time": 1781537315.0, "translation": [319173.7221080709, 4617451.021824189, 39.2496593820217], "rotation": [2.039235169179335, -0.9235020683999715, 0.4410808866282464]}, "geometry": {"type": "Point", "coordinates": [-71.17279509325142, 41.68830560960644, 39.2496593820217]}}, {"type": "Feature", "properties": {"filename": "DJI_20260615153425_0152_V.JPG", "camera": "v2 dji m3t 4000 3000 brown 0.6666", "focal": 0.7328585127980234, "width": 4000, "height": 3000, "capture_time": 1781537665.0, "translation": [319229.1890618113, 4617485.086078701, 27.503259308313098], "rotation": [1.904735956458517, 1.379931009354693, -0.6450692646931542]}, "geometry": {"type": "Point", "coordinates": [-71.17213938592684, 41.6886248064631, 27.503259308313098]}}, {"type": "Feature", "properties": {"filename": "DJI_20260615153420_0150_V.JPG", "camera": "v2 dji m3t 4000 3000 brown 0.6666", "focal": 0.7328585127980234, "width": 4000, "height": 3000, "capture_time": 1781537660.0, "translation": [319227.1303654567, 4617479.148044145, 27.505159546363814], "rotation": [1.9077600729748012, 1.3788247052697842, -0.6459196296758332]}, "geometry": {"type": "Point", "coordinates": [-71.17216230738678, 41.68857089272796, 27.505159546363814]}}, {"type": "Feature", "properties": {"filename": "DJI_20260615152847_0024_V.JPG", "camera": "v2 dji m3t 4000 3000 brown 0.6666", "focal": 0.7328585127980234, "width": 4000, "height": 3000, "capture_time": 1781537327.0, "translation": [319166.1148156923, 4617465.098625042, 38.979138539327074], "rotation": [1.5814069042061483, -1.7340077607963411, 0.9074139465239204]}, "geometry": {"type": "Point", "coordinates": [-71.17289070400068, 41.68843058242424, 38.979138539327074]}}, {"type": "Feature", "properties": {"filename": "DJI_20260615153221_0114_V.JPG", "camera": "v2 dji m3t 4000 3000 brown 0.6666", "focal": 0.7328585127980234, "width": 4000, "height": 3000, "capture_time": 1781537541.0, "translation": [319236.043780058, 4617479.6951513365, 38.81700344255252], "rotation": [1.9276782387483116, 1.379575594139905, -0.6396207026762755]}, "geometry": {"type": "Point", "coordinates": [-71.17205544384349, 41.688577840835926, 38.81700344255252]}}, {"type": "Feature", "properties": {"filename": "DJI_20260615142251_0058_V.JPG", "camera": "v2 dji m3t 4000 3000 brown 0.6666", "focal": 0.7328585127980234, "width": 4000, "height": 3000, "capture_time": 1781533371.0, "translation": [319170.26683344675, 4617444.534426581, 87.7442057625748], "rotation": [2.3387618268583865, -0.3947621889186689, 0.1535607232061676]}, "geometry": {"type": "Point", "coordinates": [-71.17283461714614, 41.68824643392522, 87.7442057625748]}}, {"type": "Feature", "properties": {"filename": "DJI_20260615153318_0124_V.JPG", "camera": "v2 dji m3t 4000 3000 brown 0.6666", "focal": 0.7328585127980234, "width": 4000, "height": 3000, "capture_time": 1781537598.0, "translation": [319225.94401812914, 4617476.646454708, 27.49282348783252], "rotation": [1.5857347992920876, 1.289944390486034, -0.8868341813726676]}, "geometry": {"type": "Point", "coordinates": [-71.17217579488356, 41.68854810737611, 27.49282348783252]}}, {"type": "Feature", "properties": {"filename": "DJI_20260615153051_0076_V.JPG", "camera": "v2 dji m3t 4000 3000 brown 0.6666", "focal": 0.7328585127980234, "width": 4000, "height": 3000, "capture_time": 1781537451.0, "translation": [319258.88881657436, 4617542.072180181, 39.07080359261171], "rotation": [1.8308266687875245, 1.5291941629080144, -0.6742672106800494]}, "geometry": {"type": "Point", "coordinates": [-71.17180001985383, 41.68914446260437, 39.07080359261171]}}, {"type": "Feature", "properties": {"filename": "DJI_20260615152930_0042_V.JPG", "camera": "v2 dji m3t 4000 3000 brown 0.6666", "focal": 0.7328585127980234, "width": 4000, "height": 3000, "capture_time": 1781537370.0, "translation": [319179.86873648135, 4617518.588229937, 38.54911850816709], "rotation": [1.4000063831441607, -1.9366487612386707, 1.0075057557842029]}, "geometry": {"type": "Point", "coordinates": [-71.17274175882487, 41.68891514843083, 38.54911850816709]}}, {"type": "Feature", "properties": {"filename": "DJI_20260615142334_0069_V.JPG", "camera": "v2 dji m3t 4000 3000 brown 0.6666", "focal": 0.7328585127980234, "width": 4000, "height": 3000, "capture_time": 1781533414.0, "translation": [319113.1493782463, 4617536.978741434, 87.98367551947419], "rotation": [1.4819242599992384, -2.090526335396109, 0.8460081348954199]}, "geometry": {"type": "Point", "coordinates": [-71.17354848014025, 41.68906551941518, 87.98367551947419]}}, {"type": "Feature", "properties": {"filename": "DJI_20260615142530_0105_V.JPG", "camera": "v2 dji m3t 4000 3000 brown 0.6666", "focal": 0.7328585127980234, "width": 4000, "height": 3000, "capture_time": 1781533530.0, "translation": [319314.2891532915, 4617462.274102286, 88.08820449159217], "rotation": [2.0150912366365747, 1.4048729332128413, -0.5727676648168712]}, "geometry": {"type": "Point", "coordinates": [-71.17111062496622, 41.688438800777526, 88.08820449159217]}}, {"type": "Feature", "properties": {"filename": "DJI_20260615153413_0147_V.JPG", "camera": "v2 dji m3t 4000 3000 brown 0.6666", "focal": 0.7328585127980234, "width": 4000, "height": 3000, "capture_time": 1781537653.0, "translation": [319224.4306862879, 4617470.744929367, 27.545343693118788], "rotation": [1.906033238494176, 1.3844905527240632, -0.6564863200337298]}, "geometry": {"type": "Point", "coordinates": [-71.17219217880353, 41.688494646070666, 27.545343693118788]}}, {"type": "Feature", "properties": {"filename": "DJI_20260615154037_0030_V.JPG", "camera": "v2 dji m3t 4000 3000 brown 0.6666", "focal": 0.7328585127980234, "width": 4000, "height": 3000, "capture_time": 1781538037.0, "translation": [319172.9865803147, 4617522.888256209, 48.103030043895224], "rotation": [1.714358722379178, -1.777164429302857, 0.7844211237064485]}, "geometry": {"type": "Point", "coordinates": [-71.17282570075356, 41.68895228846141, 48.103030043895224]}}, {"type": "Feature", "properties": {"filename": "DJI_20260615153338_0132_V.JPG", "camera": "v2 dji m3t 4000 3000 brown 0.6666", "focal": 0.7328585127980234, "width": 4000, "height": 3000, "capture_time": 1781537618.0, "translation": [319222.2136140142, 4617462.022107865, 27.598393900445704], "rotation": [1.6444105214022853, 1.1956746912569842, -0.835450734896065]}, "geometry": {"type": "Point", "coordinates": [-71.17221615834353, 41.68841563141128, 27.598393900445704]}}, {"type": "Feature", "properties": {"filename": "DJI_20260615153404_0143_V.JPG", "camera": "v2 dji m3t 4000 3000 brown 0.6666", "focal": 0.7328585127980234, "width": 4000, "height": 3000, "capture_time": 1781537644.0, "translation": [319221.5977443331, 4617461.930134366, 27.611066823815552], "rotation": [1.9047950276811714, 1.3946449044489977, -0.6693595592969162]}, "geometry": {"type": "Point", "coordinates": [-71.17222352561905, 41.688414663749136, 27.611066823815552]}}, {"type": "Feature", "properties": {"filename": "DJI_20260615142358_0079_V.JPG", "camera": "v2 dji m3t 4000 3000 brown 0.6666", "focal": 0.7328585127980234, "width": 4000, "height": 3000, "capture_time": 1781533438.0, "translation": [319129.8417591845, 4617580.768333222, 87.89837216296678], "rotation": [1.4752539880295301, -2.090420769197032, 0.8497086853496509]}, "geometry": {"type": "Point", "coordinates": [-71.17336131419873, 41.689463447163625, 87.89837216296678]}}, {"type": "Feature", "properties": {"filename": "DJI_20260615153922_0019_V.JPG", "camera": "v2 dji m3t 4000 3000 brown 0.6666", "focal": 0.7328585127980234, "width": 4000, "height": 3000, "capture_time": 1781537962.0, "translation": [319178.99402763584, 4617514.621091872, 46.12968649442641], "rotation": [1.4462386404175391, -2.0482499429803807, 0.9094716878151498]}, "geometry": {"type": "Point", "coordinates": [-71.17275106006157, 41.68887924287693, 46.12968649442641]}}, {"type": "Feature", "properties": {"filename": "DJI_20260615152901_0030_V.JPG", "camera": "v2 dji m3t 4000 3000 brown 0.6666", "focal": 0.7328585127980234, "width": 4000, "height": 3000, "capture_time": 1781537341.0, "translation": [319171.4520268691, 4617488.826785081, 38.82813196919044], "rotation": [1.4157776665208501, -1.921637073540505, 1.0030138062688552]}, "geometry": {"type": "Point", "coordinates": [-71.17283380642674, 41.6886453639396, 38.82813196919044]}}, {"type": "Feature", "properties": {"filename": "DJI_20260615142349_0075_V.JPG", "camera": "v2 dji m3t 4000 3000 brown 0.6666", "focal": 0.7328585127980234, "width": 4000, "height": 3000, "capture_time": 1781533429.0, "translation": [319199.07303345256, 4617549.94341085, 87.66700829524419], "rotation": [1.484511514276646, -2.0923962930523485, 0.8391836503472696]}, "geometry": {"type": "Point", "coordinates": [-71.17252065846446, 41.689201727414364, 87.66700829524419]}}, {"type": "Feature", "properties": {"filename": "DJI_20260615155022_0343_V.JPG", "camera": "v2 dji m3t 4000 3000 brown 0.6666", "focal": 0.7328585127980234, "width": 4000, "height": 3000, "capture_time": 1781538622.0, "translation": [319227.9828774909, 4617490.6267319815, 118.14653736920951], "rotation": [1.7314845810197577, 2.148939625336263, -0.7259002867989899]}, "geometry": {"type": "Point", "coordinates": [-71.17215554770337, 41.68867440219933, 118.14653736920951]}}, {"type": "Feature", "properties": {"filename": "DJI_20260615152954_0052_V.JPG", "camera": "v2 dji m3t 4000 3000 brown 0.6666", "focal": 0.7328585127980234, "width": 4000, "height": 3000, "capture_time": 1781537394.0, "translation": [319187.5061695988, 4617545.257817166, 38.52786110757297], "rotation": [1.3679367052185682, -1.9662433675302566, 1.0140859059743217]}, "geometry": {"type": "Point", "coordinates": [-71.17265813108601, 41.68915692709021, 38.52786110757297]}}, {"type": "Feature", "properties": {"filename": "DJI_20260615153049_0075_V.JPG", "camera": "v2 dji m3t 4000 3000 brown 0.6666", "focal": 0.7328585127980234, "width": 4000, "height": 3000, "capture_time": 1781537449.0, "translation": [319259.03577203344, 4617546.732732365, 39.06511037439941], "rotation": [1.499562755327515, 1.825291057012505, -0.9310686156895631]}, "geometry": {"type": "Point", "coordinates": [-71.17179966676348, 41.68918644407402, 39.06511037439941]}}, {"type": "Feature", "properties": {"filename": "DJI_20260615153451_0163_V.JPG", "camera": "v2 dji m3t 4000 3000 brown 0.6666", "focal": 0.7328585127980234, "width": 4000, "height": 3000, "capture_time": 1781537691.0, "translation": [319237.8501692326, 4617510.336141161, 27.557474346673928], "rotation": [1.9034212804297441, 1.3745671517795952, -0.64182512164791]}, "geometry": {"type": "Point", "coordinates": [-71.17204303428399, 41.68885404048115, 27.557474346673928]}}, {"type": "Feature", "properties": {"filename": "DJI_20260615154133_0042_V.JPG", "camera": "v2 dji m3t 4000 3000 brown 0.6666", "focal": 0.7328585127980234, "width": 4000, "height": 3000, "capture_time": 1781538093.0, "translation": [319212.74493426445, 4617555.206847948, 26.968571376717524], "rotation": [0.5199621627204916, -2.639494743523557, 1.2890424217167102]}, "geometry": {"type": "Point", "coordinates": [-71.17235808387078, 41.68925220656482, 26.968571376717524]}}, {"type": "Feature", "properties": {"filename": "DJI_20260615153411_0146_V.JPG", "camera": "v2 dji m3t 4000 3000 brown 0.6666", "focal": 0.7328585127980234, "width": 4000, "height": 3000, "capture_time": 1781537651.0, "translation": [319223.8218429054, 4617468.919103533, 27.53261699789234], "rotation": [1.9050762925613234, 1.3857527687890276, -0.6596146455715539]}, "geometry": {"type": "Point", "coordinates": [-71.17219893651217, 41.688478074168934, 27.53261699789234]}}, {"type": "Feature", "properties": {"filename": "DJI_20260615152916_0036_V.JPG", "camera": "v2 dji m3t 4000 3000 brown 0.6666", "focal": 0.7328585127980234, "width": 4000, "height": 3000, "capture_time": 1781537356.0, "translation": [319175.6585706351, 4617503.44669243, 38.68546358861827], "rotation": [1.40925211405941, -1.9305901468964373, 1.005742579158904]}, "geometry": {"type": "Point", "coordinates": [-71.17278772543625, 41.68877790827234, 38.68546358861827]}}, {"type": "Feature", "properties": {"filename": "DJI_20260615153205_0107_V.JPG", "camera": "v2 dji m3t 4000 3000 brown 0.6666", "focal": 0.7328585127980234, "width": 4000, "height": 3000, "capture_time": 1781537525.0, "translation": [319241.6637160146, 4617490.4074277375, 38.59649389037705], "rotation": [1.9281162505240996, 1.3722803500739125, -0.6298927025869232]}, "geometry": {"type": "Point", "coordinates": [-71.17199120614242, 41.688675534479636, 38.59649389037705]}}, {"type": "Feature", "properties": {"filename": "DJI_20260615153352_0138_V.JPG", "camera": "v2 dji m3t 4000 3000 brown 0.6666", "focal": 0.7328585127980234, "width": 4000, "height": 3000, "capture_time": 1781537632.0, "translation": [319218.1633163947, 4617450.544249995, 27.842253160005725], "rotation": [1.9075895502489735, 1.4188976762194578, -0.6915672131969427]}, "geometry": {"type": "Point", "coordinates": [-71.17226131593796, 41.68831140331273, 27.842253160005725]}}, {"type": "Feature", "properties": {"filename": "DJI_20260615153155_0103_V.JPG", "camera": "v2 dji m3t 4000 3000 brown 0.6666", "focal": 0.7328585127980234, "width": 4000, "height": 3000, "capture_time": 1781537515.0, "translation": [319243.74773951573, 4617497.266928112, 38.59775415263853], "rotation": [1.9267968718910824, 1.3731811173341766, -0.6218627630411399]}, "geometry": {"type": "Point", "coordinates": [-71.17196825948106, 41.68873774774674, 38.59775415263853]}}, {"type": "Feature", "properties": {"filename": "DJI_20260615142301_0062_V.JPG", "camera": "v2 dji m3t 4000 3000 brown 0.6666", "focal": 0.7328585127980234, "width": 4000, "height": 3000, "capture_time": 1781533381.0, "translation": [319148.7730216929, 4617387.007431643, 87.99627043661279], "rotation": [2.3366943077337434, -0.39257263271239434, 0.15518845365276485]}, "geometry": {"type": "Point", "coordinates": [-71.17307527361012, 41.687723770545915, 87.99627043661279]}}, {"type": "Feature", "properties": {"filename": "DJI_20260615153423_0151_V.JPG", "camera": "v2 dji m3t 4000 3000 brown 0.6666", "focal": 0.7328585127980234, "width": 4000, "height": 3000, "capture_time": 1781537663.0, "translation": [319228.2119260587, 4617482.146848691, 27.50719661245992], "rotation": [1.9071319036760155, 1.3795295762423738, -0.6461249131224104]}, "geometry": {"type": "Point", "coordinates": [-71.17215022873485, 41.688598129556446, 27.50719661245992]}}, {"type": "Feature", "properties": {"filename": "DJI_20260615142551_0114_V.JPG", "camera": "v2 dji m3t 4000 3000 brown 0.6666", "focal": 0.7328585127980234, "width": 4000, "height": 3000, "capture_time": 1781533551.0, "translation": [319311.0565112726, 4617513.43555888, 87.81177342385871], "rotation": [2.004433456142039, 1.4104492381109852, -0.5812572212144678]}, "geometry": {"type": "Point", "coordinates": [-71.17116493153473, 41.68889855494156, 87.81177342385871]}}, {"type": "Feature", "properties": {"filename": "DJI_20260615142544_0111_V.JPG", "camera": "v2 dji m3t 4000 3000 brown 0.6666", "focal": 0.7328585127980234, "width": 4000, "height": 3000, "capture_time": 1781533544.0, "translation": [319255.8271099916, 4617529.0030616075, 87.70096451768336], "rotation": [2.015427606827412, 1.4140242555179041, -0.5745658280327303]}, "geometry": {"type": "Point", "coordinates": [-71.17183282589133, 41.68902613666769, 87.70096451768336]}}, {"type": "Feature", "properties": {"filename": "DJI_20260615155009_0326_V.JPG", "camera": "v2 dji m3t 4000 3000 brown 0.6666", "focal": 0.7328585127980234, "width": 4000, "height": 3000, "capture_time": 1781538609.0, "translation": [319386.460394374, 4617545.0126857245, 129.70775574056134], "rotation": [1.4632046706926365, 1.978144298783329, -1.0606796945048427]}, "geometry": {"type": "Point", "coordinates": [-71.17026905855421, 41.68919988007008, 129.70775574056134]}}, {"type": "Feature", "properties": {"filename": "DJI_20260615153345_0135_V.JPG", "camera": "v2 dji m3t 4000 3000 brown 0.6666", "focal": 0.7328585127980234, "width": 4000, "height": 3000, "capture_time": 1781537625.0, "translation": [319219.3761288391, 4617452.921448789, 27.780722554154913], "rotation": [1.6465091938871428, 1.2089723928712224, -0.8546804483553112]}, "geometry": {"type": "Point", "coordinates": [-71.17224747305458, 41.68833307508342, 27.780722554154913]}}, {"type": "Feature", "properties": {"filename": "DJI_20260615154136_0043_V.JPG", "camera": "v2 dji m3t 4000 3000 brown 0.6666", "focal": 0.7328585127980234, "width": 4000, "height": 3000, "capture_time": 1781538096.0, "translation": [319212.67232826736, 4617555.270597611, 26.95995416092245], "rotation": [0.5397378289660358, -2.5280148478172406, 1.421950042872104]}, "geometry": {"type": "Point", "coordinates": [-71.17235897502056, 41.6892527638673, 26.95995416092245]}}, {"type": "Feature", "properties": {"filename": "DJI_20260615142458_0097_V.JPG", "camera": "v2 dji m3t 4000 3000 brown 0.6666", "focal": 0.7328585127980234, "width": 4000, "height": 3000, "capture_time": 1781533498.0, "translation": [319233.04534333746, 4617501.28134177, 88.01362716569764], "rotation": [0.48543136435231043, 2.7543354494463195, -1.1049607214904644]}, "geometry": {"type": "Point", "coordinates": [-71.17209798653177, 41.688771450285635, 88.01362716569764]}}, {"type": "Feature", "properties": {"filename": "DJI_20260615155011_0329_V.JPG", "camera": "v2 dji m3t 4000 3000 brown 0.6666", "focal": 0.7328585127980234, "width": 4000, "height": 3000, "capture_time": 1781538611.0, "translation": [319356.55851885217, 4617533.062508922, 130.44766768172425], "rotation": [1.5110846821245327, 1.9150276105208006, -1.0194304122537423]}, "geometry": {"type": "Point", "coordinates": [-71.17062449666957, 41.689085536283486, 130.44766768172425]}}, {"type": "Feature", "properties": {"filename": "DJI_20260615155003_0319_V.JPG", "camera": "v2 dji m3t 4000 3000 brown 0.6666", "focal": 0.7328585127980234, "width": 4000, "height": 3000, "capture_time": 1781538603.0, "translation": [319424.7470726149, 4617556.36999552, 129.0217195899505], "rotation": [1.5199412290166856, 1.8348318732958877, -1.135112731884889]}, "geometry": {"type": "Point", "coordinates": [-71.16981275657008, 41.68931078839033, 129.0217195899505]}}, {"type": "Feature", "properties": {"filename": "DJI_20260615155014_0333_V.JPG", "camera": "v2 dji m3t 4000 3000 brown 0.6666", "focal": 0.7328585127980234, "width": 4000, "height": 3000, "capture_time": 1781538614.0, "translation": [319312.35587653617, 4617518.496830565, 130.44891494418013], "rotation": [1.4189666019311167, 2.0574264645452573, -0.8936171512388265]}, "geometry": {"type": "Point", "coordinates": [-71.17115086151851, 41.6889444047078, 130.44891494418013]}}, {"type": "Feature", "properties": {"filename": "DJI_20260615155016_0335_V.JPG", "camera": "v2 dji m3t 4000 3000 brown 0.6666", "focal": 0.7328585127980234, "width": 4000, "height": 3000, "capture_time": 1781538616.0, "translation": [319294.2936426977, 4617514.77552837, 130.38636105305395], "rotation": [1.421834129195848, 2.138833651596753, -0.8548796047942214]}, "geometry": {"type": "Point", "coordinates": [-71.17136662124402, 41.688906811046195, 130.38636105305395]}}, {"type": "Feature", "properties": {"filename": "DJI_20260615153927_0021_V.JPG", "camera": "v2 dji m3t 4000 3000 brown 0.6666", "focal": 0.7328585127980234, "width": 4000, "height": 3000, "capture_time": 1781537967.0, "translation": [319181.5409329491, 4617522.120227943, 46.13471855224425], "rotation": [1.4493413101042536, -2.04492644639167, 0.9066253933841637]}, "geometry": {"type": "Point", "coordinates": [-71.17272274972187, 41.68894731855379, 46.13471855224425]}}, {"type": "Feature", "properties": {"filename": "DJI_20260615153335_0131_V.JPG", "camera": "v2 dji m3t 4000 3000 brown 0.6666", "focal": 0.7328585127980234, "width": 4000, "height": 3000, "capture_time": 1781537615.0, "translation": [319222.8001970126, 4617464.08300849, 27.584440325036326], "rotation": [1.643827392790518, 1.1948894351791655, -0.8332450795173288]}, "geometry": {"type": "Point", "coordinates": [-71.17220973914722, 41.68843431409066, 27.584440325036326]}}, {"type": "Feature", "properties": {"filename": "DJI_20260615155008_0325_V.JPG", "camera": "v2 dji m3t 4000 3000 brown 0.6666", "focal": 0.7328585127980234, "width": 4000, "height": 3000, "capture_time": 1781538608.0, "translation": [319393.5959520669, 4617545.88272619, 128.43507342673414], "rotation": [1.4937970643231133, 1.9478273482649113, -1.0725635187841869]}, "geometry": {"type": "Point", "coordinates": [-71.17018363956575, 41.68920932976061, 128.43507342673414]}}, {"type": "Feature", "properties": {"filename": "DJI_20260615155024_0346_V.JPG", "camera": "v2 dji m3t 4000 3000 brown 0.6666", "focal": 0.7328585127980234, "width": 4000, "height": 3000, "capture_time": 1781538624.0, "translation": [319227.162495579, 4617490.7237161035, 131.33370516333514], "rotation": [2.0783370852575707, 1.9103967535169373, -0.8666340916209699]}, "geometry": {"type": "Point", "coordinates": [-71.17216542796388, 41.68867508885053, 131.33370516333514]}}, {"type": "Feature", "properties": {"filename": "DJI_20260615142532_0106_V.JPG", "camera": "v2 dji m3t 4000 3000 brown 0.6666", "focal": 0.7328585127980234, "width": 4000, "height": 3000, "capture_time": 1781533532.0, "translation": [319306.117434284, 4617473.8595978655, 87.99942174542184], "rotation": [2.0160983462798177, 1.404586812579259, -0.5718881669187342]}, "geometry": {"type": "Point", "coordinates": [-71.17121225585879, 41.68854122353305, 87.99942174542184]}}, {"type": "Feature", "properties": {"filename": "DJI_20260615142237_0052_V.JPG", "camera": "v2 dji m3t 4000 3000 brown 0.6666", "focal": 0.7328585127980234, "width": 4000, "height": 3000, "capture_time": 1781533357.0, "translation": [319229.6367412527, 4617493.526427831, 88.1698218236392], "rotation": [2.352094738987578, -0.4136224347377288, 0.15642862281150266]}, "geometry": {"type": "Point", "coordinates": [-71.17213656697446, 41.68870087692494, 88.1698218236392]}}, {"type": "Feature", "properties": {"filename": "DJI_20260615142534_0107_V.JPG", "camera": "v2 dji m3t 4000 3000 brown 0.6666", "focal": 0.7328585127980234, "width": 4000, "height": 3000, "capture_time": 1781533534.0, "translation": [319287.62930289947, 4617481.099077851, 87.93993390156595], "rotation": [2.014860418636753, 1.4105353559791605, -0.5683335159166878]}, "geometry": {"type": "Point", "coordinates": [-71.17143644724234, 41.688602187572684, 87.93993390156595]}}, {"type": "Feature", "properties": {"filename": "DJI_20260615142351_0076_V.JPG", "camera": "v2 dji m3t 4000 3000 brown 0.6666", "focal": 0.7328585127980234, "width": 4000, "height": 3000, "capture_time": 1781533431.0, "translation": [319186.9913280576, 4617559.318598674, 87.85000741048805], "rotation": [1.4799069376221294, -2.0914347234712296, 0.840348833253154]}, "geometry": {"type": "Point", "coordinates": [-71.17266857340569, 41.68928336659332, 87.85000741048805]}}, {"type": "Feature", "properties": {"filename": "DJI_20260615153458_0166_V.JPG", "camera": "v2 dji m3t 4000 3000 brown 0.6666", "focal": 0.7328585127980234, "width": 4000, "height": 3000, "capture_time": 1781537698.0, "translation": [319240.4782999538, 4617514.607012501, 27.524707444421736], "rotation": [2.1395336531670925, 0.6944722411717683, -0.3375333826148436]}, "geometry": {"type": "Point", "coordinates": [-71.17201277005212, 41.688893077889084, 27.524707444421736]}}, {"type": "Feature", "properties": {"filename": "DJI_20260615155017_0337_V.JPG", "camera": "v2 dji m3t 4000 3000 brown 0.6666", "focal": 0.7328585127980234, "width": 4000, "height": 3000, "capture_time": 1781538617.0, "translation": [319266.54459382675, 4617504.008177264, 130.6909838368265], "rotation": [1.4843161494486714, 2.169962032201163, -0.7776554588124654]}, "geometry": {"type": "Point", "coordinates": [-71.17169656338481, 41.68880359887897, 130.6909838368265]}}, {"type": "Feature", "properties": {"filename": "DJI_20260615155005_0321_V.JPG", "camera": "v2 dji m3t 4000 3000 brown 0.6666", "focal": 0.7328585127980234, "width": 4000, "height": 3000, "capture_time": 1781538605.0, "translation": [319420.4413227117, 4617554.552094126, 129.67063608047675], "rotation": [1.335131927644812, 1.983459079650213, -1.007845944687739]}, "geometry": {"type": "Point", "coordinates": [-71.16986390913272, 41.6892934494273, 129.67063608047675]}}, {"type": "Feature", "properties": {"filename": "DJI_20260615155003_0318_V.JPG", "camera": "v2 dji m3t 4000 3000 brown 0.6666", "focal": 0.7328585127980234, "width": 4000, "height": 3000, "capture_time": 1781538603.0, "translation": [319425.4365181307, 4617556.39748944, 129.24851418716509], "rotation": [1.4290493804021867, 1.8914587351152123, -1.1033329415880333]}, "geometry": {"type": "Point", "coordinates": [-71.16980448615418, 41.68931119222838, 129.24851418716509]}}, {"type": "Feature", "properties": {"filename": "DJI_20260615142425_0083_V.JPG", "camera": "v2 dji m3t 4000 3000 brown 0.6666", "focal": 0.7328585127980234, "width": 4000, "height": 3000, "capture_time": 1781533465.0, "translation": [319204.96703606576, 4617537.332316485, 88.23133459567607], "rotation": [0.4954671212363377, 2.7596791737375184, -1.1208621388594961]}, "geometry": {"type": "Point", "coordinates": [-71.17244606401295, 41.68908955759248, 88.23133459567607]}}, {"type": "Feature", "properties": {"filename": "DJI_20260615155018_0338_V.JPG", "camera": "v2 dji m3t 4000 3000 brown 0.6666", "focal": 0.7328585127980234, "width": 4000, "height": 3000, "capture_time": 1781538618.0, "translation": [319255.7944194724, 4617499.997470129, 131.26150532229883], "rotation": [1.6258748948385973, 2.131497973006968, -0.7643932430143041]}, "geometry": {"type": "Point", "coordinates": [-71.17182443362215, 41.68876505938352, 131.26150532229883]}}, {"type": "Feature", "properties": {"filename": "DJI_20260615142256_0060_V.JPG", "camera": "v2 dji m3t 4000 3000 brown 0.6666", "focal": 0.7328585127980234, "width": 4000, "height": 3000, "capture_time": 1781533376.0, "translation": [319155.10146835604, 4617403.7031304315, 87.91284746262383], "rotation": [2.3330243485493565, -0.391845678970675, 0.15228850050256698]}, "geometry": {"type": "Point", "coordinates": [-71.17300434390889, 41.6878754804467, 87.91284746262383]}}, {"type": "Feature", "properties": {"filename": "DJI_20260615155004_0320_V.JPG", "camera": "v2 dji m3t 4000 3000 brown 0.6666", "focal": 0.7328585127980234, "width": 4000, "height": 3000, "capture_time": 1781538604.0, "translation": [319423.4615639934, 4617555.573595653, 128.61226966212487], "rotation": [1.5299586736124202, 1.8290288980698566, -1.1346877519081222]}, "geometry": {"type": "Point", "coordinates": [-71.16982795173769, 41.689303328676715, 128.61226966212487]}}, {"type": "Feature", "properties": {"filename": "DJI_20260615152756_0004_V.JPG", "camera": "v2 dji m3t 4000 3000 brown 0.6666", "focal": 0.7328585127980234, "width": 4000, "height": 3000, "capture_time": 1781537276.0, "translation": [319200.18585007096, 4617437.269762743, 33.280926007467585], "rotation": [2.169437983080055, -0.3290256017905255, 0.13770183492694388]}, "geometry": {"type": "Point", "coordinates": [-71.17247316084435, 41.688187841802325, 33.280926007467585]}}, {"type": "Feature", "properties": {"filename": "DJI_20260615153513_0172_V.JPG", "camera": "v2 dji m3t 4000 3000 brown 0.6666", "focal": 0.7328585127980234, "width": 4000, "height": 3000, "capture_time": 1781537713.0, "translation": [319245.627497223, 4617517.076262218, 28.446211773974948], "rotation": [1.850041246700597, 0.6170418725571307, -0.41216238421915796]}, "geometry": {"type": "Point", "coordinates": [-71.17195168781905, 41.688916471853304, 28.446211773974948]}}, {"type": "Feature", "properties": {"filename": "DJI_20260615155020_0340_V.JPG", "camera": "v2 dji m3t 4000 3000 brown 0.6666", "focal": 0.7328585127980234, "width": 4000, "height": 3000, "capture_time": 1781538620.0, "translation": [319236.0662836714, 4617493.737578269, 132.208994841797], "rotation": [1.7873532823765943, 2.152463328816097, -0.7178438289684755]}, "geometry": {"type": "Point", "coordinates": [-71.17205942701116, 41.68870423723363, 132.208994841797]}}, {"type": "Feature", "properties": {"filename": "DJI_20260615142549_0113_V.JPG", "camera": "v2 dji m3t 4000 3000 brown 0.6666", "focal": 0.7328585127980234, "width": 4000, "height": 3000, "capture_time": 1781533549.0, "translation": [319290.83686425886, 4617521.010060604, 87.79515316772967], "rotation": [2.0068936501143186, 1.4113704988417644, -0.5806968593432806]}, "geometry": {"type": "Point", "coordinates": [-71.17141001716766, 41.68896214145137, 87.79515316772967]}}, {"type": "Feature", "properties": {"filename": "DJI_20260615155019_0339_V.JPG", "camera": "v2 dji m3t 4000 3000 brown 0.6666", "focal": 0.7328585127980234, "width": 4000, "height": 3000, "capture_time": 1781538619.0, "translation": [319244.0625478094, 4617496.178606481, 132.24010388080427], "rotation": [1.7620098266161424, 2.131557397418748, -0.7380935959400726]}, "geometry": {"type": "Point", "coordinates": [-71.17196414972544, 41.688728023591736, 132.24010388080427]}}, {"type": "Feature", "properties": {"filename": "DJI_20260615155006_0322_V.JPG", "camera": "v2 dji m3t 4000 3000 brown 0.6666", "focal": 0.7328585127980234, "width": 4000, "height": 3000, "capture_time": 1781538606.0, "translation": [319416.04503805895, 4617553.141154349, 128.6895421989543], "rotation": [1.3101112043227274, 2.0242502115457395, -0.9736466208583824]}, "geometry": {"type": "Point", "coordinates": [-71.1699162719391, 41.68927975283992, 128.6895421989543]}}, {"type": "Feature", "properties": {"filename": "DJI_20260615154025_0025_V.JPG", "camera": "v2 dji m3t 4000 3000 brown 0.6666", "focal": 0.7328585127980234, "width": 4000, "height": 3000, "capture_time": 1781538025.0, "translation": [319193.05732030055, 4617491.189842723, 47.37143250396777], "rotation": [2.278792209588273, -0.5573125866795996, 0.23078984492075852]}, "geometry": {"type": "Point", "coordinates": [-71.17257509311942, 41.688671539835575, 47.37143250396777]}}, {"type": "Feature", "properties": {"filename": "DJI_20260615153041_0072_V.JPG", "camera": "v2 dji m3t 4000 3000 brown 0.6666", "focal": 0.7328585127980234, "width": 4000, "height": 3000, "capture_time": 1781537441.0, "translation": [319257.43956644274, 4617555.269344789, 38.977509546131856], "rotation": [1.1744097061373848, 2.159822962050504, -1.1110219594301205]}, "geometry": {"type": "Point", "coordinates": [-71.1718214191144, 41.68926291696245, 38.977509546131856]}}, {"type": "Feature", "properties": {"filename": "DJI_20260615153508_0170_V.JPG", "camera": "v2 dji m3t 4000 3000 brown 0.6666", "focal": 0.7328585127980234, "width": 4000, "height": 3000, "capture_time": 1781537708.0, "translation": [319243.8348569016, 4617517.020485683, 27.876611561643948], "rotation": [1.8435845574837906, 0.6001676814155982, -0.4045295277976364]}, "geometry": {"type": "Point", "coordinates": [-71.17197319645885, 41.68891556283582, 27.876611561643948]}}, {"type": "Feature", "properties": {"filename": "DJI_20260615155021_0341_V.JPG", "camera": "v2 dji m3t 4000 3000 brown 0.6666", "focal": 0.7328585127980234, "width": 4000, "height": 3000, "capture_time": 1781538621.0, "translation": [319233.6291607017, 4617491.994239045, 134.9323738115426], "rotation": [1.7870908094971691, 2.112749350852982, -0.9221874254575045]}, "geometry": {"type": "Point", "coordinates": [-71.17208816315996, 41.68868799267131, 134.9323738115426]}}, {"type": "Feature", "properties": {"filename": "DJI_20260615142430_0085_V.JPG", "camera": "v2 dji m3t 4000 3000 brown 0.6666", "focal": 0.7328585127980234, "width": 4000, "height": 3000, "capture_time": 1781533470.0, "translation": [319220.2575667736, 4617578.05648145, 87.95569162055313], "rotation": [0.49479906183347794, 2.7568920591707804, -1.1322330261179012]}, "geometry": {"type": "Point", "coordinates": [-71.17227479568811, 41.68945957449478, 87.95569162055313]}}, {"type": "Feature", "properties": {"filename": "DJI_20260615155006_0323_V.JPG", "camera": "v2 dji m3t 4000 3000 brown 0.6666", "focal": 0.7328585127980234, "width": 4000, "height": 3000, "capture_time": 1781538606.0, "translation": [319409.182545793, 4617551.029562676, 128.9777213388207], "rotation": [1.4314637258074316, 1.9469978801044852, -1.0595428469545543]}, "geometry": {"type": "Point", "coordinates": [-71.16999803643913, 41.689259190474836, 128.9777213388207]}}, {"type": "Feature", "properties": {"filename": "DJI_20260615155007_0324_V.JPG", "camera": "v2 dji m3t 4000 3000 brown 0.6666", "focal": 0.7328585127980234, "width": 4000, "height": 3000, "capture_time": 1781538607.0, "translation": [319402.0036703091, 4617548.408097628, 128.82998404154205], "rotation": [1.568094171986055, 1.8839406540019972, -1.109426208824513]}, "geometry": {"type": "Point", "coordinates": [-71.17008344565039, 41.68923396707564, 128.82998404154205]}}, {"type": "Feature", "properties": {"filename": "DJI_20260615142235_0051_V.JPG", "camera": "v2 dji m3t 4000 3000 brown 0.6666", "focal": 0.7328585127980234, "width": 4000, "height": 3000, "capture_time": 1781533355.0, "translation": [319222.5774971108, 4617473.440143309, 87.90558465694292], "rotation": [2.349923928459971, -0.41749730099551596, 0.15721095483704245]}, "geometry": {"type": "Point", "coordinates": [-71.17221524766506, 41.68851848402618, 87.90558465694292]}}, {"type": "Feature", "properties": {"filename": "DJI_20260615152831_0017_V.JPG", "camera": "v2 dji m3t 4000 3000 brown 0.6666", "focal": 0.7328585127980234, "width": 4000, "height": 3000, "capture_time": 1781537311.0, "translation": [319179.9373592837, 4617445.501113089, 39.209319295463615], "rotation": [2.0198102062212544, -0.5501950504451134, 0.28113809010886387]}, "geometry": {"type": "Point", "coordinates": [-71.1727187902769, 41.68825733108764, 39.209319295463615]}}, {"type": "Feature", "properties": {"filename": "DJI_20260615153503_0168_V.JPG", "camera": "v2 dji m3t 4000 3000 brown 0.6666", "focal": 0.7328585127980234, "width": 4000, "height": 3000, "capture_time": 1781537703.0, "translation": [319241.78708857, 4617515.571595531, 27.579228457539063], "rotation": [1.8453979894631183, 0.6042120758560697, -0.40857890572112865]}, "geometry": {"type": "Point", "coordinates": [-71.1719973466452, 41.68890205693097, 27.579228457539063]}}, {"type": "Feature", "properties": {"filename": "DJI_20260615153340_0133_V.JPG", "camera": "v2 dji m3t 4000 3000 brown 0.6666", "focal": 0.7328585127980234, "width": 4000, "height": 3000, "capture_time": 1781537620.0, "translation": [319221.220585997, 4617458.925842293, 27.673829470829588], "rotation": [1.645798149226156, 1.1986550040114614, -0.8414607705072347]}, "geometry": {"type": "Point", "coordinates": [-71.17222714434777, 41.68838753746398, 27.673829470829588]}}, {"type": "Feature", "properties": {"filename": "DJI_20260615142244_0055_V.JPG", "camera": "v2 dji m3t 4000 3000 brown 0.6666", "focal": 0.7328585127980234, "width": 4000, "height": 3000, "capture_time": 1781533364.0, "translation": [319193.0148701347, 4617503.518025049, 88.14068762173497], "rotation": [2.34699277658782, -0.4058389779552379, 0.15212428750607165]}, "geometry": {"type": "Point", "coordinates": [-71.17257933789939, 41.68878249208914, 88.14068762173497]}}, {"type": "Feature", "properties": {"filename": "DJI_20260615153418_0149_V.JPG", "camera": "v2 dji m3t 4000 3000 brown 0.6666", "focal": 0.7328585127980234, "width": 4000, "height": 3000, "capture_time": 1781537658.0, "translation": [319226.113550952, 4617476.114607835, 27.513517317902394], "rotation": [1.9069176823485303, 1.3811323211412396, -0.6493198709938147]}, "geometry": {"type": "Point", "coordinates": [-71.17217359808983, 41.68854335889006, 27.513517317902394]}}, {"type": "Feature", "properties": {"filename": "DJI_20260615152959_0054_V.JPG", "camera": "v2 dji m3t 4000 3000 brown 0.6666", "focal": 0.7328585127980234, "width": 4000, "height": 3000, "capture_time": 1781537399.0, "translation": [319190.8003182573, 4617551.608402447, 38.50160671869323], "rotation": [1.1201263697261095, -2.193660087665758, 1.1308645453128474]}, "geometry": {"type": "Point", "coordinates": [-71.17262049981784, 41.689214834724325, 38.50160671869323]}}, {"type": "Feature", "properties": {"filename": "DJI_20260615155017_0336_V.JPG", "camera": "v2 dji m3t 4000 3000 brown 0.6666", "focal": 0.7328585127980234, "width": 4000, "height": 3000, "capture_time": 1781538617.0, "translation": [319278.6025445145, 4617507.894109427, 130.91665813603456], "rotation": [1.5088956938720057, 2.122635088003459, -0.8243426485246479]}, "geometry": {"type": "Point", "coordinates": [-71.17155295179838, 41.68884131203144, 130.91665813603456]}}, {"type": "Feature", "properties": {"filename": "DJI_20260615153454_0164_V.JPG", "camera": "v2 dji m3t 4000 3000 brown 0.6666", "focal": 0.7328585127980234, "width": 4000, "height": 3000, "capture_time": 1781537694.0, "translation": [319238.43886425137, 4617512.094863694, 27.538053254961827], "rotation": [1.9152918122894156, 1.3474475328584872, -0.6301401682851958]}, "geometry": {"type": "Point", "coordinates": [-71.17203649811024, 41.68887000382525, 27.538053254961827]}}, {"type": "Feature", "properties": {"filename": "DJI_20260615153856_0008_V.JPG", "camera": "v2 dji m3t 4000 3000 brown 0.6666", "focal": 0.7328585127980234, "width": 4000, "height": 3000, "capture_time": 1781537936.0, "translation": [319180.27498813363, 4617461.035797746, 46.20550335160827], "rotation": [1.844625927171052, 0.44036326719844743, -0.3834115279104464]}, "geometry": {"type": "Point", "coordinates": [-71.17271944292358, 41.68839723032486, 46.20550335160827]}}, {"type": "Feature", "properties": {"filename": "DJI_20260615152918_0037_V.JPG", "camera": "v2 dji m3t 4000 3000 brown 0.6666", "focal": 0.7328585127980234, "width": 4000, "height": 3000, "capture_time": 1781537358.0, "translation": [319176.4557078351, 4617506.26580912, 38.6574281806579], "rotation": [1.407199267820728, -1.931722678479199, 1.0055485101701056]}, "geometry": {"type": "Point", "coordinates": [-71.17277900784168, 41.68880346325156, 38.6574281806579]}}, {"type": "Feature", "properties": {"filename": "DJI_20260615153010_0059_V.JPG", "camera": "v2 dji m3t 4000 3000 brown 0.6666", "focal": 0.7328585127980234, "width": 4000, "height": 3000, "capture_time": 1781537410.0, "translation": [319205.6414392552, 4617566.514377079, 38.77534709568837], "rotation": [0.6637428776855845, -2.4958392174380784, 1.2816512042735293]}, "geometry": {"type": "Point", "coordinates": [-71.1724468067969, 41.68935236882137, 38.77534709568837]}}, {"type": "Feature", "properties": {"filename": "DJI_20260615152925_0040_V.JPG", "camera": "v2 dji m3t 4000 3000 brown 0.6666", "focal": 0.7328585127980234, "width": 4000, "height": 3000, "capture_time": 1781537365.0, "translation": [319178.6227519324, 4617513.887389668, 38.576468380009], "rotation": [1.4030244271277743, -1.9369200611402704, 1.0047611664459204]}, "geometry": {"type": "Point", "coordinates": [-71.17275529592548, 41.688872554743874, 38.576468380009]}}, {"type": "Feature", "properties": {"filename": "DJI_20260615155025_0347_V.JPG", "camera": "v2 dji m3t 4000 3000 brown 0.6666", "focal": 0.7328585127980234, "width": 4000, "height": 3000, "capture_time": 1781538625.0, "translation": [319226.59232699743, 4617490.355217783, 131.04161754568952], "rotation": [1.8630833624573082, 2.109497444151113, -0.7021927771275887]}, "geometry": {"type": "Point", "coordinates": [-71.17217216274305, 41.68867164265841, 131.04161754568952]}}, {"type": "Feature", "properties": {"filename": "DJI_20260615153840_0001_V.JPG", "camera": "v2 dji m3t 4000 3000 brown 0.6666", "focal": 0.7328585127980234, "width": 4000, "height": 3000, "capture_time": 1781537920.0, "translation": [319189.304663991, 4617441.6861473145, 33.215934744104224], "rotation": [2.1468096472317506, -0.534398048373754, 0.24533131745435527]}, "geometry": {"type": "Point", "coordinates": [-71.17260515563679, 41.688225121198634, 33.215934744104224]}}, {"type": "Feature", "properties": {"filename": "DJI_20260615153150_0101_V.JPG", "camera": "v2 dji m3t 4000 3000 brown 0.6666", "focal": 0.7328585127980234, "width": 4000, "height": 3000, "capture_time": 1781537510.0, "translation": [319244.8589368472, 4617500.912594905, 38.627711836885794], "rotation": [1.9265629912003883, 1.3733874465378006, -0.6198854740214594]}, "geometry": {"type": "Point", "coordinates": [-71.1719560207724, 41.688770813480936, 38.627711836885794]}}, {"type": "Feature", "properties": {"filename": "DJI_20260615152956_0053_V.JPG", "camera": "v2 dji m3t 4000 3000 brown 0.6666", "focal": 0.7328585127980234, "width": 4000, "height": 3000, "capture_time": 1781537396.0, "translation": [319188.8593617861, 4617548.387342684, 38.497297817850246], "rotation": [1.246291496831558, -2.0843344557537113, 1.0754059614359412]}, "geometry": {"type": "Point", "coordinates": [-71.17264283046288, 41.68918540223142, 38.497297817850246]}}, {"type": "Feature", "properties": {"filename": "DJI_20260615153217_0112_V.JPG", "camera": "v2 dji m3t 4000 3000 brown 0.6666", "focal": 0.7328585127980234, "width": 4000, "height": 3000, "capture_time": 1781537537.0, "translation": [319237.68488925445, 4617477.197130023, 38.64276498713622], "rotation": [1.9287449068089608, 1.379397379328616, -0.6414838015641355]}, "geometry": {"type": "Point", "coordinates": [-71.17203498132925, 41.688555729563284, 38.64276498713622]}}, {"type": "Feature", "properties": {"filename": "DJI_20260615142553_0115_V.JPG", "camera": "v2 dji m3t 4000 3000 brown 0.6666", "focal": 0.7328585127980234, "width": 4000, "height": 3000, "capture_time": 1781533553.0, "translation": [319327.9543719663, 4617507.169428949, 87.9443424708573], "rotation": [2.0012843375815748, 1.4119321042395323, -0.5781846539154996]}, "geometry": {"type": "Point", "coordinates": [-71.17096012954394, 41.688845990327025, 87.9443424708573]}}, {"type": "Feature", "properties": {"filename": "DJI_20260615153316_0123_V.JPG", "camera": "v2 dji m3t 4000 3000 brown 0.6666", "focal": 0.7328585127980234, "width": 4000, "height": 3000, "capture_time": 1781537596.0, "translation": [319226.13570897776, 4617477.933930162, 27.488377354976084], "rotation": [1.586575466353988, 1.2880607408247997, -0.8857386418956918]}, "geometry": {"type": "Point", "coordinates": [-71.17217388311563, 41.688559739044905, 27.488377354976084]}}, {"type": "Feature", "properties": {"filename": "DJI_20260615152845_0023_V.JPG", "camera": "v2 dji m3t 4000 3000 brown 0.6666", "focal": 0.7328585127980234, "width": 4000, "height": 3000, "capture_time": 1781537325.0, "translation": [319165.7359950371, 4617461.258578186, 39.040806784894805], "rotation": [1.742939142719515, -1.5148624451430075, 0.7819723537067735]}, "geometry": {"type": "Point", "coordinates": [-71.1728940891677, 41.68839593339589, 39.040806784894805]}}, {"type": "Feature", "properties": {"filename": "DJI_20260615155010_0327_V.JPG", "camera": "v2 dji m3t 4000 3000 brown 0.6666", "focal": 0.7328585127980234, "width": 4000, "height": 3000, "capture_time": 1781538610.0, "translation": [319377.5957497783, 4617540.28294089, 128.7990916667865], "rotation": [1.4235425146566554, 1.9410052534815816, -1.0426465954624242]}, "geometry": {"type": "Point", "coordinates": [-71.1703740718244, 41.68915529806956, 128.7990916667865]}}, {"type": "Feature", "properties": {"filename": "DJI_20260615142501_0098_V.JPG", "camera": "v2 dji m3t 4000 3000 brown 0.6666", "focal": 0.7328585127980234, "width": 4000, "height": 3000, "capture_time": 1781533501.0, "translation": [319231.97513047047, 4617498.8982209265, 87.98928571856342], "rotation": [0.4836081015162133, 2.7552891166041653, -1.1057585684735876]}, "geometry": {"type": "Point", "coordinates": [-71.17211011546804, 41.68874975760578, 87.98928571856342]}}, {"type": "Feature", "properties": {"filename": "DJI_20260615142449_0093_V.JPG", "camera": "v2 dji m3t 4000 3000 brown 0.6666", "focal": 0.7328585127980234, "width": 4000, "height": 3000, "capture_time": 1781533489.0, "translation": [319260.8510380178, 4617576.0487496955, 87.7274555146422], "rotation": [0.4822501116752545, 2.7518646391770436, -1.1122990808360687]}, "geometry": {"type": "Point", "coordinates": [-71.17178674822105, 41.68945072006436, 87.7274555146422]}}, {"type": "Feature", "properties": {"filename": "DJI_20260615153323_0126_V.JPG", "camera": "v2 dji m3t 4000 3000 brown 0.6666", "focal": 0.7328585127980234, "width": 4000, "height": 3000, "capture_time": 1781537603.0, "translation": [319225.36464879813, 4617473.343264222, 27.508009235560532], "rotation": [1.5836727174036709, 1.2940583333076205, -0.8903352846561766]}, "geometry": {"type": "Point", "coordinates": [-71.17218175117682, 41.68851824489267, 27.508009235560532]}}, {"type": "Feature", "properties": {"filename": "DJI_20260615142401_0080_V.JPG", "camera": "v2 dji m3t 4000 3000 brown 0.6666", "focal": 0.7328585127980234, "width": 4000, "height": 3000, "capture_time": 1781533441.0, "translation": [319126.26599563163, 4617582.126423594, 87.95515953296226], "rotation": [1.476347657326463, -2.093993983896714, 0.8503246566537419]}, "geometry": {"type": "Point", "coordinates": [-71.17340466293673, 41.689474858517, 87.95515953296226]}}, {"type": "Feature", "properties": {"filename": "DJI_20260615154046_0034_V.JPG", "camera": "v2 dji m3t 4000 3000 brown 0.6666", "focal": 0.7328585127980234, "width": 4000, "height": 3000, "capture_time": 1781538046.0, "translation": [319186.4765702583, 4617553.957236397, 48.0796417699951], "rotation": [1.0721875420659497, -2.391280970929488, 1.0375573834583425]}, "geometry": {"type": "Point", "coordinates": [-71.17267313008166, 41.689234993844565, 48.0796417699951]}}, {"type": "Feature", "properties": {"filename": "DJI_20260615152750_0002_V.JPG", "camera": "v2 dji m3t 4000 3000 brown 0.6666", "focal": 0.7328585127980234, "width": 4000, "height": 3000, "capture_time": 1781537270.0, "translation": [319192.1230110141, 4617439.718310076, 33.48349262001328], "rotation": [2.166602360458369, -0.3189748378806485, 0.12387548647054748]}, "geometry": {"type": "Point", "coordinates": [-71.17257071789366, 41.68820804938211, 33.48349262001328]}}, {"type": "Feature", "properties": {"filename": "DJI_20260615142442_0090_V.JPG", "camera": "v2 dji m3t 4000 3000 brown 0.6666", "focal": 0.7328585127980234, "width": 4000, "height": 3000, "capture_time": 1781533482.0, "translation": [319276.64653519134, 4617631.019857468, 87.84503714613919], "rotation": [0.4847757747347831, 2.7502046074552644, -1.1262121704193828]}, "geometry": {"type": "Point", "coordinates": [-71.1716137262509, 41.6899490827822, 87.84503714613919]}}, {"type": "Feature", "properties": {"filename": "DJI_20260615153359_0141_V.JPG", "camera": "v2 dji m3t 4000 3000 brown 0.6666", "focal": 0.7328585127980234, "width": 4000, "height": 3000, "capture_time": 1781537639.0, "translation": [319220.35744731856, 4617457.995170827, 27.702208971311958], "rotation": [1.9067301239124264, 1.4036482938220969, -0.6747272843752583]}, "geometry": {"type": "Point", "coordinates": [-71.17223722667707, 41.68837896481081, 27.702208971311958]}}, {"type": "Feature", "properties": {"filename": "DJI_20260615142225_0047_V.JPG", "camera": "v2 dji m3t 4000 3000 brown 0.6666", "focal": 0.7328585127980234, "width": 4000, "height": 3000, "capture_time": 1781533345.0, "translation": [319192.07674349414, 4617391.896577294, 87.91027573619687], "rotation": [2.335699665893077, -0.4078100060691908, 0.18159595251178753]}, "geometry": {"type": "Point", "coordinates": [-71.17255678543437, 41.687777611207295, 87.91027573619687]}}, {"type": "Feature", "properties": {"filename": "DJI_20260615142342_0072_V.JPG", "camera": "v2 dji m3t 4000 3000 brown 0.6666", "focal": 0.7328585127980234, "width": 4000, "height": 3000, "capture_time": 1781533422.0, "translation": [319165.94125264126, 4617526.092725614, 87.71552425671955], "rotation": [1.481604643626129, -2.0939886498036313, 0.8422253838766313]}, "geometry": {"type": "Point", "coordinates": [-71.1729112701236, 41.688979530623726, 87.71552425671955]}}, {"type": "Feature", "properties": {"filename": "DJI_20260615153908_0013_V.JPG", "camera": "v2 dji m3t 4000 3000 brown 0.6666", "focal": 0.7328585127980234, "width": 4000, "height": 3000, "capture_time": 1781537948.0, "translation": [319171.2860616592, 4617491.857007011, 46.25780126795072], "rotation": [1.3868403371868692, -2.108182914627032, 0.9487311096854181]}, "geometry": {"type": "Point", "coordinates": [-71.17283671745119, 41.688672600266386, 46.25780126795072]}}, {"type": "Feature", "properties": {"filename": "DJI_20260615155023_0344_V.JPG", "camera": "v2 dji m3t 4000 3000 brown 0.6666", "focal": 0.7328585127980234, "width": 4000, "height": 3000, "capture_time": 1781538623.0, "translation": [319226.8527703016, 4617490.560265478, 130.21971558071618], "rotation": [1.7287236472341436, 2.20614784958458, -0.6852487850107205]}, "geometry": {"type": "Point", "coordinates": [-71.17216909753472, 41.68867354736045, 130.21971558071618]}}, {"type": "Feature", "properties": {"filename": "DJI_20260615153357_0140_V.JPG", "camera": "v2 dji m3t 4000 3000 brown 0.6666", "focal": 0.7328585127980234, "width": 4000, "height": 3000, "capture_time": 1781537637.0, "translation": [319219.45827254653, 4617454.937864369, 27.76736732191236], "rotation": [1.9074870352716358, 1.4102791440556603, -0.6808154658488641]}, "geometry": {"type": "Point", "coordinates": [-71.17224709751396, 41.68835124283038, 27.76736732191236]}}, {"type": "Feature", "properties": {"filename": "DJI_20260615153903_0011_V.JPG", "camera": "v2 dji m3t 4000 3000 brown 0.6666", "focal": 0.7328585127980234, "width": 4000, "height": 3000, "capture_time": 1781537943.0, "translation": [319169.56954938674, 4617487.719865692, 46.21528272475511], "rotation": [1.2710738079782746, -2.216468452103388, 1.0007573008997377]}, "geometry": {"type": "Point", "coordinates": [-71.17285607518855, 41.688634973367144, 46.21528272475511]}}, {"type": "Feature", "properties": {"filename": "DJI_20260615153001_0055_V.JPG", "camera": "v2 dji m3t 4000 3000 brown 0.6666", "focal": 0.7328585127980234, "width": 4000, "height": 3000, "capture_time": 1781537401.0, "translation": [319193.19623424415, 4617554.659087122, 38.52267866731876], "rotation": [1.0031425016860342, -2.284797272424073, 1.1760637288904974]}, "geometry": {"type": "Point", "coordinates": [-71.17259265447856, 41.68924283704579, 38.52267866731876]}}, {"type": "Feature", "properties": {"filename": "DJI_20260615153231_0118_V.JPG", "camera": "v2 dji m3t 4000 3000 brown 0.6666", "focal": 0.7328585127980234, "width": 4000, "height": 3000, "capture_time": 1781537551.0, "translation": [319226.5645503084, 4617478.553699639, 38.931166749049666], "rotation": [2.228497499384295, 1.6157059327609027, -0.39709026612923376]}, "geometry": {"type": "Point", "coordinates": [-71.17216892146989, 41.688565414757214, 38.931166749049666]}}, {"type": "Feature", "properties": {"filename": "DJI_20260615153432_0155_V.JPG", "camera": "v2 dji m3t 4000 3000 brown 0.6666", "focal": 0.7328585127980234, "width": 4000, "height": 3000, "capture_time": 1781537672.0, "translation": [319231.69200322224, 4617492.35181142, 27.490780641442413], "rotation": [1.9026858095361467, 1.3803824743367075, -0.6454146397093948]}, "geometry": {"type": "Point", "coordinates": [-71.17211153224154, 41.6886907712357, 27.490780641442413]}}, {"type": "Feature", "properties": {"filename": "DJI_20260615152852_0026_V.JPG", "camera": "v2 dji m3t 4000 3000 brown 0.6666", "focal": 0.7328585127980234, "width": 4000, "height": 3000, "capture_time": 1781537332.0, "translation": [319167.39205095574, 4617474.4520808505, 38.958355391583986], "rotation": [1.4868865061404712, -1.8433232549686427, 0.9619349110836921]}, "geometry": {"type": "Point", "coordinates": [-71.1728782016027, 41.68851505987164, 38.958355391583986]}}, {"type": "Feature", "properties": {"filename": "DJI_20260615155015_0334_V.JPG", "camera": "v2 dji m3t 4000 3000 brown 0.6666", "focal": 0.7328585127980234, "width": 4000, "height": 3000, "capture_time": 1781538615.0, "translation": [319301.6892983099, 4617515.86168042, 131.39056935071284], "rotation": [1.5057725678789629, 2.092430302429366, -0.8825200627712562]}, "geometry": {"type": "Point", "coordinates": [-71.17127814508753, 41.68891826572368, 131.39056935071284]}}, {"type": "Feature", "properties": {"filename": "DJI_20260615142522_0102_V.JPG", "camera": "v2 dji m3t 4000 3000 brown 0.6666", "focal": 0.7328585127980234, "width": 4000, "height": 3000, "capture_time": 1781533522.0, "translation": [319275.24570825143, 4617444.402242435, 87.80845955884374], "rotation": [2.0114581670813028, 1.3995792463179608, -0.5651216694695216]}, "geometry": {"type": "Point", "coordinates": [-71.17157403260097, 41.688269080350864, 87.80845955884374]}}, {"type": "Feature", "properties": {"filename": "DJI_20260615155021_0342_V.JPG", "camera": "v2 dji m3t 4000 3000 brown 0.6666", "focal": 0.7328585127980234, "width": 4000, "height": 3000, "capture_time": 1781538621.0, "translation": [319228.3049474454, 4617491.081606241, 128.17953246605583], "rotation": [1.707720774315364, 2.2111062074811585, -0.6907062195336842]}, "geometry": {"type": "Point", "coordinates": [-71.17215181817598, 41.68867856950044, 128.17953246605583]}}, {"type": "Feature", "properties": {"filename": "DJI_20260615142456_0096_V.JPG", "camera": "v2 dji m3t 4000 3000 brown 0.6666", "focal": 0.7328585127980234, "width": 4000, "height": 3000, "capture_time": 1781533496.0, "translation": [319238.1933254217, 4617515.181560991, 87.84792774007164], "rotation": [0.4814560099209379, 2.7503731917899725, -1.1071146986016718]}, "geometry": {"type": "Point", "coordinates": [-71.17204038141718, 41.688897730428764, 87.84792774007164]}}, {"type": "Feature", "properties": {"filename": "DJI_20260615155024_0345_V.JPG", "camera": "v2 dji m3t 4000 3000 brown 0.6666", "focal": 0.7328585127980234, "width": 4000, "height": 3000, "capture_time": 1781538624.0, "translation": [319227.23893298744, 4617490.716666453, 131.2869909055393], "rotation": [2.079782536377948, 1.9092382195799948, -0.8659478307639837]}, "geometry": {"type": "Point", "coordinates": [-71.17216450799255, 41.6886750427544, 131.2869909055393]}}, {"type": "Feature", "properties": {"filename": "DJI_20260615153029_0067_V.JPG", "camera": "v2 dji m3t 4000 3000 brown 0.6666", "focal": 0.7328585127980234, "width": 4000, "height": 3000, "capture_time": 1781537429.0, "translation": [319237.24721703294, 4617568.491512372, 39.16605091853413], "rotation": [0.5241665668210461, 2.610325156911225, -1.3329822229571395]}, "geometry": {"type": "Point", "coordinates": [-71.17206788965092, 41.68937734100187, 39.16605091853413]}}, {"type": "Feature", "properties": {"filename": "DJI_20260615154121_0037_V.JPG", "camera": "v2 dji m3t 4000 3000 brown 0.6666", "focal": 0.7328585127980234, "width": 4000, "height": 3000, "capture_time": 1781538081.0, "translation": [319211.21742135094, 4617554.479890099, 27.085685093607076], "rotation": [0.2568519663085599, -2.517352183420575, 1.6831086473506618]}, "geometry": {"type": "Point", "coordinates": [-71.17237620568868, 41.68924531659228, 27.085685093607076]}}, {"type": "Feature", "properties": {"filename": "DJI_20260615153025_0065_V.JPG", "camera": "v2 dji m3t 4000 3000 brown 0.6666", "focal": 0.7328585127980234, "width": 4000, "height": 3000, "capture_time": 1781537425.0, "translation": [319229.05476059695, 4617570.522045872, 39.03268588847983], "rotation": [0.42025023552777346, 2.658262168287959, -1.3590871911012736]}, "geometry": {"type": "Point", "coordinates": [-71.17216687819959, 41.68939375704656, 39.03268588847983]}}, {"type": "Feature", "properties": {"filename": "DJI_20260615152821_0013_V.JPG", "camera": "v2 dji m3t 4000 3000 brown 0.6666", "focal": 0.7328585127980234, "width": 4000, "height": 3000, "capture_time": 1781537301.0, "translation": [319184.26130291465, 4617442.533992046, 33.59894084126987], "rotation": [2.050523950130331, -0.3859689988495093, 0.18735158004368382]}, "geometry": {"type": "Point", "coordinates": [-71.17266597113513, 41.68823160701295, 33.59894084126987]}}, {"type": "Feature", "properties": {"filename": "DJI_20260615142249_0057_V.JPG", "camera": "v2 dji m3t 4000 3000 brown 0.6666", "focal": 0.7328585127980234, "width": 4000, "height": 3000, "capture_time": 1781533369.0, "translation": [319177.9236595944, 4617464.858844008, 88.12604820612304], "rotation": [2.3432467275838156, -0.39920767884997876, 0.15275342288524613]}, "geometry": {"type": "Point", "coordinates": [-71.17274883513211, 41.68843110628182, 88.12604820612304]}}, {"type": "Feature", "properties": {"filename": "DJI_20260615152840_0021_V.JPG", "camera": "v2 dji m3t 4000 3000 brown 0.6666", "focal": 0.7328585127980234, "width": 4000, "height": 3000, "capture_time": 1781537320.0, "translation": [319170.7687590154, 4617453.439406894, 39.42480725203881], "rotation": [2.112355494269073, -0.6622763678335447, 0.2797143565057365]}, "geometry": {"type": "Point", "coordinates": [-71.17283128842854, 41.68832669870062, 39.42480725203881]}}, {"type": "Feature", "properties": {"filename": "DJI_20260615153901_0010_V.JPG", "camera": "v2 dji m3t 4000 3000 brown 0.6666", "focal": 0.7328585127980234, "width": 4000, "height": 3000, "capture_time": 1781537941.0, "translation": [319169.0611956557, 4617487.745735882, 46.70042665840271], "rotation": [1.6354561915328076, -1.3938303046936862, 0.8714904017449983]}, "geometry": {"type": "Point", "coordinates": [-71.17286218716949, 41.6886350907553, 46.70042665840271]}}, {"type": "Feature", "properties": {"filename": "DJI_20260615142423_0082_V.JPG", "camera": "v2 dji m3t 4000 3000 brown 0.6666", "focal": 0.7328585127980234, "width": 4000, "height": 3000, "capture_time": 1781533463.0, "translation": [319198.4991422274, 4617519.715966762, 88.08137826136303], "rotation": [0.48931527776692013, 2.7599628873018203, -1.1150091515447627]}, "geometry": {"type": "Point", "coordinates": [-71.17251839177534, 41.688929529860935, 88.08137826136303]}}, {"type": "Feature", "properties": {"filename": "DJI_20260615152859_0029_V.JPG", "camera": "v2 dji m3t 4000 3000 brown 0.6666", "focal": 0.7328585127980234, "width": 4000, "height": 3000, "capture_time": 1781537339.0, "translation": [319170.67970004864, 4617486.311433198, 38.844999485189526], "rotation": [1.416699088340362, -1.9200897504661796, 1.0032107519509614]}, "geometry": {"type": "Point", "coordinates": [-71.17284231810811, 41.68862254867781, 38.844999485189526]}}, {"type": "Feature", "properties": {"filename": "DJI_20260615153427_0153_V.JPG", "camera": "v2 dji m3t 4000 3000 brown 0.6666", "focal": 0.7328585127980234, "width": 4000, "height": 3000, "capture_time": 1781537667.0, "translation": [319229.9989730466, 4617487.308914695, 27.522436398159954], "rotation": [1.903269452482268, 1.3797142987319964, -0.6437117035102939]}, "geometry": {"type": "Point", "coordinates": [-71.17213033408834, 41.688644997372656, 27.522436398159954]}}, {"type": "Feature", "properties": {"filename": "DJI_20260615152949_0050_V.JPG", "camera": "v2 dji m3t 4000 3000 brown 0.6666", "focal": 0.7328585127980234, "width": 4000, "height": 3000, "capture_time": 1781537389.0, "translation": [319185.8143050168, 4617539.369120669, 38.50733786722314], "rotation": [1.3842858205072521, -1.948837087113164, 1.0061094027400361]}, "geometry": {"type": "Point", "coordinates": [-71.17267666240092, 41.689103540648716, 38.50733786722314]}}, {"type": "Feature", "properties": {"filename": "DJI_20260615152819_0012_V.JPG", "camera": "v2 dji m3t 4000 3000 brown 0.6666", "focal": 0.7328585127980234, "width": 4000, "height": 3000, "capture_time": 1781537299.0, "translation": [319186.045026833, 4617441.714159197, 33.598500193784396], "rotation": [2.3251315883912413, -0.3957792517287612, 0.11903049116826794]}, "geometry": {"type": "Point", "coordinates": [-71.17264430451705, 41.68822463305872, 33.598500193784396]}}, {"type": "Feature", "properties": {"filename": "DJI_20260615153444_0160_V.JPG", "camera": "v2 dji m3t 4000 3000 brown 0.6666", "focal": 0.7328585127980234, "width": 4000, "height": 3000, "capture_time": 1781537684.0, "translation": [319235.3819283235, 4617503.328622407, 27.52817434853187], "rotation": [1.9037015672766644, 1.3768605141932055, -0.6426579184801713]}, "geometry": {"type": "Point", "coordinates": [-71.17207054964278, 41.68879040770145, 27.52817434853187]}}, {"type": "Feature", "properties": {"filename": "DJI_20260615142518_0100_V.JPG", "camera": "v2 dji m3t 4000 3000 brown 0.6666", "focal": 0.7328585127980234, "width": 4000, "height": 3000, "capture_time": 1781533518.0, "translation": [319236.97889199236, 4617458.515701864, 87.90293133306672], "rotation": [2.009512533002001, 1.4043230721817688, -0.5501087920532831]}, "geometry": {"type": "Point", "coordinates": [-71.17203780026561, 41.688387423846166, 87.90293133306672]}}, {"type": "Feature", "properties": {"filename": "DJI_20260615153925_0020_V.JPG", "camera": "v2 dji m3t 4000 3000 brown 0.6666", "focal": 0.7328585127980234, "width": 4000, "height": 3000, "capture_time": 1781537965.0, "translation": [319180.2784868877, 4617518.341893789, 46.14461604547659], "rotation": [1.4475286845682316, -2.0462285860802165, 0.9082923039136273]}, "geometry": {"type": "Point", "coordinates": [-71.17273676401881, 41.688913024301634, 46.14461604547659]}}, {"type": "Feature", "properties": {"filename": "DJI_20260615152850_0025_V.JPG", "camera": "v2 dji m3t 4000 3000 brown 0.6666", "focal": 0.7328585127980234, "width": 4000, "height": 3000, "capture_time": 1781537330.0, "translation": [319166.60508105106, 4617469.810782616, 38.997037395490615], "rotation": [1.5700109336593835, -1.7455796509116106, 0.9094476777090549]}, "geometry": {"type": "Point", "coordinates": [-71.17288624490082, 41.688473106343764, 38.997037395490615]}}, {"type": "Feature", "properties": {"filename": "DJI_20260615153013_0060_V.JPG", "camera": "v2 dji m3t 4000 3000 brown 0.6666", "focal": 0.7328585127980234, "width": 4000, "height": 3000, "capture_time": 1781537413.0, "translation": [319209.0617084777, 4617568.577383079, 38.79961828308762], "rotation": [0.5090346352883407, -2.5764797003406987, 1.3235468411483944]}, "geometry": {"type": "Point", "coordinates": [-71.172406361867, 41.68937171394783, 38.79961828308762]}}, {"type": "Feature", "properties": {"filename": "DJI_20260615153446_0161_V.JPG", "camera": "v2 dji m3t 4000 3000 brown 0.6666", "focal": 0.7328585127980234, "width": 4000, "height": 3000, "capture_time": 1781537686.0, "translation": [319236.09472873516, 4617505.423154431, 27.53413568496461], "rotation": [1.9034401019277942, 1.3759165149202823, -0.6422622229187168]}, "geometry": {"type": "Point", "coordinates": [-71.17206262497669, 41.688809421735634, 27.53413568496461]}}, {"type": "Feature", "properties": {"filename": "DJI_20260615142344_0073_V.JPG", "camera": "v2 dji m3t 4000 3000 brown 0.6666", "focal": 0.7328585127980234, "width": 4000, "height": 3000, "capture_time": 1781533424.0, "translation": [319184.11069617054, 4617521.294441904, 88.1579923045869], "rotation": [1.4836044716259522, -2.091039057955779, 0.8429339749416149]}, "geometry": {"type": "Point", "coordinates": [-71.17269164250725, 41.68894046955267, 88.1579923045869]}}, {"type": "Feature", "properties": {"filename": "DJI_20260615153430_0154_V.JPG", "camera": "v2 dji m3t 4000 3000 brown 0.6666", "focal": 0.7328585127980234, "width": 4000, "height": 3000, "capture_time": 1781537670.0, "translation": [319230.79396936274, 4617489.800520921, 27.499315860438216], "rotation": [1.9025312206548204, 1.380184817801828, -0.6440316146646557]}, "geometry": {"type": "Point", "coordinates": [-71.17212154274965, 41.6886676040079, 27.499315860438216]}}, {"type": "Feature", "properties": {"filename": "DJI_20260615152828_0016_V.JPG", "camera": "v2 dji m3t 4000 3000 brown 0.6666", "focal": 0.7328585127980234, "width": 4000, "height": 3000, "capture_time": 1781537308.0, "translation": [319180.56021989725, 4617444.940519591, 39.09952242090197], "rotation": [2.026060518991736, -0.5194696327291211, 0.26488851795299234]}, "geometry": {"type": "Point", "coordinates": [-71.17271114136751, 41.68825242682889, 39.09952242090197]}}, {"type": "Feature", "properties": {"filename": "DJI_20260615142546_0112_V.JPG", "camera": "v2 dji m3t 4000 3000 brown 0.6666", "focal": 0.7328585127980234, "width": 4000, "height": 3000, "capture_time": 1781533546.0, "translation": [319270.4172288136, 4617528.363529966, 87.7777482169214], "rotation": [2.0108748386180024, 1.4113871800984548, -0.5784290162536304]}, "geometry": {"type": "Point", "coordinates": [-71.17165743773668, 41.689023692587604, 87.7777482169214]}}, {"type": "Feature", "properties": {"filename": "DJI_20260615152843_0022_V.JPG", "camera": "v2 dji m3t 4000 3000 brown 0.6666", "focal": 0.7328585127980234, "width": 4000, "height": 3000, "capture_time": 1781537323.0, "translation": [319167.3719675959, 4617457.088800466, 39.33756991365708], "rotation": [2.005919519839075, -1.0106673457316864, 0.4847818669412636]}, "geometry": {"type": "Point", "coordinates": [-71.17287318155928, 41.68835877418608, 39.33756991365708]}}, {"type": "Feature", "properties": {"filename": "DJI_20260615154027_0026_V.JPG", "camera": "v2 dji m3t 4000 3000 brown 0.6666", "focal": 0.7328585127980234, "width": 4000, "height": 3000, "capture_time": 1781538027.0, "translation": [319190.3015987945, 4617492.729367661, 47.41170449449081], "rotation": [2.2580743666259253, -0.6603972458761487, 0.27874516173058905]}, "geometry": {"type": "Point", "coordinates": [-71.1726086493623, 41.68868477076851, 47.41170449449081]}}, {"type": "Feature", "properties": {"filename": "DJI_20260615142223_0046_V.JPG", "camera": "v2 dji m3t 4000 3000 brown 0.6666", "focal": 0.7328585127980234, "width": 4000, "height": 3000, "capture_time": 1781533343.0, "translation": [319185.4886957263, 4617374.394009932, 87.9845736645998], "rotation": [2.3306449947829764, -0.40357965237995724, 0.18864036614626334]}, "geometry": {"type": "Point", "coordinates": [-71.17263058880476, 41.68761858024452, 87.9845736645998]}}, {"type": "Feature", "properties": {"filename": "DJI_20260615142323_0064_V.JPG", "camera": "v2 dji m3t 4000 3000 brown 0.6666", "focal": 0.7328585127980234, "width": 4000, "height": 3000, "capture_time": 1781533403.0, "translation": [319171.1348093199, 4617483.2372456975, 87.73682338093595], "rotation": [1.4837293783586831, -2.108345288631536, 0.8509031041274464]}, "geometry": {"type": "Point", "coordinates": [-71.17283592181936, 41.68859498230314, 87.73682338093595]}}, {"type": "Feature", "properties": {"filename": "DJI_20260615153910_0014_V.JPG", "camera": "v2 dji m3t 4000 3000 brown 0.6666", "focal": 0.7328585127980234, "width": 4000, "height": 3000, "capture_time": 1781537950.0, "translation": [319172.79331865284, 4617496.047153261, 46.271287540395164], "rotation": [1.442146209497733, -2.0531669410359714, 0.9203096956561118]}, "geometry": {"type": "Point", "coordinates": [-71.17281988842326, 41.6887106567158, 46.271287540395164]}}, {"type": "Feature", "properties": {"filename": "DJI_20260615153442_0159_V.JPG", "camera": "v2 dji m3t 4000 3000 brown 0.6666", "focal": 0.7328585127980234, "width": 4000, "height": 3000, "capture_time": 1781537682.0, "translation": [319234.7691687904, 4617501.443278111, 27.50934899603029], "rotation": [1.9028615283049768, 1.3781115237092867, -0.6436220782879463]}, "geometry": {"type": "Point", "coordinates": [-71.17207733640659, 41.68877329921083, 27.50934899603029]}}, {"type": "Feature", "properties": {"filename": "DJI_20260615142325_0065_V.JPG", "camera": "v2 dji m3t 4000 3000 brown 0.6666", "focal": 0.7328585127980234, "width": 4000, "height": 3000, "capture_time": 1781533405.0, "translation": [319153.7159890496, 4617489.756977765, 87.93800225807604], "rotation": [1.481099665057732, -2.1020862757253362, 0.8509137331213145]}, "geometry": {"type": "Point", "coordinates": [-71.17304705674975, 41.688649707811294, 87.93800225807604]}}, {"type": "Feature", "properties": {"filename": "DJI_20260615152814_0010_V.JPG", "camera": "v2 dji m3t 4000 3000 brown 0.6666", "focal": 0.7328585127980234, "width": 4000, "height": 3000, "capture_time": 1781537294.0, "translation": [319192.96053560404, 4617439.432392191, 33.393225414046796], "rotation": [2.330684742724102, -0.3576216181691945, 0.11347443815797391]}, "geometry": {"type": "Point", "coordinates": [-71.17256057462032, 41.688205666126606, 33.393225414046796]}}, {"type": "Feature", "properties": {"filename": "DJI_20260615153915_0016_V.JPG", "camera": "v2 dji m3t 4000 3000 brown 0.6666", "focal": 0.7328585127980234, "width": 4000, "height": 3000, "capture_time": 1781537955.0, "translation": [319175.20293284627, 4617503.233066028, 46.201440316052874], "rotation": [1.443243009285376, -2.052911725216836, 0.9158979631698222]}, "geometry": {"type": "Point", "coordinates": [-71.17279313186661, 41.68877588200737, 46.201440316052874]}}, {"type": "Feature", "properties": {"filename": "DJI_20260615153906_0012_V.JPG", "camera": "v2 dji m3t 4000 3000 brown 0.6666", "focal": 0.7328585127980234, "width": 4000, "height": 3000, "capture_time": 1781537946.0, "translation": [319169.99964551796, 4617488.716037914, 46.24722055862919], "rotation": [1.3706957725156617, -2.1257594046296333, 0.9579594220307568]}, "geometry": {"type": "Point", "coordinates": [-71.17285121258357, 41.68864403726867, 46.24722055862919]}}, {"type": "Feature", "properties": {"filename": "DJI_20260615152816_0011_V.JPG", "camera": "v2 dji m3t 4000 3000 brown 0.6666", "focal": 0.7328585127980234, "width": 4000, "height": 3000, "capture_time": 1781537296.0, "translation": [319189.29545125784, 4617440.666064313, 33.523439922970695], "rotation": [2.329368163733163, -0.3557337187563376, 0.10669791917709845]}, "geometry": {"type": "Point", "coordinates": [-71.17260495720798, 41.68821593767589, 33.523439922970695]}}, {"type": "Feature", "properties": {"filename": "DJI_20260615153449_0162_V.JPG", "camera": "v2 dji m3t 4000 3000 brown 0.6666", "focal": 0.7328585127980234, "width": 4000, "height": 3000, "capture_time": 1781537689.0, "translation": [319236.932682488, 4617507.796666765, 27.548387082529025], "rotation": [1.9039923211904446, 1.375215191662706, -0.6409276308295294]}, "geometry": {"type": "Point", "coordinates": [-71.17205328200343, 41.68883097519495, 27.548387082529025]}}, {"type": "Feature", "properties": {"filename": "DJI_20260615154051_0036_V.JPG", "camera": "v2 dji m3t 4000 3000 brown 0.6666", "focal": 0.7328585127980234, "width": 4000, "height": 3000, "capture_time": 1781538051.0, "translation": [319199.8759336103, 4617565.1601834865, 47.972581752623235], "rotation": [0.6923020849108797, -2.6270010192035764, 1.139849954275534]}, "geometry": {"type": "Point", "coordinates": [-71.17251562757642, 41.689338870881066, 47.972581752623235]}}, {"type": "Feature", "properties": {"filename": "DJI_20260615142332_0068_V.JPG", "camera": "v2 dji m3t 4000 3000 brown 0.6666", "focal": 0.7328585127980234, "width": 4000, "height": 3000, "capture_time": 1781533412.0, "translation": [319107.2046977348, 4617519.123541624, 87.97952992701426], "rotation": [1.4799848541344671, -2.091856067454133, 0.8508308145760094]}, "geometry": {"type": "Point", "coordinates": [-71.17361445012112, 41.68890346012346, 87.97952992701426]}}, {"type": "Feature", "properties": {"filename": "DJI_20260615154129_0040_V.JPG", "camera": "v2 dji m3t 4000 3000 brown 0.6666", "focal": 0.7328585127980234, "width": 4000, "height": 3000, "capture_time": 1781538089.0, "translation": [319211.17228167265, 4617554.324714916, 27.113816219307985], "rotation": [0.6547763471820246, -2.5722081955180713, 1.2535817818350046]}, "geometry": {"type": "Point", "coordinates": [-71.17237670070645, 41.689243909661414, 27.113816219307985]}}, {"type": "Feature", "properties": {"filename": "DJI_20260615153058_0079_V.JPG", "camera": "v2 dji m3t 4000 3000 brown 0.6666", "focal": 0.7328585127980234, "width": 4000, "height": 3000, "capture_time": 1781537458.0, "translation": [319255.62377506524, 4617533.219161884, 39.05864415274189], "rotation": [1.9245763898435353, 1.3715661375503305, -0.6002092957234587]}, "geometry": {"type": "Point", "coordinates": [-71.17183654441023, 41.68906403824774, 39.05864415274189]}}, {"type": "Feature", "properties": {"filename": "DJI_20260615142232_0050_V.JPG", "camera": "v2 dji m3t 4000 3000 brown 0.6666", "focal": 0.7328585127980234, "width": 4000, "height": 3000, "capture_time": 1781533352.0, "translation": [319214.8630286879, 4617452.879997962, 87.90268517631168], "rotation": [2.3488475016415893, -0.42032529045901684, 0.15989833869048822]}, "geometry": {"type": "Point", "coordinates": [-71.17230165206689, 41.68833167723324, 87.90268517631168]}}, {"type": "Feature", "properties": {"filename": "DJI_20260615154138_0044_V.JPG", "camera": "v2 dji m3t 4000 3000 brown 0.6666", "focal": 0.7328585127980234, "width": 4000, "height": 3000, "capture_time": 1781538098.0, "translation": [319212.73658195295, 4617555.371829587, 26.990158102588925], "rotation": [0.5112051677712425, -2.373435612804255, 1.6218128223692534]}, "geometry": {"type": "Point", "coordinates": [-71.17235823414369, 41.68925368961347, 26.990158102588925]}}, {"type": "Feature", "properties": {"filename": "DJI_20260615153143_0098_V.JPG", "camera": "v2 dji m3t 4000 3000 brown 0.6666", "focal": 0.7328585127980234, "width": 4000, "height": 3000, "capture_time": 1781537503.0, "translation": [319246.3035184731, 4617505.485390463, 38.654920093682], "rotation": [1.9252299210692432, 1.3711151190884157, -0.6179805637039573]}, "geometry": {"type": "Point", "coordinates": [-71.17194005968085, 41.688812299685736, 38.654920093682]}}, {"type": "Feature", "properties": {"filename": "DJI_20260615152942_0047_V.JPG", "camera": "v2 dji m3t 4000 3000 brown 0.6666", "focal": 0.7328585127980234, "width": 4000, "height": 3000, "capture_time": 1781537382.0, "translation": [319183.40262376715, 4617531.339035978, 38.52610814056002], "rotation": [1.3897226571451777, -1.9455011198903385, 1.00610842867982]}, "geometry": {"type": "Point", "coordinates": [-71.17270318824376, 41.68903071680085, 38.52610814056002]}}, {"type": "Feature", "properties": {"filename": "DJI_20260615154131_0041_V.JPG", "camera": "v2 dji m3t 4000 3000 brown 0.6666", "focal": 0.7328585127980234, "width": 4000, "height": 3000, "capture_time": 1781538091.0, "translation": [319211.7832344468, 4617554.531688141, 26.957566821788184], "rotation": [0.647598532536337, -2.57741394478575, 1.256844710422643]}, "geometry": {"type": "Point", "coordinates": [-71.17236942721925, 41.689245911293526, 26.957566821788184]}}, {"type": "Feature", "properties": {"filename": "DJI_20260615153326_0127_V.JPG", "camera": "v2 dji m3t 4000 3000 brown 0.6666", "focal": 0.7328585127980234, "width": 4000, "height": 3000, "capture_time": 1781537606.0, "translation": [319225.01548622677, 4617471.28041347, 27.498275092851706], "rotation": [1.582083426328771, 1.2944142063518338, -0.8926773683839719]}, "geometry": {"type": "Point", "coordinates": [-71.17218531893728, 41.68849959857001, 27.498275092851706]}}, {"type": "Feature", "properties": {"filename": "DJI_20260615153851_0006_V.JPG", "camera": "v2 dji m3t 4000 3000 brown 0.6666", "focal": 0.7328585127980234, "width": 4000, "height": 3000, "capture_time": 1781537931.0, "translation": [319187.968220322, 4617445.6886763405, 42.69826706691769], "rotation": [2.126287507696703, 0.5000436340330467, -0.3440298707786023]}, "geometry": {"type": "Point", "coordinates": [-71.17262241575219, 41.68826084313572, 42.69826706691769]}}, {"type": "Feature", "properties": {"filename": "DJI_20260615153015_0061_V.JPG", "camera": "v2 dji m3t 4000 3000 brown 0.6666", "focal": 0.7328585127980234, "width": 4000, "height": 3000, "capture_time": 1781537415.0, "translation": [319212.7093999657, 4617570.103780716, 38.82987314179118], "rotation": [0.321393140891058, -2.661737927516951, 1.36755446386135]}, "geometry": {"type": "Point", "coordinates": [-71.17236302350568, 41.68938628086868, 38.82987314179118]}}, {"type": "Feature", "properties": {"filename": "DJI_20260615152913_0035_V.JPG", "camera": "v2 dji m3t 4000 3000 brown 0.6666", "focal": 0.7328585127980234, "width": 4000, "height": 3000, "capture_time": 1781537353.0, "translation": [319174.8471896929, 4617500.568099685, 38.710657254883195], "rotation": [1.4112274185584879, -1.9286776141307245, 1.0046459157702694]}, "geometry": {"type": "Point", "coordinates": [-71.17279659603756, 41.68875181473321, 38.710657254883195]}}, {"type": "Feature", "properties": {"filename": "DJI_20260615153439_0158_V.JPG", "camera": "v2 dji m3t 4000 3000 brown 0.6666", "focal": 0.7328585127980234, "width": 4000, "height": 3000, "capture_time": 1781537679.0, "translation": [319234.1937050738, 4617499.497244286, 27.492866678766426], "rotation": [1.9030619153638915, 1.3796257208756695, -0.6445690045952832]}, "geometry": {"type": "Point", "coordinates": [-71.17208365694731, 41.6887556529412, 27.492866678766426]}}, {"type": "Feature", "properties": {"filename": "DJI_20260615153228_0117_V.JPG", "camera": "v2 dji m3t 4000 3000 brown 0.6666", "focal": 0.7328585127980234, "width": 4000, "height": 3000, "capture_time": 1781537548.0, "translation": [319229.97966014966, 4617477.943877175, 38.845240077928544], "rotation": [2.2335660752536075, 1.617399602440905, -0.39413364827371733]}, "geometry": {"type": "Point", "coordinates": [-71.17212772927657, 41.688560701353765, 38.845240077928544]}}, {"type": "Feature", "properties": {"filename": "DJI_20260615153859_0009_V.JPG", "camera": "v2 dji m3t 4000 3000 brown 0.6666", "focal": 0.7328585127980234, "width": 4000, "height": 3000, "capture_time": 1781537939.0, "translation": [319171.1596684692, 4617479.747715254, 46.76248473907831], "rotation": [1.8565616500745172, 0.4882989335903353, -0.30972738871093786]}, "geometry": {"type": "Point", "coordinates": [-71.17283456598118, 41.688563579843795, 46.76248473907831]}}, {"type": "Feature", "properties": {"filename": "DJI_20260615153233_0119_V.JPG", "camera": "v2 dji m3t 4000 3000 brown 0.6666", "focal": 0.7328585127980234, "width": 4000, "height": 3000, "capture_time": 1781537553.0, "translation": [319226.253453857, 4617478.781832298, 38.88231574686889], "rotation": [2.2275392948193113, 1.617194393357347, -0.39869501706346583]}, "geometry": {"type": "Point", "coordinates": [-71.17217272611379, 41.68856739746858, 38.88231574686889]}}, {"type": "Feature", "properties": {"filename": "DJI_20260615153138_0096_V.JPG", "camera": "v2 dji m3t 4000 3000 brown 0.6666", "focal": 0.7328585127980234, "width": 4000, "height": 3000, "capture_time": 1781537498.0, "translation": [319247.14320878295, 4617508.202243664, 38.70112921249225], "rotation": [1.9261952434367307, 1.3694525593872382, -0.6183192352417729]}, "geometry": {"type": "Point", "coordinates": [-71.17193079980473, 41.68883694382926, 38.70112921249225]}}, {"type": "Feature", "properties": {"filename": "DJI_20260615153209_0109_V.JPG", "camera": "v2 dji m3t 4000 3000 brown 0.6666", "focal": 0.7328585127980234, "width": 4000, "height": 3000, "capture_time": 1781537529.0, "translation": [319240.4576642052, 4617486.342433098, 38.61447642095798], "rotation": [1.926908699751221, 1.3746409759904532, -0.6326158301923432]}, "geometry": {"type": "Point", "coordinates": [-71.1720044567893, 41.68863867297369, 38.61447642095798]}}, {"type": "Feature", "properties": {"filename": "DJI_20260615142537_0108_V.JPG", "camera": "v2 dji m3t 4000 3000 brown 0.6666", "focal": 0.7328585127980234, "width": 4000, "height": 3000, "capture_time": 1781533537.0, "translation": [319267.1591426951, 4617488.699024941, 87.8136571481883], "rotation": [2.0143291022716268, 1.4134187440123485, -0.5670275370649663]}, "geometry": {"type": "Point", "coordinates": [-71.17168454776865, 41.68866594568449, 87.8136571481883]}}, {"type": "Feature", "properties": {"filename": "DJI_20260615154042_0032_V.JPG", "camera": "v2 dji m3t 4000 3000 brown 0.6666", "focal": 0.7328585127980234, "width": 4000, "height": 3000, "capture_time": 1781538042.0, "translation": [319177.3876240215, 4617539.391081292, 48.163453690790895], "rotation": [1.36934114595846, -2.1494336272083436, 0.939942540873165]}, "geometry": {"type": "Point", "coordinates": [-71.17277785457189, 41.68910182448161, 48.163453690790895]}}, {"type": "Feature", "properties": {"filename": "DJI_20260615154023_0024_V.JPG", "camera": "v2 dji m3t 4000 3000 brown 0.6666", "focal": 0.7328585127980234, "width": 4000, "height": 3000, "capture_time": 1781538023.0, "translation": [319193.05930286605, 4617491.247771816, 47.37833195934928], "rotation": [2.2766733050895365, -0.5570202455570957, 0.22868696419366147]}, "geometry": {"type": "Point", "coordinates": [-71.17257508686407, 41.68867206168644, 47.37833195934928]}}, {"type": "Feature", "properties": {"filename": "DJI_20260615153309_0120_V.JPG", "camera": "v2 dji m3t 4000 3000 brown 0.6666", "focal": 0.7328585127980234, "width": 4000, "height": 3000, "capture_time": 1781537589.0, "translation": [319226.63423176383, 4617478.890452876, 27.494343888331393], "rotation": [1.5884004683706034, 1.2820897089932153, -0.8872039049555667]}, "geometry": {"type": "Point", "coordinates": [-71.1721681867646, 41.688568461584175, 27.494343888331393]}}, {"type": "Feature", "properties": {"filename": "DJI_20260615154124_0038_V.JPG", "camera": "v2 dji m3t 4000 3000 brown 0.6666", "focal": 0.7328585127980234, "width": 4000, "height": 3000, "capture_time": 1781538084.0, "translation": [319211.32636401965, 4617554.434701779, 27.105069820095363], "rotation": [0.30273414733443155, -2.6024215403697313, 1.5319405834654392]}, "geometry": {"type": "Point", "coordinates": [-71.17237488383903, 41.68924493460574, 27.105069820095363]}}, {"type": "Feature", "properties": {"filename": "DJI_20260615153006_0057_V.JPG", "camera": "v2 dji m3t 4000 3000 brown 0.6666", "focal": 0.7328585127980234, "width": 4000, "height": 3000, "capture_time": 1781537406.0, "translation": [319199.3957656931, 4617560.970312142, 38.634859348656505], "rotation": [0.8301008337040204, -2.400415342666646, 1.2333901458017371]}, "geometry": {"type": "Point", "coordinates": [-71.17252012394405, 41.68930105019314, 38.634859348656505]}}, {"type": "Feature", "properties": {"filename": "DJI_20260615153918_0017_V.JPG", "camera": "v2 dji m3t 4000 3000 brown 0.6666", "focal": 0.7328585127980234, "width": 4000, "height": 3000, "capture_time": 1781537958.0, "translation": [319176.56429432746, 4617507.292420175, 46.16766475496599], "rotation": [1.4436318057094604, -2.051485841704001, 0.9134888648518794]}, "geometry": {"type": "Point", "coordinates": [-71.17277801502829, 41.68881272809903, 46.16766475496599]}}, {"type": "Feature", "properties": {"filename": "DJI_20260615142427_0084_V.JPG", "camera": "v2 dji m3t 4000 3000 brown 0.6666", "focal": 0.7328585127980234, "width": 4000, "height": 3000, "capture_time": 1781533467.0, "translation": [319212.642786278, 4617557.693805143, 87.93128257838504], "rotation": [0.4939391331989702, 2.759192591069624, -1.1252719216788034]}, "geometry": {"type": "Point", "coordinates": [-71.17236006385049, 41.68927456765008, 87.93128257838504]}}, {"type": "Feature", "properties": {"filename": "DJI_20260615142435_0087_V.JPG", "camera": "v2 dji m3t 4000 3000 brown 0.6666", "focal": 0.7328585127980234, "width": 4000, "height": 3000, "capture_time": 1781533475.0, "translation": [319235.49659829936, 4617618.991169017, 87.8716690908418], "rotation": [0.4927464049646136, 2.7532620914617416, -1.1377653995483292]}, "geometry": {"type": "Point", "coordinates": [-71.17210420764535, 41.689831474317906, 87.8716690908418]}}, {"type": "Feature", "properties": {"filename": "DJI_20260615142356_0078_V.JPG", "camera": "v2 dji m3t 4000 3000 brown 0.6666", "focal": 0.7328585127980234, "width": 4000, "height": 3000, "capture_time": 1781533436.0, "translation": [319146.63261238893, 4617574.560835694, 87.95327346674365], "rotation": [1.4739456775374895, -2.089051976011932, 0.845716378801949]}, "geometry": {"type": "Point", "coordinates": [-71.17315781146695, 41.68941138997926, 87.95327346674365]}}, {"type": "Feature", "properties": {"filename": "DJI_20260615142239_0053_V.JPG", "camera": "v2 dji m3t 4000 3000 brown 0.6666", "focal": 0.7328585127980234, "width": 4000, "height": 3000, "capture_time": 1781533359.0, "translation": [319224.12706386164, 4617505.534693816, 87.95786440020225], "rotation": [2.35259718592946, -0.4125965031064153, 0.1552612495832292]}, "geometry": {"type": "Point", "coordinates": [-71.17220636294712, 41.68880770838308, 87.95786440020225]}}, {"type": "Feature", "properties": {"filename": "DJI_20260615142346_0074_V.JPG", "camera": "v2 dji m3t 4000 3000 brown 0.6666", "focal": 0.7328585127980234, "width": 4000, "height": 3000, "capture_time": 1781533426.0, "translation": [319194.1677788618, 4617532.461371076, 88.06483641446246], "rotation": [1.4829417808772565, -2.090351773409783, 0.8419393881481186]}, "geometry": {"type": "Point", "coordinates": [-71.17257426307319, 41.689043263394815, 88.06483641446246]}}, {"type": "Feature", "properties": {"filename": "DJI_20260615152826_0015_V.JPG", "camera": "v2 dji m3t 4000 3000 brown 0.6666", "focal": 0.7328585127980234, "width": 4000, "height": 3000, "capture_time": 1781537306.0, "translation": [319180.2062713914, 4617445.016459892, 35.48373250616392], "rotation": [2.0359677872951583, -0.5068711872937288, 0.2592757096523167]}, "geometry": {"type": "Point", "coordinates": [-71.17271541444698, 41.68825302995719, 35.48373250616392]}}, {"type": "Feature", "properties": {"filename": "DJI_20260615152833_0018_V.JPG", "camera": "v2 dji m3t 4000 3000 brown 0.6666", "focal": 0.7328585127980234, "width": 4000, "height": 3000, "capture_time": 1781537313.0, "translation": [319178.41843670304, 4617446.520029697, 39.28820852902338], "rotation": [2.0162212526100185, -0.5683790014738989, 0.28946013993870423]}, "geometry": {"type": "Point", "coordinates": [-71.172737337605, 41.68826615705413, 39.28820852902338]}}, {"type": "Feature", "properties": {"filename": "DJI_20260615153212_0110_V.JPG", "camera": "v2 dji m3t 4000 3000 brown 0.6666", "focal": 0.7328585127980234, "width": 4000, "height": 3000, "capture_time": 1781537532.0, "translation": [319239.5423439313, 4617483.338278498, 38.621443669212105], "rotation": [1.9274352795876473, 1.3757962068827658, -0.6356189000991177]}, "geometry": {"type": "Point", "coordinates": [-71.172014537731, 41.68861142574794, 38.621443669212105]}}, {"type": "Feature", "properties": {"filename": "DJI_20260615153119_0088_V.JPG", "camera": "v2 dji m3t 4000 3000 brown 0.6666", "focal": 0.7328585127980234, "width": 4000, "height": 3000, "capture_time": 1781537479.0, "translation": [319250.5167996861, 4617518.88481495, 38.8189251686033], "rotation": [1.9252614909971009, 1.3738574155198962, -0.6158098878177878]}, "geometry": {"type": "Point", "coordinates": [-71.17189352617864, 41.68893386006516, 38.8189251686033]}}, {"type": "Feature", "properties": {"filename": "DJI_20260615142242_0054_V.JPG", "camera": "v2 dji m3t 4000 3000 brown 0.6666", "focal": 0.7328585127980234, "width": 4000, "height": 3000, "capture_time": 1781533362.0, "translation": [319206.4910407518, 4617510.463492964, 88.02566235099289], "rotation": [2.349525552230887, -0.4068315705326581, 0.15483036389173918]}, "geometry": {"type": "Point", "coordinates": [-71.17241962423584, 41.68884806625766, 88.02566235099289]}}, {"type": "Feature", "properties": {"filename": "DJI_20260615142439_0089_V.JPG", "camera": "v2 dji m3t 4000 3000 brown 0.6666", "focal": 0.7328585127980234, "width": 4000, "height": 3000, "capture_time": 1781533479.0, "translation": [319259.98748334585, 4617638.085864288, 87.88562725989328], "rotation": [0.4853856592063556, 2.7461730474450965, -1.1328902928180977]}, "geometry": {"type": "Point", "coordinates": [-71.17181590692812, 41.690008899770184, 87.88562725989328]}}, {"type": "Feature", "properties": {"filename": "DJI_20260615153854_0007_V.JPG", "camera": "v2 dji m3t 4000 3000 brown 0.6666", "focal": 0.7328585127980234, "width": 4000, "height": 3000, "capture_time": 1781537934.0, "translation": [319187.8928675385, 4617446.102142458, 43.647785308709025], "rotation": [1.8566330942630935, 0.4309256193353982, -0.39375103194149735]}, "geometry": {"type": "Point", "coordinates": [-71.17262344582603, 41.688264547495095, 43.647785308709025]}}, {"type": "Feature", "properties": {"filename": "DJI_20260615142353_0077_V.JPG", "camera": "v2 dji m3t 4000 3000 brown 0.6666", "focal": 0.7328585127980234, "width": 4000, "height": 3000, "capture_time": 1781533433.0, "translation": [319167.22297381295, 4617566.933216401, 87.87285935481177], "rotation": [1.47568192188453, -2.0912494801344508, 0.843601164571064]}, "geometry": {"type": "Point", "coordinates": [-71.17290825498516, 41.68934741339507, 87.87285935481177]}}, {"type": "Feature", "properties": {"filename": "DJI_20260615142515_0099_V.JPG", "camera": "v2 dji m3t 4000 3000 brown 0.6666", "focal": 0.7328585127980234, "width": 4000, "height": 3000, "capture_time": 1781533515.0, "translation": [319232.3790982137, 4617460.319239027, 87.72895469179798], "rotation": [2.0047668438532953, 1.4115806757483984, -0.5462053217914352]}, "geometry": {"type": "Point", "coordinates": [-71.17209357915934, 41.68840261254363, 87.72895469179798]}}, {"type": "Feature", "properties": {"filename": "DJI_20260615152800_0005_V.JPG", "camera": "v2 dji m3t 4000 3000 brown 0.6666", "focal": 0.7328585127980234, "width": 4000, "height": 3000, "capture_time": 1781537280.0, "translation": [319200.56399866816, 4617437.360186522, 33.26322555811098], "rotation": [2.335589783653493, -0.36168416740566584, 0.11843987562881181]}, "geometry": {"type": "Point", "coordinates": [-71.17246864758603, 41.688188741548636, 33.26322555811098]}}, {"type": "Feature", "properties": {"filename": "DJI_20260615142444_0091_V.JPG", "camera": "v2 dji m3t 4000 3000 brown 0.6666", "focal": 0.7328585127980234, "width": 4000, "height": 3000, "capture_time": 1781533484.0, "translation": [319275.88180808193, 4617616.728048955, 87.73309986424225], "rotation": [0.4826004598054136, 2.7513596130528115, -1.1205559603969868]}, "geometry": {"type": "Point", "coordinates": [-71.1716185807943, 41.68982027328706, 87.73309986424225]}}, {"type": "Feature", "properties": {"filename": "DJI_20260615153844_0003_V.JPG", "camera": "v2 dji m3t 4000 3000 brown 0.6666", "focal": 0.7328585127980234, "width": 4000, "height": 3000, "capture_time": 1781537924.0, "translation": [319189.46498947154, 4617441.707299646, 33.19610939954882], "rotation": [2.059302634117807, -0.8927792226418272, 0.44443060543265356]}, "geometry": {"type": "Point", "coordinates": [-71.17260323692223, 41.68822534799346, 33.19610939954882]}}, {"type": "Feature", "properties": {"filename": "DJI_20260615154140_0045_V.JPG", "camera": "v2 dji m3t 4000 3000 brown 0.6666", "focal": 0.7328585127980234, "width": 4000, "height": 3000, "capture_time": 1781538100.0, "translation": [319212.79550534766, 4617555.353619867, 26.97309706744322], "rotation": [0.6725541118636926, -2.150082923307694, 1.6514445367778858]}, "geometry": {"type": "Point", "coordinates": [-71.17235752108768, 41.689253539093954, 26.97309706744322]}}, {"type": "Feature", "properties": {"filename": "DJI_20260615155010_0328_V.JPG", "camera": "v2 dji m3t 4000 3000 brown 0.6666", "focal": 0.7328585127980234, "width": 4000, "height": 3000, "capture_time": 1781538610.0, "translation": [319367.9714668275, 4617536.91936268, 129.52588749424623], "rotation": [1.4655016396976648, 1.9169096454671732, -1.035212103041348]}, "geometry": {"type": "Point", "coordinates": [-71.17048862002574, 41.68912284005917, 129.52588749424623]}}, {"type": "Feature", "properties": {"filename": "DJI_20260615153053_0077_V.JPG", "camera": "v2 dji m3t 4000 3000 brown 0.6666", "focal": 0.7328585127980234, "width": 4000, "height": 3000, "capture_time": 1781537453.0, "translation": [319257.14036939346, 4617538.724206095, 39.10796241970006], "rotation": [1.8305347245403607, 1.5316137647744819, -0.6702979663012992]}, "geometry": {"type": "Point", "coordinates": [-71.17182000081263, 41.689113931651505, 39.10796241970006]}}, {"type": "Feature", "properties": {"filename": "DJI_20260615153920_0018_V.JPG", "camera": "v2 dji m3t 4000 3000 brown 0.6666", "focal": 0.7328585127980234, "width": 4000, "height": 3000, "capture_time": 1781537960.0, "translation": [319177.7844973705, 4617511.007303208, 46.147887187692234], "rotation": [1.4449581895615533, -2.0496299979136, 0.9111940282298568]}, "geometry": {"type": "Point", "coordinates": [-71.17276448878935, 41.688846441659116, 46.147887187692234]}}, {"type": "Feature", "properties": {"filename": "DJI_20260615142432_0086_V.JPG", "camera": "v2 dji m3t 4000 3000 brown 0.6666", "focal": 0.7328585127980234, "width": 4000, "height": 3000, "capture_time": 1781533472.0, "translation": [319227.8268324238, 4617598.415909847, 87.88709054906492], "rotation": [0.49426362578554767, 2.7546600853568, -1.1369894273236496]}, "geometry": {"type": "Point", "coordinates": [-71.17219007260861, 41.68964454171428, 87.88709054906492]}}, {"type": "Feature", "properties": {"filename": "DJI_20260615153046_0074_V.JPG", "camera": "v2 dji m3t 4000 3000 brown 0.6666", "focal": 0.7328585127980234, "width": 4000, "height": 3000, "capture_time": 1781537446.0, "translation": [319259.59749249124, 4617549.287576997, 38.95229060790916], "rotation": [1.4606711607875686, 1.8715459964932801, -0.9598018152703431]}, "geometry": {"type": "Point", "coordinates": [-71.17179369552042, 41.68920956691691, 38.95229060790916]}}, {"type": "Feature", "properties": {"filename": "DJI_20260615153406_0144_V.JPG", "camera": "v2 dji m3t 4000 3000 brown 0.6666", "focal": 0.7328585127980234, "width": 4000, "height": 3000, "capture_time": 1781537646.0, "translation": [319222.4070397882, 4617464.449167178, 27.553861790439825], "rotation": [1.9053691229833265, 1.3908080066883994, -0.6661361757448734]}, "geometry": {"type": "Point", "coordinates": [-71.17221457095036, 41.68843752049527, 27.553861790439825]}}, {"type": "Feature", "properties": {"filename": "DJI_20260615142337_0070_V.JPG", "camera": "v2 dji m3t 4000 3000 brown 0.6666", "focal": 0.7328585127980234, "width": 4000, "height": 3000, "capture_time": 1781533417.0, "translation": [319126.29273556994, 4617540.407158391, 87.86278989845673], "rotation": [1.481211579907303, -2.091216244006601, 0.8456316734677117]}, "geometry": {"type": "Point", "coordinates": [-71.17339169720104, 41.68909936351788, 87.86278989845673]}}, {"type": "Feature", "properties": {"filename": "DJI_20260615152937_0045_V.JPG", "camera": "v2 dji m3t 4000 3000 brown 0.6666", "focal": 0.7328585127980234, "width": 4000, "height": 3000, "capture_time": 1781537377.0, "translation": [319181.9495628543, 4617526.171875779, 38.539234131256904], "rotation": [1.3929073480609464, -1.9411094669964963, 1.0061435737244462]}, "geometry": {"type": "Point", "coordinates": [-71.17271907061802, 41.6889838788972, 38.539234131256904]}}, {"type": "Feature", "properties": {"filename": "DJI_20260615153141_0097_V.JPG", "camera": "v2 dji m3t 4000 3000 brown 0.6666", "focal": 0.7328585127980234, "width": 4000, "height": 3000, "capture_time": 1781537501.0, "translation": [319246.68041368644, 4617506.715020238, 38.68207267075959], "rotation": [1.925882197939585, 1.3696025797942177, -0.6180111829809273]}, "geometry": {"type": "Point", "coordinates": [-71.17193590646401, 41.68882345274848, 38.68207267075959]}}, {"type": "Feature", "properties": {"filename": "DJI_20260615142539_0109_V.JPG", "camera": "v2 dji m3t 4000 3000 brown 0.6666", "focal": 0.7328585127980234, "width": 4000, "height": 3000, "capture_time": 1781533539.0, "translation": [319249.53603575885, 4617497.342785456, 87.62911917051258], "rotation": [2.015936277643254, 1.4146523817138201, -0.5705506397023486]}, "geometry": {"type": "Point", "coordinates": [-71.17189877837123, 41.68873974463468, 87.62911917051258]}}, {"type": "Feature", "properties": {"filename": "DJI_20260615142446_0092_V.JPG", "camera": "v2 dji m3t 4000 3000 brown 0.6666", "focal": 0.7328585127980234, "width": 4000, "height": 3000, "capture_time": 1781533486.0, "translation": [319268.43216183636, 4617596.433244493, 87.7268362161175], "rotation": [0.4813877783724564, 2.751150082940122, -1.116699458533439]}, "geometry": {"type": "Point", "coordinates": [-71.17170188893792, 41.689635915263594, 87.7268362161175]}}, {"type": "Feature", "properties": {"filename": "DJI_20260615142230_0049_V.JPG", "camera": "v2 dji m3t 4000 3000 brown 0.6666", "focal": 0.7328585127980234, "width": 4000, "height": 3000, "capture_time": 1781533350.0, "translation": [319207.476322339, 4617433.001851083, 87.72953315195475], "rotation": [2.3510118114485237, -0.41718238867782226, 0.1648005394419492]}, "geometry": {"type": "Point", "coordinates": [-71.17238432696115, 41.688151083252464, 87.72953315195475]}}, {"type": "Feature", "properties": {"filename": "DJI_20260615142451_0094_V.JPG", "camera": "v2 dji m3t 4000 3000 brown 0.6666", "focal": 0.7328585127980234, "width": 4000, "height": 3000, "capture_time": 1781533491.0, "translation": [319253.3154654591, 4617555.646733974, 87.72815526825993], "rotation": [0.4819891096037035, 2.751998286567838, -1.108526710292616]}, "geometry": {"type": "Point", "coordinates": [-71.17187105476027, 41.68926537744972, 87.72815526825993]}}, {"type": "Feature", "properties": {"filename": "DJI_20260615142327_0066_V.JPG", "camera": "v2 dji m3t 4000 3000 brown 0.6666", "focal": 0.7328585127980234, "width": 4000, "height": 3000, "capture_time": 1781533407.0, "translation": [319132.440248768, 4617497.456569179, 87.88435021864436], "rotation": [1.4797577445373282, -2.0951572810684262, 0.8513491843297981]}, "geometry": {"type": "Point", "coordinates": [-71.1733048622493, 41.68871417625941, 87.88435021864436]}}, {"type": "Feature", "properties": {"filename": "DJI_20260615153347_0136_V.JPG", "camera": "v2 dji m3t 4000 3000 brown 0.6666", "focal": 0.7328585127980234, "width": 4000, "height": 3000, "capture_time": 1781537627.0, "translation": [319218.1797341629, 4617450.355856466, 27.87232085539445], "rotation": [1.6476879395530661, 1.214615195016621, -0.8618718782928477]}, "geometry": {"type": "Point", "coordinates": [-71.17226106173162, 41.688309711372234, 27.87232085539445]}}, {"type": "Feature", "properties": {"filename": "DJI_20260615142320_0063_V.JPG", "camera": "v2 dji m3t 4000 3000 brown 0.6666", "focal": 0.7328585127980234, "width": 4000, "height": 3000, "capture_time": 1781533400.0, "translation": [319175.5493771244, 4617481.733053729, 87.5731877476188], "rotation": [1.4906053647100115, -2.108222983766526, 0.8513115570553034]}, "geometry": {"type": "Point", "coordinates": [-71.17278245742821, 41.688582446213466, 87.5731877476188]}}, {"type": "Feature", "properties": {"filename": "DJI_20260615153219_0113_V.JPG", "camera": "v2 dji m3t 4000 3000 brown 0.6666", "focal": 0.7328585127980234, "width": 4000, "height": 3000, "capture_time": 1781537539.0, "translation": [319237.8038167952, 4617474.958668768, 38.72264292141251], "rotation": [1.928196571825395, 1.3817541476821467, -0.6445633937508259]}, "geometry": {"type": "Point", "coordinates": [-71.17203287527862, 41.68853560890692, 38.72264292141251]}}, {"type": "Feature", "properties": {"filename": "DJI_20260615142541_0110_V.JPG", "camera": "v2 dji m3t 4000 3000 brown 0.6666", "focal": 0.7328585127980234, "width": 4000, "height": 3000, "capture_time": 1781533541.0, "translation": [319248.5615250077, 4617512.341337864, 87.90546553421663], "rotation": [2.0173211921170013, 1.415693056775098, -0.5707531857604189]}, "geometry": {"type": "Point", "coordinates": [-71.17191502271127, 41.688874520463706, 87.90546553421663]}}, {"type": "Feature", "properties": {"filename": "DJI_20260615153849_0005_V.JPG", "camera": "v2 dji m3t 4000 3000 brown 0.6666", "focal": 0.7328585127980234, "width": 4000, "height": 3000, "capture_time": 1781537929.0, "translation": [319189.4503380271, 4617441.777866382, 38.22015514754378], "rotation": [2.138152981002569, 0.49213516440691457, -0.3383081160921929]}, "geometry": {"type": "Point", "coordinates": [-71.17260343423018, 41.68822597981406, 38.22015514754378]}}, {"type": "Feature", "properties": {"filename": "DJI_20260615152809_0008_V.JPG", "camera": "v2 dji m3t 4000 3000 brown 0.6666", "focal": 0.7328585127980234, "width": 4000, "height": 3000, "capture_time": 1781537289.0, "translation": [319200.30239450716, 4617437.287129221, 33.24763049360513], "rotation": [2.3320080648300343, -0.3633596911259134, 0.12270410718339911]}, "geometry": {"type": "Point", "coordinates": [-71.17247176668809, 41.68818802457771, 33.24763049360513]}}, {"type": "Feature", "properties": {"filename": "DJI_20260615153354_0139_V.JPG", "camera": "v2 dji m3t 4000 3000 brown 0.6666", "focal": 0.7328585127980234, "width": 4000, "height": 3000, "capture_time": 1781537634.0, "translation": [319219.02557257505, 4617453.724599365, 27.77322633424977], "rotation": [1.906436600888216, 1.4126216876385629, -0.6835448936038148]}, "geometry": {"type": "Point", "coordinates": [-71.17225192568894, 41.68834022438034, 27.77322633424977]}}, {"type": "Feature", "properties": {"filename": "DJI_20260615142339_0071_V.JPG", "camera": "v2 dji m3t 4000 3000 brown 0.6666", "focal": 0.7328585127980234, "width": 4000, "height": 3000, "capture_time": 1781533419.0, "translation": [319145.37558513856, 4617533.682288699, 87.81935270611578], "rotation": [1.4820995824313494, -2.092590644965205, 0.8438148043043942]}, "geometry": {"type": "Point", "coordinates": [-71.17316051711843, 41.6890431703174, 87.81935270611578]}}, {"type": "Feature", "properties": {"filename": "DJI_20260615152823_0014_V.JPG", "camera": "v2 dji m3t 4000 3000 brown 0.6666", "focal": 0.7328585127980234, "width": 4000, "height": 3000, "capture_time": 1781537303.0, "translation": [319180.89873350394, 4617444.036978583, 33.70143361165229], "rotation": [2.048521493487034, -0.4442361384093358, 0.21841660423171685]}, "geometry": {"type": "Point", "coordinates": [-71.17270680287642, 41.68824437123466, 33.70143361165229]}}, {"type": "Feature", "properties": {"filename": "DJI_20260615142247_0056_V.JPG", "camera": "v2 dji m3t 4000 3000 brown 0.6666", "focal": 0.7328585127980234, "width": 4000, "height": 3000, "capture_time": 1781533367.0, "translation": [319185.59058374434, 4617485.271593077, 88.09788979781264], "rotation": [2.346842097348738, -0.40291151815789406, 0.15300215540128795]}, "geometry": {"type": "Point", "coordinates": [-71.17266295815605, 41.6886165759177, 88.09788979781264]}}, {"type": "Feature", "properties": {"filename": "DJI_20260615153913_0015_V.JPG", "camera": "v2 dji m3t 4000 3000 brown 0.6666", "focal": 0.7328585127980234, "width": 4000, "height": 3000, "capture_time": 1781537953.0, "translation": [319173.8776713744, 4617499.315956842, 46.24368073674708], "rotation": [1.4422489758074815, -2.0537285731282666, 0.9180700193128528]}, "geometry": {"type": "Point", "coordinates": [-71.17280785831123, 41.68874032441269, 46.24368073674708]}}, {"type": "Feature", "properties": {"filename": "DJI_20260615153349_0137_V.JPG", "camera": "v2 dji m3t 4000 3000 brown 0.6666", "focal": 0.7328585127980234, "width": 4000, "height": 3000, "capture_time": 1781537629.0, "translation": [319218.1189940824, 4617450.251451876, 27.847361516856758], "rotation": [1.9071121497311347, 1.420386698296561, -0.6933338619890634]}, "geometry": {"type": "Point", "coordinates": [-71.1722617594486, 41.68830875786894, 27.847361516856758]}}, {"type": "Feature", "properties": {"filename": "DJI_20260615142437_0088_V.JPG", "camera": "v2 dji m3t 4000 3000 brown 0.6666", "focal": 0.7328585127980234, "width": 4000, "height": 3000, "capture_time": 1781533477.0, "translation": [319244.1649544488, 4617637.03837223, 87.86801566667681], "rotation": [0.4887346117576485, 2.7492722990188914, -1.1350945621260042]}, "geometry": {"type": "Point", "coordinates": [-71.17200558544758, 41.689995879388526, 87.86801566667681]}}, {"type": "Feature", "properties": {"filename": "DJI_20260615142527_0104_V.JPG", "camera": "v2 dji m3t 4000 3000 brown 0.6666", "focal": 0.7328585127980234, "width": 4000, "height": 3000, "capture_time": 1781533527.0, "translation": [319307.9299706118, 4617444.512435602, 87.98207765218234], "rotation": [2.011416946006342, 1.4035308549575485, -0.5734820253723578]}, "geometry": {"type": "Point", "coordinates": [-71.17118160605655, 41.688277490529295, 87.98207765218234]}}, {"type": "Feature", "properties": {"filename": "DJI_20260615142525_0103_V.JPG", "camera": "v2 dji m3t 4000 3000 brown 0.6666", "focal": 0.7328585127980234, "width": 4000, "height": 3000, "capture_time": 1781533525.0, "translation": [319295.5976877169, 4617437.458631952, 87.86332713179509], "rotation": [2.0106209987264556, 1.4013270806995104, -0.5705976543395579]}, "geometry": {"type": "Point", "coordinates": [-71.17132755151471, 41.68821120260853, 87.86332713179509]}}]}