{"type": "FeatureCollection", "features": [{"type": "Feature", "properties": {"filename": "DJI_20260508085211_1094_V.JPG", "camera": "v2 dji m3t 4000 3000 brown 0.6666", "focal": 0.7188884491448521, "width": 4000, "height": 3000, "capture_time": 1778230331.0, "translation": [342415.15842996584, 4703542.026889496, 26.53826837939105], "rotation": [2.0822917578436604, -1.2569712446779893, 0.5052226251041831]}, "geometry": {"type": "Point", "coordinates": [-70.91687741284078, 42.468198143372966, 26.53826837939105]}}, {"type": "Feature", "properties": {"filename": "DJI_20260508084827_0798_V.JPG", "camera": "v2 dji m3t 4000 3000 brown 0.6666", "focal": 0.7188884491448521, "width": 4000, "height": 3000, "capture_time": 1778230107.0, "translation": [342433.5913116947, 4703576.040723119, 26.606782104733547], "rotation": [2.310465949632115, 0.5475991410042675, -0.22523629826260147]}, "geometry": {"type": "Point", "coordinates": [-70.91666265883974, 42.46850804677987, 26.606782104733547]}}, {"type": "Feature", "properties": {"filename": "DJI_20260508084827_0799_V.JPG", "camera": "v2 dji m3t 4000 3000 brown 0.6666", "focal": 0.7188884491448521, "width": 4000, "height": 3000, "capture_time": 1778230107.0, "translation": [342434.7329201406, 4703577.300691368, 26.57779608623532], "rotation": [2.310552118258454, 0.5479591099498132, -0.22561748631706102]}, "geometry": {"type": "Point", "coordinates": [-70.91664912579348, 42.4685196197758, 26.57779608623532]}}, {"type": "Feature", "properties": {"filename": "DJI_20260508084829_0801_V.JPG", "camera": "v2 dji m3t 4000 3000 brown 0.6666", "focal": 0.7188884491448521, "width": 4000, "height": 3000, "capture_time": 1778230109.0, "translation": [342438.32100558234, 4703577.155389326, 26.579470980627118], "rotation": [2.3082350357855455, 0.547173123233682, -0.22485382340979673]}, "geometry": {"type": "Point", "coordinates": [-70.91660546356822, 42.46851904163662, 26.579470980627118]}}, {"type": "Feature", "properties": {"filename": "DJI_20260508084829_0802_V.JPG", "camera": "v2 dji m3t 4000 3000 brown 0.6666", "focal": 0.7188884491448521, "width": 4000, "height": 3000, "capture_time": 1778230109.0, "translation": [342439.60520521534, 4703575.187485738, 26.57724384326807], "rotation": [2.307687522940395, 0.5467073602113548, -0.22621987832087492]}, "geometry": {"type": "Point", "coordinates": [-70.91658931029508, 42.46850158993313, 26.57724384326807]}}, {"type": "Feature", "properties": {"filename": "DJI_20260508085422_1281_V.JPG", "camera": "v2 dji m3t 4000 3000 brown 0.6666", "focal": 0.7188884491448521, "width": 4000, "height": 3000, "capture_time": 1778230462.0, "translation": [342448.08590977464, 4703607.572296888, 26.452013331454424], "rotation": [2.066269604708934, -1.2465662529581498, 0.5069965915608445]}, "geometry": {"type": "Point", "coordinates": [-70.916495101036, 42.46879480641804, 26.452013331454424]}}, {"type": "Feature", "properties": {"filename": "DJI_20260508084830_0803_V.JPG", "camera": "v2 dji m3t 4000 3000 brown 0.6666", "focal": 0.7188884491448521, "width": 4000, "height": 3000, "capture_time": 1778230110.0, "translation": [342441.10331163084, 4703572.3999361405, 26.59052180693171], "rotation": [2.3055088945210236, 0.5463167428384355, -0.2277794821707838]}, "geometry": {"type": "Point", "coordinates": [-70.91657033130737, 42.46847680419147, 26.59052180693171]}}, {"type": "Feature", "properties": {"filename": "DJI_20260508084948_0914_V.JPG", "camera": "v2 dji m3t 4000 3000 brown 0.6666", "focal": 0.7188884491448521, "width": 4000, "height": 3000, "capture_time": 1778230188.0, "translation": [342476.2752162945, 4703572.733060891, 26.586273904831838], "rotation": [2.3092907937453964, 0.5537199811253263, -0.22890192024230666]}, "geometry": {"type": "Point", "coordinates": [-70.91614281895836, 42.46848695448649, 26.586273904831838]}}, {"type": "Feature", "properties": {"filename": "DJI_20260508084534_0575_V.JPG", "camera": "v2 dji m3t 4000 3000 brown 0.6666", "focal": 0.7188884491448521, "width": 4000, "height": 3000, "capture_time": 1778229934.0, "translation": [342484.0961660358, 4703590.624666543, 26.488401806794847], "rotation": [1.3518795350364654, 2.2041299030300685, -0.9078269780324564]}, "geometry": {"type": "Point", "coordinates": [-70.91605264864297, 42.46864958485396, 26.488401806794847]}}, {"type": "Feature", "properties": {"filename": "DJI_20260508084535_0576_V.JPG", "camera": "v2 dji m3t 4000 3000 brown 0.6666", "focal": 0.7188884491448521, "width": 4000, "height": 3000, "capture_time": 1778229935.0, "translation": [342488.2075460204, 4703592.704423049, 26.49891523521059], "rotation": [1.352418210192252, 2.2043558623209742, -0.9074971715587632]}, "geometry": {"type": "Point", "coordinates": [-70.91600323534261, 42.46866914037117, 26.49891523521059]}}, {"type": "Feature", "properties": {"filename": "DJI_20260508084605_0618_V.JPG", "camera": "v2 dji m3t 4000 3000 brown 0.6666", "focal": 0.7188884491448521, "width": 4000, "height": 3000, "capture_time": 1778229965.0, "translation": [342458.9398507434, 4703570.233641683, 26.541057972861786], "rotation": [1.344435767853128, 2.202363915017731, -0.9034276664372783]}, "geometry": {"type": "Point", "coordinates": [-70.91635288791306, 42.468460932722145, 26.541057972861786]}}, {"type": "Feature", "properties": {"filename": "DJI_20260508084616_0635_V.JPG", "camera": "v2 dji m3t 4000 3000 brown 0.6666", "focal": 0.7188884491448521, "width": 4000, "height": 3000, "capture_time": 1778229976.0, "translation": [342514.55993255094, 4703591.873418506, 26.50214557194073], "rotation": [1.3556876879365214, 2.203930369400767, -0.9049371000702928]}, "geometry": {"type": "Point", "coordinates": [-70.91568262592124, 42.46866701768967, 26.50214557194073]}}, {"type": "Feature", "properties": {"filename": "DJI_20260508084536_0577_V.JPG", "camera": "v2 dji m3t 4000 3000 brown 0.6666", "focal": 0.7188884491448521, "width": 4000, "height": 3000, "capture_time": 1778229936.0, "translation": [342492.47661218356, 4703594.852136627, 26.50774704358817], "rotation": [1.3533319071596106, 2.2046305025056196, -0.9066960629701892]}, "geometry": {"type": "Point", "coordinates": [-70.91595192358892, 42.46868933959874, 26.50774704358817]}}, {"type": "Feature", "properties": {"filename": "DJI_20260508084131_0250_V.JPG", "camera": "v2 dji m3t 4000 3000 brown 0.6666", "focal": 0.7188884491448521, "width": 4000, "height": 3000, "capture_time": 1778229691.0, "translation": [342489.6339654136, 4703634.872377983, 26.470195272437383], "rotation": [-2.5959793309268933, -1.7682989685643453, 0.010969340716126286]}, "geometry": {"type": "Point", "coordinates": [-70.91599747305325, 42.46904897923092, 26.470195272437383]}}, {"type": "Feature", "properties": {"filename": "DJI_20260508084504_0532_V.JPG", "camera": "v2 dji m3t 4000 3000 brown 0.6666", "focal": 0.7188884491448521, "width": 4000, "height": 3000, "capture_time": 1778229904.0, "translation": [342527.93241645425, 4703626.674807847, 26.555627639726726], "rotation": [1.3544851388616506, 2.2115416091955944, -0.90512087419448]}, "geometry": {"type": "Point", "coordinates": [-70.91552960314203, 42.46898297914823, 26.555627639726726]}}, {"type": "Feature", "properties": {"filename": "DJI_20260508084831_0804_V.JPG", "camera": "v2 dji m3t 4000 3000 brown 0.6666", "focal": 0.7188884491448521, "width": 4000, "height": 3000, "capture_time": 1778230111.0, "translation": [342443.11447839264, 4703568.515819776, 26.59543399321304], "rotation": [2.30482725047992, 0.5460081778137589, -0.22843577860089767]}, "geometry": {"type": "Point", "coordinates": [-70.91654481358185, 42.46844225271503, 26.59543399321304]}}, {"type": "Feature", "properties": {"filename": "DJI_20260508084824_0795_V.JPG", "camera": "v2 dji m3t 4000 3000 brown 0.6666", "focal": 0.7188884491448521, "width": 4000, "height": 3000, "capture_time": 1778230104.0, "translation": [342437.76891265024, 4703565.204497327, 26.567834457134207], "rotation": [2.3134494874515275, 0.5485915311009327, -0.22251662411835446]}, "geometry": {"type": "Point", "coordinates": [-70.91660889287816, 42.46841136079961, 26.567834457134207]}}, {"type": "Feature", "properties": {"filename": "DJI_20260508083848_0017_V.JPG", "camera": "v2 dji m3t 4000 3000 brown 0.6666", "focal": 0.7188884491448521, "width": 4000, "height": 3000, "capture_time": 1778229528.0, "translation": [342483.82170764846, 4703569.302009932, 26.449088310747804], "rotation": [-2.669522015077468, 1.6167971200689688, -6.0343935327917475e-05]}, "geometry": {"type": "Point", "coordinates": [-70.91605012996551, 42.468457606295196, 26.449088310747804]}}, {"type": "Feature", "properties": {"filename": "DJI_20260508085119_1044_V.JPG", "camera": "v2 dji m3t 4000 3000 brown 0.6666", "focal": 0.7188884491448521, "width": 4000, "height": 3000, "capture_time": 1778230279.0, "translation": [342519.3950226081, 4703582.857201565, 26.56813300044204], "rotation": [2.3010245452591125, 0.5462032369554743, -0.23582664855577398]}, "geometry": {"type": "Point", "coordinates": [-70.91562136752351, 42.46858684656056, 26.56813300044204]}}, {"type": "Feature", "properties": {"filename": "DJI_20260508084711_0690_V.JPG", "camera": "v2 dji m3t 4000 3000 brown 0.6666", "focal": 0.7188884491448521, "width": 4000, "height": 3000, "capture_time": 1778230031.0, "translation": [342409.4559869837, 4703551.437272819, 26.583879039673814], "rotation": [2.312602022918794, 0.5437287959321213, -0.22654681322682696]}, "geometry": {"type": "Point", "coordinates": [-70.91694932555242, 42.46828168523373, 26.583879039673814]}}, {"type": "Feature", "properties": {"filename": "DJI_20260508084122_0238_V.JPG", "camera": "v2 dji m3t 4000 3000 brown 0.6666", "focal": 0.7188884491448521, "width": 4000, "height": 3000, "capture_time": 1778229682.0, "translation": [342458.3469997126, 4703612.728955536, 26.490064527252613], "rotation": [-2.6469288574256304, 1.664234652558944, 0.0020417236451320394]}, "geometry": {"type": "Point", "coordinates": [-70.91637176712617, 42.46884330748565, 26.490064527252613]}}, {"type": "Feature", "properties": {"filename": "DJI_20260508084403_0445_V.JPG", "camera": "v2 dji m3t 4000 3000 brown 0.6666", "focal": 0.7188884491448521, "width": 4000, "height": 3000, "capture_time": 1778229843.0, "translation": [342460.6350087555, 4703614.000683347, 26.428927972259412], "rotation": [1.345008756561024, 2.2142113418384537, -0.8963975959836102]}, "geometry": {"type": "Point", "coordinates": [-70.91634429969075, 42.468855219406365, 26.428927972259412]}}, {"type": "Feature", "properties": {"filename": "DJI_20260508084727_0713_V.JPG", "camera": "v2 dji m3t 4000 3000 brown 0.6666", "focal": 0.7188884491448521, "width": 4000, "height": 3000, "capture_time": 1778230047.0, "translation": [342414.62767077715, 4703555.1627195105, 26.567583572568637], "rotation": [2.3136767591982985, 0.5500751623487297, -0.22399205815218212]}, "geometry": {"type": "Point", "coordinates": [-70.91688747430241, 42.468316269449915, 26.567583572568637]}}, {"type": "Feature", "properties": {"filename": "DJI_20260508084424_0475_V.JPG", "camera": "v2 dji m3t 4000 3000 brown 0.6666", "focal": 0.7188884491448521, "width": 4000, "height": 3000, "capture_time": 1778229864.0, "translation": [342515.74618103897, 4703634.6320388, 26.560432017738673], "rotation": [1.3479505751409222, 2.215777355556214, -0.9057015873846389]}, "geometry": {"type": "Point", "coordinates": [-70.9156799437804, 42.46905212426357, 26.560432017738673]}}, {"type": "Feature", "properties": {"filename": "DJI_20260508084734_0723_V.JPG", "camera": "v2 dji m3t 4000 3000 brown 0.6666", "focal": 0.7188884491448521, "width": 4000, "height": 3000, "capture_time": 1778230054.0, "translation": [342423.1506598412, 4703552.114618395, 26.564595182256188], "rotation": [2.305448698651675, 0.5478744989102358, -0.2264625789882984]}, "geometry": {"type": "Point", "coordinates": [-70.91678301866922, 42.468290567353804, 26.564595182256188]}}, {"type": "Feature", "properties": {"filename": "DJI_20260508084401_0441_V.JPG", "camera": "v2 dji m3t 4000 3000 brown 0.6666", "focal": 0.7188884491448521, "width": 4000, "height": 3000, "capture_time": 1778229841.0, "translation": [342477.6888057906, 4703622.508358281, 26.45560746043218], "rotation": [1.343390408160777, 2.216799795443138, -0.893597846757169]}, "geometry": {"type": "Point", "coordinates": [-70.91613930264568, 42.46893526353838, 26.45560746043218]}}, {"type": "Feature", "properties": {"filename": "DJI_20260508085625_1434_V.JPG", "camera": "v2 dji m3t 4000 3000 brown 0.6666", "focal": 0.7188884491448521, "width": 4000, "height": 3000, "capture_time": 1778230585.0, "translation": [342463.7802463867, 4703667.254984504, 26.61871433526713], "rotation": [0.6758383234853154, -2.673054812436327, 1.08487034119134]}, "geometry": {"type": "Point", "coordinates": [-70.91632068756465, 42.46933519462413, 26.61871433526713]}}, {"type": "Feature", "properties": {"filename": "DJI_20260508084803_0764_V.JPG", "camera": "v2 dji m3t 4000 3000 brown 0.6666", "focal": 0.7188884491448521, "width": 4000, "height": 3000, "capture_time": 1778230083.0, "translation": [342433.94230918103, 4703558.749326298, 26.580496180560957], "rotation": [2.3069632018119455, 0.5434992395587641, -0.23212574634591251]}, "geometry": {"type": "Point", "coordinates": [-70.91665364169998, 42.46835248035775, 26.580496180560957]}}, {"type": "Feature", "properties": {"filename": "DJI_20260508084043_0182_V.JPG", "camera": "v2 dji m3t 4000 3000 brown 0.6666", "focal": 0.7188884491448521, "width": 4000, "height": 3000, "capture_time": 1778229643.0, "translation": [342467.4560967336, 4703603.317124626, 26.482502049422674], "rotation": [-2.6569876408508892, 1.649887175031543, 0.003482237305036836]}, "geometry": {"type": "Point", "coordinates": [-70.91625843738314, 42.468760444924925, 26.482502049422674]}}, {"type": "Feature", "properties": {"filename": "DJI_20260508084336_0406_V.JPG", "camera": "v2 dji m3t 4000 3000 brown 0.6666", "focal": 0.7188884491448521, "width": 4000, "height": 3000, "capture_time": 1778229816.0, "translation": [342456.2606816045, 4703618.8434390975, 26.572196807706533], "rotation": [1.3459168803862707, 2.209264978447525, -0.9131499685005039]}, "geometry": {"type": "Point", "coordinates": [-70.91639881119, 42.46889791898641, 26.572196807706533]}}, {"type": "Feature", "properties": {"filename": "DJI_20260508084516_0548_V.JPG", "camera": "v2 dji m3t 4000 3000 brown 0.6666", "focal": 0.7188884491448521, "width": 4000, "height": 3000, "capture_time": 1778229916.0, "translation": [342513.3419914999, 4703612.296348326, 26.446870341138055], "rotation": [1.3524322264570448, 2.2176800008680013, -0.8929506711315872]}, "geometry": {"type": "Point", "coordinates": [-70.9157030404971, 42.468850594571684, 26.446870341138055]}}, {"type": "Feature", "properties": {"filename": "DJI_20260508084251_0341_V.JPG", "camera": "v2 dji m3t 4000 3000 brown 0.6666", "focal": 0.7188884491448521, "width": 4000, "height": 3000, "capture_time": 1778229771.0, "translation": [342419.5476483631, 4703614.329256424, 26.5503251851152], "rotation": [1.3393563190468685, 2.2064318002682994, -0.9126230168281982]}, "geometry": {"type": "Point", "coordinates": [-70.9168439140576, 42.46884982102878, 26.5503251851152]}}, {"type": "Feature", "properties": {"filename": "DJI_20260508085822_1602_V.JPG", "camera": "v2 dji m3t 4000 3000 brown 0.6666", "focal": 0.7188884491448521, "width": 4000, "height": 3000, "capture_time": 1778230702.0, "translation": [342435.9550138144, 4703610.603410516, 26.571309840942188], "rotation": [0.6647323455023741, -2.673740342470583, 1.0907355900641333]}, "geometry": {"type": "Point", "coordinates": [-70.9166434162432, 42.46881962211756, 26.571309840942188]}}, {"type": "Feature", "properties": {"filename": "DJI_20260508085000_0932_V.JPG", "camera": "v2 dji m3t 4000 3000 brown 0.6666", "focal": 0.7188884491448521, "width": 4000, "height": 3000, "capture_time": 1778230200.0, "translation": [342490.9608183132, 4703557.493777261, 26.651025594083677], "rotation": [2.302316926919613, 0.546465809342088, -0.2376350367761637]}, "geometry": {"type": "Point", "coordinates": [-70.91596009346216, 42.46835277316009, 26.651025594083677]}}, {"type": "Feature", "properties": {"filename": "DJI_20260508084712_0691_V.JPG", "camera": "v2 dji m3t 4000 3000 brown 0.6666", "focal": 0.7188884491448521, "width": 4000, "height": 3000, "capture_time": 1778230032.0, "translation": [342411.73015385796, 4703546.889078745, 26.56164168445937], "rotation": [2.31268423028226, 0.5440079981801506, -0.22739487840394937]}, "geometry": {"type": "Point", "coordinates": [-70.91692042783994, 42.46824121005362, 26.56164168445937]}}, {"type": "Feature", "properties": {"filename": "DJI_20260508085302_1166_V.JPG", "camera": "v2 dji m3t 4000 3000 brown 0.6666", "focal": 0.7188884491448521, "width": 4000, "height": 3000, "capture_time": 1778230382.0, "translation": [342468.682055239, 4703587.935041406, 26.46991580553708], "rotation": [2.071395019725005, -1.2506904448407823, 0.5111172202940927]}, "geometry": {"type": "Point", "coordinates": [-70.91623930815899, 42.46862224187149, 26.46991580553708]}}, {"type": "Feature", "properties": {"filename": "DJI_20260508084159_0290_V.JPG", "camera": "v2 dji m3t 4000 3000 brown 0.6666", "focal": 0.7188884491448521, "width": 4000, "height": 3000, "capture_time": 1778229719.0, "translation": [342429.01084972505, 4703612.088718603, 26.46892199328305], "rotation": [-2.6391136946929743, 1.669336628600287, -0.008407005357294255]}, "geometry": {"type": "Point", "coordinates": [-70.91672824866227, 42.468831578915186, 26.46892199328305]}}, {"type": "Feature", "properties": {"filename": "DJI_20260508084726_0712_V.JPG", "camera": "v2 dji m3t 4000 3000 brown 0.6666", "focal": 0.7188884491448521, "width": 4000, "height": 3000, "capture_time": 1778230046.0, "translation": [342416.6862889518, 4703551.149754576, 26.587905898251304], "rotation": [2.3142394111086677, 0.5498188935137447, -0.22461009307668597]}, "geometry": {"type": "Point", "coordinates": [-70.91686134418522, 42.468280567946174, 26.587905898251304]}}, {"type": "Feature", "properties": {"filename": "DJI_20260508084133_0253_V.JPG", "camera": "v2 dji m3t 4000 3000 brown 0.6666", "focal": 0.7188884491448521, "width": 4000, "height": 3000, "capture_time": 1778229693.0, "translation": [342481.2536555542, 4703630.976701779, 26.440166201896115], "rotation": [-1.7016518846377764, -2.628103394062977, 0.0023651533494841123]}, "geometry": {"type": "Point", "coordinates": [-70.9160982881064, 42.46901221090311, 26.440166201896115]}}, {"type": "Feature", "properties": {"filename": "DJI_20260508085730_1528_V.JPG", "camera": "v2 dji m3t 4000 3000 brown 0.6666", "focal": 0.7188884491448521, "width": 4000, "height": 3000, "capture_time": 1778230650.0, "translation": [342459.6048835704, 4703606.818135452, 26.5344551881736], "rotation": [0.6570446690548525, -2.669220362819169, 1.0930238334139664]}, "geometry": {"type": "Point", "coordinates": [-70.91635485082013, 42.46879036067325, 26.5344551881736]}}, {"type": "Feature", "properties": {"filename": "DJI_20260508084831_0805_V.JPG", "camera": "v2 dji m3t 4000 3000 brown 0.6666", "focal": 0.7188884491448521, "width": 4000, "height": 3000, "capture_time": 1778230111.0, "translation": [342445.24113804055, 4703564.258428156, 26.574429244849334], "rotation": [2.3046389186905283, 0.5459906269408512, -0.22845063606999694]}, "geometry": {"type": "Point", "coordinates": [-70.91651778924766, 42.468404364912054, 26.574429244849334]}}, {"type": "Feature", "properties": {"filename": "DJI_20260508084852_0834_V.JPG", "camera": "v2 dji m3t 4000 3000 brown 0.6666", "focal": 0.7188884491448521, "width": 4000, "height": 3000, "capture_time": 1778230132.0, "translation": [342452.62334001076, 4703563.749822801, 26.546428555578323], "rotation": [2.3098288150077786, 0.550107026357266, -0.22554682367856668]}, "geometry": {"type": "Point", "coordinates": [-70.91642790025168, 42.46840128820586, 26.546428555578323]}}, {"type": "Feature", "properties": {"filename": "DJI_20260508084337_0407_V.JPG", "camera": "v2 dji m3t 4000 3000 brown 0.6666", "focal": 0.7188884491448521, "width": 4000, "height": 3000, "capture_time": 1778229817.0, "translation": [342460.5339816359, 4703621.014008312, 26.576295253114775], "rotation": [1.3461424658712393, 2.209686074011618, -0.9135149934900982]}, "geometry": {"type": "Point", "coordinates": [-70.91634745418943, 42.4689183249734, 26.576295253114775]}}, {"type": "Feature", "properties": {"filename": "DJI_20260508084820_0789_V.JPG", "camera": "v2 dji m3t 4000 3000 brown 0.6666", "focal": 0.7188884491448521, "width": 4000, "height": 3000, "capture_time": 1778230100.0, "translation": [342450.50819199404, 4703540.149659217, 26.628457977496108], "rotation": [2.3168158475073115, 0.549232769901069, -0.2255419352383907]}, "geometry": {"type": "Point", "coordinates": [-70.91644713307639, 42.46818843579686, 26.628457977496108]}}, {"type": "Feature", "properties": {"filename": "DJI_20260508085724_1519_V.JPG", "camera": "v2 dji m3t 4000 3000 brown 0.6666", "focal": 0.7188884491448521, "width": 4000, "height": 3000, "capture_time": 1778230644.0, "translation": [342453.09087502427, 4703632.266190425, 26.656763598349404], "rotation": [0.6633223968232189, -2.6756007935665846, 1.088253203699432]}, "geometry": {"type": "Point", "coordinates": [-70.91644103531776, 42.469018091001985, 26.656763598349404]}}, {"type": "Feature", "properties": {"filename": "DJI_20260508085616_1422_V.JPG", "camera": "v2 dji m3t 4000 3000 brown 0.6666", "focal": 0.7188884491448521, "width": 4000, "height": 3000, "capture_time": 1778230576.0, "translation": [342467.0379966221, 4703674.863025558, 26.698831311265973], "rotation": [0.6688297395982744, -2.66142368778274, 1.090739652812053]}, "geometry": {"type": "Point", "coordinates": [-70.91628317035342, 42.469404336124725, 26.698831311265973]}}, {"type": "Feature", "properties": {"filename": "DJI_20260508084823_0793_V.JPG", "camera": "v2 dji m3t 4000 3000 brown 0.6666", "focal": 0.7188884491448521, "width": 4000, "height": 3000, "capture_time": 1778230103.0, "translation": [342441.8722625272, 4703557.151643838, 26.587935213134326], "rotation": [2.31437192867447, 0.5485982953831026, -0.22374246782676982]}, "geometry": {"type": "Point", "coordinates": [-70.91655679433262, 42.46833971249433, 26.587935213134326]}}, {"type": "Feature", "properties": {"filename": "DJI_20260508083919_0062_V.JPG", "camera": "v2 dji m3t 4000 3000 brown 0.6666", "focal": 0.7188884491448521, "width": 4000, "height": 3000, "capture_time": 1778229559.0, "translation": [342442.9856755524, 4703563.112529552, 26.49539528716187], "rotation": [-2.650673395805979, 1.6379017351387564, -0.035128500819307164]}, "geometry": {"type": "Point", "coordinates": [-70.91654489533178, 42.468393592145915, 26.49539528716187]}}, {"type": "Feature", "properties": {"filename": "DJI_20260508085115_1038_V.JPG", "camera": "v2 dji m3t 4000 3000 brown 0.6666", "focal": 0.7188884491448521, "width": 4000, "height": 3000, "capture_time": 1778230275.0, "translation": [342505.75865481904, 4703601.463367824, 26.555488096097996], "rotation": [2.3067493897087847, 0.5499120042138382, -0.23120440966825714]}, "geometry": {"type": "Point", "coordinates": [-70.9157922613163, 42.46875154663737, 26.555488096097996]}}, {"type": "Feature", "properties": {"filename": "DJI_20260508084359_0439_V.JPG", "camera": "v2 dji m3t 4000 3000 brown 0.6666", "focal": 0.7188884491448521, "width": 4000, "height": 3000, "capture_time": 1778229839.0, "translation": [342485.7598449972, 4703626.512839634, 26.460880036478574], "rotation": [1.343949210762092, 2.217624672517348, -0.8929304968712504]}, "geometry": {"type": "Point", "coordinates": [-70.91604227761948, 42.46897294836474, 26.460880036478574]}}, {"type": "Feature", "properties": {"filename": "DJI_20260508084333_0402_V.JPG", "camera": "v2 dji m3t 4000 3000 brown 0.6666", "focal": 0.7188884491448521, "width": 4000, "height": 3000, "capture_time": 1778229813.0, "translation": [342439.5641738329, 4703610.531004601, 26.48799896653092], "rotation": [1.3438521488511548, 2.209564946932015, -0.9109581189451373]}, "geometry": {"type": "Point", "coordinates": [-70.91659951761679, 42.46881970439562, 26.48799896653092]}}, {"type": "Feature", "properties": {"filename": "DJI_20260508084822_0792_V.JPG", "camera": "v2 dji m3t 4000 3000 brown 0.6666", "focal": 0.7188884491448521, "width": 4000, "height": 3000, "capture_time": 1778230102.0, "translation": [342444.15275280824, 4703552.698257604, 26.58666057371358], "rotation": [2.3148227174744993, 0.5486939189607246, -0.22451867174350798]}, "geometry": {"type": "Point", "coordinates": [-70.91652784600612, 42.468300091851134, 26.58666057371358]}}, {"type": "Feature", "properties": {"filename": "DJI_20260508085844_1633_V.JPG", "camera": "v2 dji m3t 4000 3000 brown 0.6666", "focal": 0.7188884491448521, "width": 4000, "height": 3000, "capture_time": 1778230724.0, "translation": [342403.8545593707, 4703646.224614947, 26.676978951333336], "rotation": [0.6615806861029166, -2.6725605099954577, 1.0912353540376365]}, "geometry": {"type": "Point", "coordinates": [-70.91704346790503, 42.46913371522843, 26.676978951333336]}}, {"type": "Feature", "properties": {"filename": "DJI_20260508085832_1616_V.JPG", "camera": "v2 dji m3t 4000 3000 brown 0.6666", "focal": 0.7188884491448521, "width": 4000, "height": 3000, "capture_time": 1778230712.0, "translation": [342424.32234263537, 4703619.76340838, 26.624184963356043], "rotation": [0.6529573255998579, -2.663048107631946, 1.0984506595340695]}, "geometry": {"type": "Point", "coordinates": [-70.91678735805867, 42.46889970430481, 26.624184963356043]}}, {"type": "Feature", "properties": {"filename": "DJI_20260508083921_0065_V.JPG", "camera": "v2 dji m3t 4000 3000 brown 0.6666", "focal": 0.7188884491448521, "width": 4000, "height": 3000, "capture_time": 1778229561.0, "translation": [342455.49152601114, 4703569.350341905, 26.475886207939382], "rotation": [-2.6494484982217315, 1.6379512467896071, -0.03260950507267759]}, "geometry": {"type": "Point", "coordinates": [-70.91639456843897, 42.46845228105409, 26.475886207939382]}}, {"type": "Feature", "properties": {"filename": "DJI_20260508090011_1757_V.JPG", "camera": "v2 dji m3t 4000 3000 brown 0.6666", "focal": 0.7188884491448521, "width": 4000, "height": 3000, "capture_time": 1778230811.0, "translation": [342375.51034404006, 4703618.396444316, 26.59959110743681], "rotation": [0.666964143758133, -2.6728783271992684, 1.0886469100849894]}, "geometry": {"type": "Point", "coordinates": [-70.91738041989109, 42.468877471122106, 26.59959110743681]}}, {"type": "Feature", "properties": {"filename": "DJI_20260508084945_0910_V.JPG", "camera": "v2 dji m3t 4000 3000 brown 0.6666", "focal": 0.7188884491448521, "width": 4000, "height": 3000, "capture_time": 1778230185.0, "translation": [342484.9266309011, 4703555.614499313, 26.65713303701871], "rotation": [2.313107348465424, 0.555110878980315, -0.23009045861244515]}, "geometry": {"type": "Point", "coordinates": [-70.91603293814146, 42.468334631234086, 26.65713303701871]}}, {"type": "Feature", "properties": {"filename": "DJI_20260508083918_0060_V.JPG", "camera": "v2 dji m3t 4000 3000 brown 0.6666", "focal": 0.7188884491448521, "width": 4000, "height": 3000, "capture_time": 1778229558.0, "translation": [342434.51434109925, 4703558.874845341, 26.473617456462392], "rotation": [-2.65480393768783, 1.6360477203059927, -0.03372683592723692]}, "geometry": {"type": "Point", "coordinates": [-70.91664672169377, 42.468353726474625, 26.473617456462392]}}, {"type": "Feature", "properties": {"filename": "DJI_20260508084750_0746_V.JPG", "camera": "v2 dji m3t 4000 3000 brown 0.6666", "focal": 0.7188884491448521, "width": 4000, "height": 3000, "capture_time": 1778230070.0, "translation": [342443.24121419794, 4703526.488558934, 26.665351636417178], "rotation": [2.3135951786496594, 0.5524900426384857, -0.22485217438812125]}, "geometry": {"type": "Point", "coordinates": [-70.91653172886382, 42.46806399607549, 26.665351636417178]}}, {"type": "Feature", "properties": {"filename": "DJI_20260508085232_1124_V.JPG", "camera": "v2 dji m3t 4000 3000 brown 0.6666", "focal": 0.7188884491448521, "width": 4000, "height": 3000, "capture_time": 1778230352.0, "translation": [342428.6537872455, 4703555.849855039, 26.57385233271075], "rotation": [2.06925558229357, -1.2493558559294422, 0.5026970095886263]}, "geometry": {"type": "Point", "coordinates": [-70.91671714047699, 42.468325307008875, 26.57385233271075]}}, {"type": "Feature", "properties": {"filename": "DJI_20260508083913_0054_V.JPG", "camera": "v2 dji m3t 4000 3000 brown 0.6666", "focal": 0.7188884491448521, "width": 4000, "height": 3000, "capture_time": 1778229553.0, "translation": [342418.03606992186, 4703548.543979417, 26.432425662708766], "rotation": [2.90426908550997, 1.1945986130973658, 0.024623980839478376]}, "geometry": {"type": "Point", "coordinates": [-70.91684421836457, 42.46825738821131, 26.432425662708766]}}, {"type": "Feature", "properties": {"filename": "DJI_20260508083841_0008_V.JPG", "camera": "v2 dji m3t 4000 3000 brown 0.6666", "focal": 0.7188884491448521, "width": 4000, "height": 3000, "capture_time": 1778229521.0, "translation": [342445.8498534244, 4703550.244467793, 26.50090663309206], "rotation": [-2.6668393674430297, 1.626190704936569, -0.003744922965000962]}, "geometry": {"type": "Point", "coordinates": [-70.91650653950903, 42.468278350695854, 26.50090663309206]}}, {"type": "Feature", "properties": {"filename": "DJI_20260508084900_0846_V.JPG", "camera": "v2 dji m3t 4000 3000 brown 0.6666", "focal": 0.7188884491448521, "width": 4000, "height": 3000, "capture_time": 1778230140.0, "translation": [342456.75767078163, 4703569.415624128, 26.6112550995973], "rotation": [2.305722775039543, 0.5492079340868231, -0.2315725927398629]}, "geometry": {"type": "Point", "coordinates": [-70.91637919317076, 42.46845312611435, 26.6112550995973]}}, {"type": "Feature", "properties": {"filename": "DJI_20260508083911_0051_V.JPG", "camera": "v2 dji m3t 4000 3000 brown 0.6666", "focal": 0.7188884491448521, "width": 4000, "height": 3000, "capture_time": 1778229551.0, "translation": [342424.55848031834, 4703547.1525530955, 26.455926610184495], "rotation": [1.6484857732201268, 2.673027231894833, 0.017573936596042058]}, "geometry": {"type": "Point", "coordinates": [-70.9167645399635, 42.46824619072451, 26.455926610184495]}}, {"type": "Feature", "properties": {"filename": "DJI_20260508083837_0002_V.JPG", "camera": "v2 dji m3t 4000 3000 brown 0.6666", "focal": 0.7188884491448521, "width": 4000, "height": 3000, "capture_time": 1778229517.0, "translation": [342424.94723238656, 4703539.722937562, 26.465495587948872], "rotation": [-2.6750279523267793, 1.6370207777465855, 0.011904842691513918]}, "geometry": {"type": "Point", "coordinates": [-70.91675777273602, 42.46817939670598, 26.465495587948872]}}, {"type": "Feature", "properties": {"filename": "DJI_20260508083911_0050_V.JPG", "camera": "v2 dji m3t 4000 3000 brown 0.6666", "focal": 0.7188884491448521, "width": 4000, "height": 3000, "capture_time": 1778229551.0, "translation": [342428.4838868792, 4703548.9248331105, 26.438322769201562], "rotation": [1.643843535489887, 2.675314964393131, 0.020408635835477026]}, "geometry": {"type": "Point", "coordinates": [-70.91671730371536, 42.468262941157114, 26.438322769201562]}}, {"type": "Feature", "properties": {"filename": "DJI_20260508083909_0048_V.JPG", "camera": "v2 dji m3t 4000 3000 brown 0.6666", "focal": 0.7188884491448521, "width": 4000, "height": 3000, "capture_time": 1778229549.0, "translation": [342436.90731380327, 4703553.199794297, 26.45928097709363], "rotation": [1.643234613407404, 2.675775609936334, 0.022431875550533956]}, "geometry": {"type": "Point", "coordinates": [-70.91661607022114, 42.468303132670705, 26.45928097709363]}}, {"type": "Feature", "properties": {"filename": "DJI_20260508084833_0807_V.JPG", "camera": "v2 dji m3t 4000 3000 brown 0.6666", "focal": 0.7188884491448521, "width": 4000, "height": 3000, "capture_time": 1778230113.0, "translation": [342449.397397962, 4703556.051574314, 26.594590510145835], "rotation": [2.3036119180017853, 0.5465190958985623, -0.2292194726072739]}, "geometry": {"type": "Point", "coordinates": [-70.91646500525738, 42.46833134118336, 26.594590510145835]}}, {"type": "Feature", "properties": {"filename": "DJI_20260508084737_0727_V.JPG", "camera": "v2 dji m3t 4000 3000 brown 0.6666", "focal": 0.7188884491448521, "width": 4000, "height": 3000, "capture_time": 1778230057.0, "translation": [342431.6411348252, 4703535.409806719, 26.617123879625087], "rotation": [2.3041698628676848, 0.5474992913132454, -0.22955506613528218]}, "geometry": {"type": "Point", "coordinates": [-70.91667520695685, 42.468141936117796, 26.617123879625087]}}, {"type": "Feature", "properties": {"filename": "DJI_20260508085955_1735_V.JPG", "camera": "v2 dji m3t 4000 3000 brown 0.6666", "focal": 0.7188884491448521, "width": 4000, "height": 3000, "capture_time": 1778230795.0, "translation": [342395.87077115045, 4703592.417847611, 26.603565439825083], "rotation": [0.6512785535570961, -2.667243076269221, 1.098727088076691]}, "geometry": {"type": "Point", "coordinates": [-70.91712574769039, 42.468647783020046, 26.603565439825083]}}, {"type": "Feature", "properties": {"filename": "DJI_20260508085951_1729_V.JPG", "camera": "v2 dji m3t 4000 3000 brown 0.6666", "focal": 0.7188884491448521, "width": 4000, "height": 3000, "capture_time": 1778230791.0, "translation": [342407.6578120037, 4703580.569700114, 26.607598335217972], "rotation": [0.6636168589896866, -2.670559901463387, 1.0934422565630637]}, "geometry": {"type": "Point", "coordinates": [-70.9169791907397, 42.468543536941745, 26.607598335217972]}}, {"type": "Feature", "properties": {"filename": "DJI_20260508085953_1731_V.JPG", "camera": "v2 dji m3t 4000 3000 brown 0.6666", "focal": 0.7188884491448521, "width": 4000, "height": 3000, "capture_time": 1778230793.0, "translation": [342405.65818145755, 4703580.753746732, 26.616647707797643], "rotation": [0.6608093444010777, -2.668474264802202, 1.0937161004803282]}, "geometry": {"type": "Point", "coordinates": [-70.91700355190926, 42.468544786781784, 26.616647707797643]}}, {"type": "Feature", "properties": {"filename": "DJI_20260508085950_1727_V.JPG", "camera": "v2 dji m3t 4000 3000 brown 0.6666", "focal": 0.7188884491448521, "width": 4000, "height": 3000, "capture_time": 1778230790.0, "translation": [342406.211026467, 4703585.549559229, 26.60574479259282], "rotation": [0.6662792389417219, -2.671065206078493, 1.0920259429825503]}, "geometry": {"type": "Point", "coordinates": [-70.91699814829973, 42.46858806576357, 26.60574479259282]}}, {"type": "Feature", "properties": {"filename": "DJI_20260508085949_1726_V.JPG", "camera": "v2 dji m3t 4000 3000 brown 0.6666", "focal": 0.7188884491448521, "width": 4000, "height": 3000, "capture_time": 1778230789.0, "translation": [342404.22436151904, 4703589.639897138, 26.57723231243581], "rotation": [0.6683244560324956, -2.6718853082412926, 1.0910396615987674]}, "geometry": {"type": "Point", "coordinates": [-70.91702342511029, 42.46862447829109, 26.57723231243581]}}, {"type": "Feature", "properties": {"filename": "DJI_20260508084116_0229_V.JPG", "camera": "v2 dji m3t 4000 3000 brown 0.6666", "focal": 0.7188884491448521, "width": 4000, "height": 3000, "capture_time": 1778229676.0, "translation": [342420.24286814465, 4703593.71832689, 26.465934041927532], "rotation": [-2.6436933913594083, 1.6578667535896656, -0.02299362804018947]}, "geometry": {"type": "Point", "coordinates": [-70.91682979952768, 42.46866444593709, 26.465934041927532]}}, {"type": "Feature", "properties": {"filename": "DJI_20260508084454_0517_V.JPG", "camera": "v2 dji m3t 4000 3000 brown 0.6666", "focal": 0.7188884491448521, "width": 4000, "height": 3000, "capture_time": 1778229894.0, "translation": [342464.5317232846, 4703594.909005768, 26.44836110329694], "rotation": [1.352271316139703, 2.207306203010553, -0.9156921271142969]}, "geometry": {"type": "Point", "coordinates": [-70.91629168146953, 42.468684169813, 26.44836110329694]}}, {"type": "Feature", "properties": {"filename": "DJI_20260508085403_1253_V.JPG", "camera": "v2 dji m3t 4000 3000 brown 0.6666", "focal": 0.7188884491448521, "width": 4000, "height": 3000, "capture_time": 1778230443.0, "translation": [342362.99876481877, 4703557.800815779, 26.508201989944432], "rotation": [2.0788263381316825, -1.256359661244498, 0.4965048819248189]}, "geometry": {"type": "Point", "coordinates": [-70.91751587777748, 42.468329511781256, 26.508201989944432]}}, {"type": "Feature", "properties": {"filename": "DJI_20260508085957_1737_V.JPG", "camera": "v2 dji m3t 4000 3000 brown 0.6666", "focal": 0.7188884491448521, "width": 4000, "height": 3000, "capture_time": 1778230797.0, "translation": [342391.6651924664, 4703600.516473124, 26.643844286845216], "rotation": [0.6508088034853795, -2.665151524771545, 1.1000277329951968]}, "geometry": {"type": "Point", "coordinates": [-70.91717910257604, 42.46871982223691, 26.643844286845216]}}, {"type": "Feature", "properties": {"filename": "DJI_20260508084754_0751_V.JPG", "camera": "v2 dji m3t 4000 3000 brown 0.6666", "focal": 0.7188884491448521, "width": 4000, "height": 3000, "capture_time": 1778230074.0, "translation": [342432.8396296465, 4703547.264482112, 26.53393240652154], "rotation": [2.3116435557861017, 0.550375818804749, -0.2247551517561254]}, "geometry": {"type": "Point", "coordinates": [-70.91666389270188, 42.468248882385325, 26.53393240652154]}}, {"type": "Feature", "properties": {"filename": "DJI_20260508084550_0597_V.JPG", "camera": "v2 dji m3t 4000 3000 brown 0.6666", "focal": 0.7188884491448521, "width": 4000, "height": 3000, "capture_time": 1778229950.0, "translation": [342546.0105683775, 4703614.791019647, 26.487809259485722], "rotation": [1.3560860420883767, 2.216225786751938, -0.8953401424521759]}, "geometry": {"type": "Point", "coordinates": [-70.91530655321603, 42.46887968877139, 26.487809259485722]}}, {"type": "Feature", "properties": {"filename": "DJI_20260508084951_0918_V.JPG", "camera": "v2 dji m3t 4000 3000 brown 0.6666", "focal": 0.7188884491448521, "width": 4000, "height": 3000, "capture_time": 1778230191.0, "translation": [342468.29866426316, 4703589.248885883, 26.65283615766244], "rotation": [2.306730905122176, 0.5520973442801282, -0.23171703388322654]}, "geometry": {"type": "Point", "coordinates": [-70.91624433009332, 42.46863398967725, 26.65283615766244]}}, {"type": "Feature", "properties": {"filename": "DJI_20260508083917_0059_V.JPG", "camera": "v2 dji m3t 4000 3000 brown 0.6666", "focal": 0.7188884491448521, "width": 4000, "height": 3000, "capture_time": 1778229557.0, "translation": [342430.00853462546, 4703556.631131047, 26.50233864999278], "rotation": [-2.6624214189344504, 1.6260829660686547, -0.032855372469770584]}, "geometry": {"type": "Point", "coordinates": [-70.9167008847432, 42.46833261470625, 26.50233864999278]}}, {"type": "Feature", "properties": {"filename": "DJI_20260508084953_0922_V.JPG", "camera": "v2 dji m3t 4000 3000 brown 0.6666", "focal": 0.7188884491448521, "width": 4000, "height": 3000, "capture_time": 1778230193.0, "translation": [342471.78857867146, 4703594.42040381, 26.553786993478], "rotation": [2.304858756338144, 0.5509932656447087, -0.2326096112711174]}, "geometry": {"type": "Point", "coordinates": [-70.91620332148176, 42.46868124749946, 26.553786993478]}}, {"type": "Feature", "properties": {"filename": "DJI_20260508083944_0097_V.JPG", "camera": "v2 dji m3t 4000 3000 brown 0.6666", "focal": 0.7188884491448521, "width": 4000, "height": 3000, "capture_time": 1778229584.0, "translation": [342452.63495388336, 4703574.894138399, 26.47381085552989], "rotation": [-1.6660493374941054, -2.6527526429125414, -0.015899081903464965]}, "geometry": {"type": "Point", "coordinates": [-70.9164308199918, 42.46850159923925, 26.47381085552989]}}, {"type": "Feature", "properties": {"filename": "DJI_20260508084416_0463_V.JPG", "camera": "v2 dji m3t 4000 3000 brown 0.6666", "focal": 0.7188884491448521, "width": 4000, "height": 3000, "capture_time": 1778229856.0, "translation": [342465.1766292316, 4703609.258040396, 26.540016800658577], "rotation": [1.3503936306156994, 2.209286843648517, -0.909176889902816]}, "geometry": {"type": "Point", "coordinates": [-70.9162877818753, 42.46881345491867, 26.540016800658577]}}, {"type": "Feature", "properties": {"filename": "DJI_20260508084417_0465_V.JPG", "camera": "v2 dji m3t 4000 3000 brown 0.6666", "focal": 0.7188884491448521, "width": 4000, "height": 3000, "capture_time": 1778229857.0, "translation": [342473.8108403708, 4703613.5704714125, 26.579436097904097], "rotation": [1.3511104251523227, 2.209123893181731, -0.9103490457162015]}, "geometry": {"type": "Point", "coordinates": [-70.91618399487496, 42.46885402619131, 26.579436097904097]}}, {"type": "Feature", "properties": {"filename": "DJI_20260508084058_0203_V.JPG", "camera": "v2 dji m3t 4000 3000 brown 0.6666", "focal": 0.7188884491448521, "width": 4000, "height": 3000, "capture_time": 1778229658.0, "translation": [342459.69086440164, 4703606.4255736675, 26.483329729905186], "rotation": [-1.6637158130429952, -2.6453194796501265, -0.010133453273658095]}, "geometry": {"type": "Point", "coordinates": [-70.9163536976802, 42.468786844754405, 26.483329729905186]}}, {"type": "Feature", "properties": {"filename": "DJI_20260508084913_0864_V.JPG", "camera": "v2 dji m3t 4000 3000 brown 0.6666", "focal": 0.7188884491448521, "width": 4000, "height": 3000, "capture_time": 1778230153.0, "translation": [342485.89611391834, 4703525.640150177, 26.623065886982904], "rotation": [2.3124186969046754, 0.55333316321365, -0.23144423138788314]}, "geometry": {"type": "Point", "coordinates": [-70.91601292062302, 42.46806503267287, 26.623065886982904]}}, {"type": "Feature", "properties": {"filename": "DJI_20260508084419_0467_V.JPG", "camera": "v2 dji m3t 4000 3000 brown 0.6666", "focal": 0.7188884491448521, "width": 4000, "height": 3000, "capture_time": 1778229859.0, "translation": [342482.14021480054, 4703617.707002498, 26.606524820560335], "rotation": [1.352500052814945, 2.2096560648051273, -0.9096047478020991]}, "geometry": {"type": "Point", "coordinates": [-70.91608386552217, 42.46889295214026, 26.606524820560335]}}, {"type": "Feature", "properties": {"filename": "DJI_20260508084626_0648_V.JPG", "camera": "v2 dji m3t 4000 3000 brown 0.6666", "focal": 0.7188884491448521, "width": 4000, "height": 3000, "capture_time": 1778229986.0, "translation": [342556.68842671765, 4703608.311618088, 26.436384196699088], "rotation": [1.3560420383994802, 2.207697838929548, -0.8942230685632381]}, "geometry": {"type": "Point", "coordinates": [-70.91517495729957, 42.46882353839901, 26.436384196699088]}}, {"type": "Feature", "properties": {"filename": "DJI_20260508085958_1739_V.JPG", "camera": "v2 dji m3t 4000 3000 brown 0.6666", "focal": 0.7188884491448521, "width": 4000, "height": 3000, "capture_time": 1778230798.0, "translation": [342387.35717579635, 4703609.006271742, 26.668948024962198], "rotation": [0.6505715604751874, -2.665398371164979, 1.0994265000395458]}, "geometry": {"type": "Point", "coordinates": [-70.91723381047301, 42.46879536148733, 26.668948024962198]}}, {"type": "Feature", "properties": {"filename": "DJI_20260508085758_1568_V.JPG", "camera": "v2 dji m3t 4000 3000 brown 0.6666", "focal": 0.7188884491448521, "width": 4000, "height": 3000, "capture_time": 1778230678.0, "translation": [342448.9554815322, 4703600.376329929, 26.567934208667367], "rotation": [0.6611644997943548, -2.6679228121779985, 1.093977278550282]}, "geometry": {"type": "Point", "coordinates": [-70.91648255258413, 42.468730213205454, 26.567934208667367]}}, {"type": "Feature", "properties": {"filename": "DJI_20260508085833_1617_V.JPG", "camera": "v2 dji m3t 4000 3000 brown 0.6666", "focal": 0.7188884491448521, "width": 4000, "height": 3000, "capture_time": 1778230713.0, "translation": [342422.25393744936, 4703623.832088677, 26.652863057834992], "rotation": [0.6532049175484114, -2.6631275071737726, 1.0980182508171044]}, "geometry": {"type": "Point", "coordinates": [-70.91681362269804, 42.46893590531414, 26.652863057834992]}}, {"type": "Feature", "properties": {"filename": "DJI_20260508085848_1639_V.JPG", "camera": "v2 dji m3t 4000 3000 brown 0.6666", "focal": 0.7188884491448521, "width": 4000, "height": 3000, "capture_time": 1778230728.0, "translation": [342416.61919994256, 4703620.783847416, 26.639471113819887], "rotation": [0.6630680758352094, -2.6722047003632565, 1.0923760886689884]}, "geometry": {"type": "Point", "coordinates": [-70.91688129026846, 42.468907322388496, 26.639471113819887]}}, {"type": "Feature", "properties": {"filename": "DJI_20260508085847_1638_V.JPG", "camera": "v2 dji m3t 4000 3000 brown 0.6666", "focal": 0.7188884491448521, "width": 4000, "height": 3000, "capture_time": 1778230727.0, "translation": [342414.4952796311, 4703625.006820725, 26.62607640911166], "rotation": [0.6623448287002519, -2.6718947612276134, 1.0927873794457073]}, "geometry": {"type": "Point", "coordinates": [-70.91690827228663, 42.46894490085598, 26.62607640911166]}}, {"type": "Feature", "properties": {"filename": "DJI_20260508084930_0888_V.JPG", "camera": "v2 dji m3t 4000 3000 brown 0.6666", "focal": 0.7188884491448521, "width": 4000, "height": 3000, "capture_time": 1778230170.0, "translation": [342471.584782447, 4703568.008664154, 26.589108647209514], "rotation": [2.302597306330836, 0.5517371644162778, -0.2370266512602067]}, "geometry": {"type": "Point", "coordinates": [-70.91619854564259, 42.46844347707861, 26.589108647209514]}}, {"type": "Feature", "properties": {"filename": "DJI_20260508085124_1051_V.JPG", "camera": "v2 dji m3t 4000 3000 brown 0.6666", "focal": 0.7188884491448521, "width": 4000, "height": 3000, "capture_time": 1778230284.0, "translation": [342534.94794086483, 4703554.119576123, 26.6363261728062], "rotation": [2.304958298047275, 0.545756228190564, -0.23549163608394527]}, "geometry": {"type": "Point", "coordinates": [-70.91542439282648, 42.468331343606835, 26.6363261728062]}}, {"type": "Feature", "properties": {"filename": "DJI_20260508084419_0468_V.JPG", "camera": "v2 dji m3t 4000 3000 brown 0.6666", "focal": 0.7188884491448521, "width": 4000, "height": 3000, "capture_time": 1778229859.0, "translation": [342486.2649845754, 4703619.776272343, 26.614639687909243], "rotation": [1.352491540955938, 2.209844126967254, -0.9093391747054429]}, "geometry": {"type": "Point", "coordinates": [-70.91603428637542, 42.468912416006816, 26.614639687909243]}}, {"type": "Feature", "properties": {"filename": "DJI_20260508085331_1208_V.JPG", "camera": "v2 dji m3t 4000 3000 brown 0.6666", "focal": 0.7188884491448521, "width": 4000, "height": 3000, "capture_time": 1778230411.0, "translation": [342417.8247765223, 4703571.4105503615, 26.485587048814274], "rotation": [2.0782033981088905, -1.2557995390076706, 0.5044341029296506]}, "geometry": {"type": "Point", "coordinates": [-70.91685306913169, 42.468463164499674, 26.485587048814274]}}, {"type": "Feature", "properties": {"filename": "DJI_20260508085959_1740_V.JPG", "camera": "v2 dji m3t 4000 3000 brown 0.6666", "focal": 0.7188884491448521, "width": 4000, "height": 3000, "capture_time": 1778230799.0, "translation": [342385.2043127512, 4703613.251245811, 26.71076186557051], "rotation": [0.6515190573077297, -2.6644064311114364, 1.0985002917431144]}, "geometry": {"type": "Point", "coordinates": [-70.9172611505683, 42.4688331320073, 26.71076186557051]}}, {"type": "Feature", "properties": {"filename": "DJI_20260508085945_1720_V.JPG", "camera": "v2 dji m3t 4000 3000 brown 0.6666", "focal": 0.7188884491448521, "width": 4000, "height": 3000, "capture_time": 1778230785.0, "translation": [342391.36250693, 4703615.091249312, 26.623727485433797], "rotation": [0.6703297212316018, -2.6733731117454194, 1.0874386233233884]}, "geometry": {"type": "Point", "coordinates": [-70.91718678728226, 42.468850946439574, 26.623727485433797]}}, {"type": "Feature", "properties": {"filename": "DJI_20260508084902_0849_V.JPG", "camera": "v2 dji m3t 4000 3000 brown 0.6666", "focal": 0.7188884491448521, "width": 4000, "height": 3000, "capture_time": 1778230142.0, "translation": [342463.12247736094, 4703556.844205413, 26.62016240336869], "rotation": [2.303402380316324, 0.5510763669746828, -0.23349384777916776]}, "geometry": {"type": "Point", "coordinates": [-70.91629836014322, 42.46834126645842, 26.62016240336869]}}, {"type": "Feature", "properties": {"filename": "DJI_20260508084339_0410_V.JPG", "camera": "v2 dji m3t 4000 3000 brown 0.6666", "focal": 0.7188884491448521, "width": 4000, "height": 3000, "capture_time": 1778229819.0, "translation": [342473.3613703153, 4703627.428290506, 26.559533730397767], "rotation": [1.3482980086130625, 2.2110245643057036, -0.9123874049860008]}, "geometry": {"type": "Point", "coordinates": [-70.9161932651839, 42.46897866740744, 26.559533730397767]}}, {"type": "Feature", "properties": {"filename": "DJI_20260508084455_0518_V.JPG", "camera": "v2 dji m3t 4000 3000 brown 0.6666", "focal": 0.7188884491448521, "width": 4000, "height": 3000, "capture_time": 1778229895.0, "translation": [342468.7361665757, 4703597.007021026, 26.45021851164011], "rotation": [1.3533009865665488, 2.207380530454304, -0.9149264723710495]}, "geometry": {"type": "Point", "coordinates": [-70.91624114181016, 42.46870390869965, 26.45021851164011]}}, {"type": "Feature", "properties": {"filename": "DJI_20260508085805_1577_V.JPG", "camera": "v2 dji m3t 4000 3000 brown 0.6666", "focal": 0.7188884491448521, "width": 4000, "height": 3000, "capture_time": 1778230685.0, "translation": [342431.9007161774, 4703632.695272468, 26.721863914420474], "rotation": [0.6565670991712729, -2.663002535447486, 1.0965959090949349]}, "geometry": {"type": "Point", "coordinates": [-70.91669877555441, 42.46901764377423, 26.721863914420474]}}, {"type": "Feature", "properties": {"filename": "DJI_20260508085846_1636_V.JPG", "camera": "v2 dji m3t 4000 3000 brown 0.6666", "focal": 0.7188884491448521, "width": 4000, "height": 3000, "capture_time": 1778230726.0, "translation": [342410.31656673964, 4703633.372407588, 26.58380616070756], "rotation": [0.6618583974288526, -2.6720344047436924, 1.0921449222260085]}, "geometry": {"type": "Point", "coordinates": [-70.91696137391311, 42.46901934852191, 26.58380616070756]}}, {"type": "Feature", "properties": {"filename": "DJI_20260508084339_0411_V.JPG", "camera": "v2 dji m3t 4000 3000 brown 0.6666", "focal": 0.7188884491448521, "width": 4000, "height": 3000, "capture_time": 1778229819.0, "translation": [342477.4189855955, 4703629.4878505785, 26.50670439115107], "rotation": [1.3488976742712353, 2.211575855923352, -0.9114883914141558]}, "geometry": {"type": "Point", "coordinates": [-70.9161444997798, 42.46899803027138, 26.50670439115107]}}, {"type": "Feature", "properties": {"filename": "DJI_20260508083848_0018_V.JPG", "camera": "v2 dji m3t 4000 3000 brown 0.6666", "focal": 0.7188884491448521, "width": 4000, "height": 3000, "capture_time": 1778229528.0, "translation": [342488.06366422644, 4703571.449418589, 26.44598787100312], "rotation": [-2.6699550259003813, 1.6170993794464, 0.0005742189431297732]}, "geometry": {"type": "Point", "coordinates": [-70.91599914790025, 42.4684777972847, 26.44598787100312]}}, {"type": "Feature", "properties": {"filename": "DJI_20260508084930_0889_V.JPG", "camera": "v2 dji m3t 4000 3000 brown 0.6666", "focal": 0.7188884491448521, "width": 4000, "height": 3000, "capture_time": 1778230170.0, "translation": [342473.6834037774, 4703563.795898829, 26.604904597631474], "rotation": [2.302718588119665, 0.5521325116881386, -0.2368673839608661]}, "geometry": {"type": "Point", "coordinates": [-70.91617187464594, 42.46840598516508, 26.604904597631474]}}, {"type": "Feature", "properties": {"filename": "DJI_20260508084624_0646_V.JPG", "camera": "v2 dji m3t 4000 3000 brown 0.6666", "focal": 0.7188884491448521, "width": 4000, "height": 3000, "capture_time": 1778229984.0, "translation": [342556.6498792754, 4703611.607007692, 26.457323307405638], "rotation": [1.3556655164537734, 2.2064215051712717, -0.8965807569107448]}, "geometry": {"type": "Point", "coordinates": [-70.91517633048805, 42.468853191998846, 26.457323307405638]}}, {"type": "Feature", "properties": {"filename": "DJI_20260508084323_0388_V.JPG", "camera": "v2 dji m3t 4000 3000 brown 0.6666", "focal": 0.7188884491448521, "width": 4000, "height": 3000, "capture_time": 1778229803.0, "translation": [342452.88404724124, 4703624.076908428, 26.474979543949203], "rotation": [1.3402146988663517, 2.216537046476829, -0.9003790827086413]}, "geometry": {"type": "Point", "coordinates": [-70.9164413005027, 42.46894433818816, 26.474979543949203]}}, {"type": "Feature", "properties": {"filename": "DJI_20260508085535_1385_V.JPG", "camera": "v2 dji m3t 4000 3000 brown 0.6666", "focal": 0.7188884491448521, "width": 4000, "height": 3000, "capture_time": 1778230535.0, "translation": [342421.08332912443, 4703615.116557639, 26.454246517856376], "rotation": [2.070968944412977, -1.2602610764898385, 0.5082191233677064]}, "geometry": {"type": "Point", "coordinates": [-70.91682546014351, 42.46885721977849, 26.454246517856376]}}, {"type": "Feature", "properties": {"filename": "DJI_20260508085956_1736_V.JPG", "camera": "v2 dji m3t 4000 3000 brown 0.6666", "focal": 0.7188884491448521, "width": 4000, "height": 3000, "capture_time": 1778230796.0, "translation": [342393.8002919737, 4703596.391333366, 26.607454098861858], "rotation": [0.6507837166541366, -2.6659869894593826, 1.0995196188529723]}, "geometry": {"type": "Point", "coordinates": [-70.91715201146951, 42.46868312669513, 26.607454098861858]}}, {"type": "Feature", "properties": {"filename": "DJI_20260508084522_0557_V.JPG", "camera": "v2 dji m3t 4000 3000 brown 0.6666", "focal": 0.7188884491448521, "width": 4000, "height": 3000, "capture_time": 1778229922.0, "translation": [342475.36395722127, 4703593.448639215, 26.426252346737677], "rotation": [1.348558145093082, 2.2112020618874197, -0.8973269148145667]}, "geometry": {"type": "Point", "coordinates": [-70.91615958665808, 42.46867322771601, 26.426252346737677]}}, {"type": "Feature", "properties": {"filename": "DJI_20260508084345_0419_V.JPG", "camera": "v2 dji m3t 4000 3000 brown 0.6666", "focal": 0.7188884491448521, "width": 4000, "height": 3000, "capture_time": 1778229825.0, "translation": [342511.1777010776, 4703646.3204221325, 26.594623699128796], "rotation": [1.3516837398112962, 2.2163292214019648, -0.906106311809625]}, "geometry": {"type": "Point", "coordinates": [-70.91573869506944, 42.46915640140215, 26.594623699128796]}}, {"type": "Feature", "properties": {"filename": "DJI_20260508085459_1333_V.JPG", "camera": "v2 dji m3t 4000 3000 brown 0.6666", "focal": 0.7188884491448521, "width": 4000, "height": 3000, "capture_time": 1778230499.0, "translation": [342449.49651375925, 4703616.663346815, 26.495063958564185], "rotation": [2.0693132246186847, -1.256858117968759, 0.5110404368859192]}, "geometry": {"type": "Point", "coordinates": [-70.91648044855494, 42.46887692073375, 26.495063958564185]}}, {"type": "Feature", "properties": {"filename": "DJI_20260508084725_0710_V.JPG", "camera": "v2 dji m3t 4000 3000 brown 0.6666", "focal": 0.7188884491448521, "width": 4000, "height": 3000, "capture_time": 1778230045.0, "translation": [342421.10158159246, 4703542.592909173, 26.552163373874677], "rotation": [2.314968652896861, 0.5507255347722239, -0.22480858461188175]}, "geometry": {"type": "Point", "coordinates": [-70.91680531457646, 42.46820444683195, 26.552163373874677]}}, {"type": "Feature", "properties": {"filename": "DJI_20260508084720_0703_V.JPG", "camera": "v2 dji m3t 4000 3000 brown 0.6666", "focal": 0.7188884491448521, "width": 4000, "height": 3000, "capture_time": 1778230040.0, "translation": [342434.42264693714, 4703515.753199181, 26.657835975737687], "rotation": [2.3137514567349573, 0.5494422006353249, -0.22833710766085916]}, "geometry": {"type": "Point", "coordinates": [-70.9166359913344, 42.46796557499845, 26.657835975737687]}}, {"type": "Feature", "properties": {"filename": "DJI_20260508084118_0232_V.JPG", "camera": "v2 dji m3t 4000 3000 brown 0.6666", "focal": 0.7188884491448521, "width": 4000, "height": 3000, "capture_time": 1778229678.0, "translation": [342432.816501396, 4703600.094203182, 26.421082497999606], "rotation": [-2.641318058980698, 1.6611255952000876, -0.017727182089062096]}, "geometry": {"type": "Point", "coordinates": [-70.91667868612696, 42.46872439170658, 26.421082497999606]}}, {"type": "Feature", "properties": {"filename": "DJI_20260508084713_0693_V.JPG", "camera": "v2 dji m3t 4000 3000 brown 0.6666", "focal": 0.7188884491448521, "width": 4000, "height": 3000, "capture_time": 1778230033.0, "translation": [342415.94405727246, 4703538.490492414, 26.61033212811749], "rotation": [2.3119010286802477, 0.5452613417585997, -0.23012116478632078]}, "geometry": {"type": "Point", "coordinates": [-70.91686689005948, 42.46816647247825, 26.61033212811749]}}, {"type": "Feature", "properties": {"filename": "DJI_20260508083920_0064_V.JPG", "camera": "v2 dji m3t 4000 3000 brown 0.6666", "focal": 0.7188884491448521, "width": 4000, "height": 3000, "capture_time": 1778229560.0, "translation": [342451.32390632544, 4703567.290503468, 26.483325131548565], "rotation": [-2.649105488570752, 1.6380466927552781, -0.03385374170613401]}, "geometry": {"type": "Point", "coordinates": [-70.91644467064975, 42.4684328932171, 26.483325131548565]}}, {"type": "Feature", "properties": {"filename": "DJI_20260508085841_1629_V.JPG", "camera": "v2 dji m3t 4000 3000 brown 0.6666", "focal": 0.7188884491448521, "width": 4000, "height": 3000, "capture_time": 1778230721.0, "translation": [342398.7249058984, 4703657.963050987, 26.58576232270979], "rotation": [0.6574397668392211, -2.669819149394473, 1.0928030711994126]}, "geometry": {"type": "Point", "coordinates": [-70.9171090578359, 42.46923832798209, 26.58576232270979]}}, {"type": "Feature", "properties": {"filename": "DJI_20260508084106_0215_V.JPG", "camera": "v2 dji m3t 4000 3000 brown 0.6666", "focal": 0.7188884491448521, "width": 4000, "height": 3000, "capture_time": 1778229666.0, "translation": [342409.32594492286, 4703581.298001839, 26.392192023828457], "rotation": [-1.6718773677149814, -2.6479491674782305, -0.018654458914513256]}, "geometry": {"type": "Point", "coordinates": [-70.91695911042788, 42.46855043160563, 26.392192023828457]}}, {"type": "Feature", "properties": {"filename": "DJI_20260508084822_0791_V.JPG", "camera": "v2 dji m3t 4000 3000 brown 0.6666", "focal": 0.7188884491448521, "width": 4000, "height": 3000, "capture_time": 1778230102.0, "translation": [342446.3160875531, 4703548.442061243, 26.60042554782804], "rotation": [2.315538813809892, 0.5488517225197945, -0.22467740667555705]}, "geometry": {"type": "Point", "coordinates": [-70.91650037619728, 42.468262222258296, 26.60042554782804]}}, {"type": "Feature", "properties": {"filename": "DJI_20260508084338_0409_V.JPG", "camera": "v2 dji m3t 4000 3000 brown 0.6666", "focal": 0.7188884491448521, "width": 4000, "height": 3000, "capture_time": 1778229818.0, "translation": [342468.98405013833, 4703625.221700434, 26.52158641984347], "rotation": [1.347376196253504, 2.210663623018308, -0.9128770589200604]}, "geometry": {"type": "Point", "coordinates": [-70.91624587703168, 42.468957916117795, 26.52158641984347]}}, {"type": "Feature", "properties": {"filename": "DJI_20260508085442_1309_V.JPG", "camera": "v2 dji m3t 4000 3000 brown 0.6666", "focal": 0.7188884491448521, "width": 4000, "height": 3000, "capture_time": 1778230482.0, "translation": [342352.5409828396, 4703566.603020404, 26.491155319140745], "rotation": [2.083260670795872, -1.2622427357371828, 0.5034767473653062]}, "geometry": {"type": "Point", "coordinates": [-70.91764543744895, 42.468406611490316, 26.491155319140745]}}, {"type": "Feature", "properties": {"filename": "DJI_20260508084521_0556_V.JPG", "camera": "v2 dji m3t 4000 3000 brown 0.6666", "focal": 0.7188884491448521, "width": 4000, "height": 3000, "capture_time": 1778229921.0, "translation": [342479.6654495041, 4703595.574667863, 26.440190410760703], "rotation": [1.3489173407687283, 2.2120768429332465, -0.8969753321492887]}, "geometry": {"type": "Point", "coordinates": [-70.91610787477562, 42.46869323842186, 26.440190410760703]}}, {"type": "Feature", "properties": {"filename": "DJI_20260508084520_0554_V.JPG", "camera": "v2 dji m3t 4000 3000 brown 0.6666", "focal": 0.7188884491448521, "width": 4000, "height": 3000, "capture_time": 1778229920.0, "translation": [342488.18033728295, 4703599.776316346, 26.43252266514652], "rotation": [1.3494998828776166, 2.213295648368662, -0.8952692456977421]}, "geometry": {"type": "Point", "coordinates": [-70.91600550811214, 42.46873278813095, 26.43252266514652]}}, {"type": "Feature", "properties": {"filename": "DJI_20260508083909_0047_V.JPG", "camera": "v2 dji m3t 4000 3000 brown 0.6666", "focal": 0.7188884491448521, "width": 4000, "height": 3000, "capture_time": 1778229549.0, "translation": [342441.3532399667, 4703555.367167622, 26.456084646803454], "rotation": [1.6451538055968384, 2.675582522936033, 0.02377686694928323]}, "geometry": {"type": "Point", "coordinates": [-70.91656261419274, 42.46832354508575, 26.456084646803454]}}, {"type": "Feature", "properties": {"filename": "DJI_20260508084947_0913_V.JPG", "camera": "v2 dji m3t 4000 3000 brown 0.6666", "focal": 0.7188884491448521, "width": 4000, "height": 3000, "capture_time": 1778230187.0, "translation": [342478.4466768161, 4703568.384667186, 26.608292539946756], "rotation": [2.3107145264345395, 0.5540035294590183, -0.2290474732158102]}, "geometry": {"type": "Point", "coordinates": [-70.916115225184, 42.46844825659398, 26.608292539946756]}}, {"type": "Feature", "properties": {"filename": "DJI_20260508083906_0043_V.JPG", "camera": "v2 dji m3t 4000 3000 brown 0.6666", "focal": 0.7188884491448521, "width": 4000, "height": 3000, "capture_time": 1778229546.0, "translation": [342458.2281286006, 4703563.738607553, 26.445150020510344], "rotation": [-1.6431185964278106, -2.6740261681260633, -0.025352199444578373]}, "geometry": {"type": "Point", "coordinates": [-70.91635975681739, 42.468402326960565, 26.445150020510344]}}, {"type": "Feature", "properties": {"filename": "DJI_20260508083905_0042_V.JPG", "camera": "v2 dji m3t 4000 3000 brown 0.6666", "focal": 0.7188884491448521, "width": 4000, "height": 3000, "capture_time": 1778229545.0, "translation": [342462.4506790875, 4703565.887442136, 26.450227302951298], "rotation": [-1.6422335960023373, -2.6739891013528987, -0.02514149903901971]}, "geometry": {"type": "Point", "coordinates": [-70.91630901122271, 42.46842252697382, 26.450227302951298]}}, {"type": "Feature", "properties": {"filename": "DJI_20260508084431_0485_V.JPG", "camera": "v2 dji m3t 4000 3000 brown 0.6666", "focal": 0.7188884491448521, "width": 4000, "height": 3000, "capture_time": 1778229871.0, "translation": [342535.96657980967, 4703637.7866842365, 26.47574958468688], "rotation": [1.3429149675299066, 2.2264501059734854, -0.8925245616685047]}, "geometry": {"type": "Point", "coordinates": [-70.91543497715125, 42.46908462882775, 26.47574958468688]}}, {"type": "Feature", "properties": {"filename": "DJI_20260508083922_0066_V.JPG", "camera": "v2 dji m3t 4000 3000 brown 0.6666", "focal": 0.7188884491448521, "width": 4000, "height": 3000, "capture_time": 1778229562.0, "translation": [342459.7890236551, 4703571.50518343, 26.4635628397329], "rotation": [-2.6500202902283467, 1.6377283426069305, -0.030797580486106844]}, "geometry": {"type": "Point", "coordinates": [-70.91634291329314, 42.46847255039067, 26.4635628397329]}}, {"type": "Feature", "properties": {"filename": "DJI_20260508084451_0513_V.JPG", "camera": "v2 dji m3t 4000 3000 brown 0.6666", "focal": 0.7188884491448521, "width": 4000, "height": 3000, "capture_time": 1778229891.0, "translation": [342448.4616824473, 4703586.971201469, 26.39306049861881], "rotation": [1.347396828714552, 2.211595802855021, -0.9150192080790622]}, "geometry": {"type": "Point", "coordinates": [-70.91648487395247, 42.4686094548155, 26.39306049861881]}}, {"type": "Feature", "properties": {"filename": "DJI_20260508083923_0067_V.JPG", "camera": "v2 dji m3t 4000 3000 brown 0.6666", "focal": 0.7188884491448521, "width": 4000, "height": 3000, "capture_time": 1778229563.0, "translation": [342464.0542971974, 4703573.638130284, 26.45821724775455], "rotation": [-2.651147002441762, 1.6382213294071197, -0.02912684800497351]}, "geometry": {"type": "Point", "coordinates": [-70.91629164386599, 42.46849261608093, 26.45821724775455]}}, {"type": "Feature", "properties": {"filename": "DJI_20260508085939_1712_V.JPG", "camera": "v2 dji m3t 4000 3000 brown 0.6666", "focal": 0.7188884491448521, "width": 4000, "height": 3000, "capture_time": 1778230779.0, "translation": [342376.52345774515, 4703645.336778923, 26.661065234156045], "rotation": [0.666070129329046, -2.6702117783548514, 1.087810784947644]}, "geometry": {"type": "Point", "coordinates": [-70.9173755061549, 42.46912016386102, 26.661065234156045]}}, {"type": "Feature", "properties": {"filename": "DJI_20260508084834_0808_V.JPG", "camera": "v2 dji m3t 4000 3000 brown 0.6666", "focal": 0.7188884491448521, "width": 4000, "height": 3000, "capture_time": 1778230114.0, "translation": [342451.5264847339, 4703551.825698267, 26.597230000518564], "rotation": [2.3033367044038866, 0.5468111192902926, -0.22985723282963894]}, "geometry": {"type": "Point", "coordinates": [-70.91643796016923, 42.468293737520455, 26.597230000518564]}}, {"type": "Feature", "properties": {"filename": "DJI_20260508084602_0615_V.JPG", "camera": "v2 dji m3t 4000 3000 brown 0.6666", "focal": 0.7188884491448521, "width": 4000, "height": 3000, "capture_time": 1778229962.0, "translation": [342470.05676039786, 4703576.652540387, 26.438537350075073], "rotation": [1.3469254145544522, 2.203840287222576, -0.8986631925035797]}, "geometry": {"type": "Point", "coordinates": [-70.91621949652026, 42.46852096891471, 26.438537350075073]}}, {"type": "Feature", "properties": {"filename": "DJI_20260508084441_0499_V.JPG", "camera": "v2 dji m3t 4000 3000 brown 0.6666", "focal": 0.7188884491448521, "width": 4000, "height": 3000, "capture_time": 1778229881.0, "translation": [342477.9434080875, 4703608.606039887, 26.422277081236178], "rotation": [1.339092205953908, 2.2164209101719563, -0.9057841186238841]}, "geometry": {"type": "Point", "coordinates": [-70.91613238935795, 42.46881018216157, 26.422277081236178]}}, {"type": "Feature", "properties": {"filename": "DJI_20260508090006_1750_V.JPG", "camera": "v2 dji m3t 4000 3000 brown 0.6666", "focal": 0.7188884491448521, "width": 4000, "height": 3000, "capture_time": 1778230806.0, "translation": [342365.2296934449, 4703641.766377017, 26.585261444672845], "rotation": [0.6577428920322953, -2.6701679550368977, 1.0906608916376117]}, "geometry": {"type": "Point", "coordinates": [-70.91751183061761, 42.46908572930617, 26.585261444672845]}}, {"type": "Feature", "properties": {"filename": "DJI_20260508085252_1152_V.JPG", "camera": "v2 dji m3t 4000 3000 brown 0.6666", "focal": 0.7188884491448521, "width": 4000, "height": 3000, "capture_time": 1778230372.0, "translation": [342422.37878490763, 4703559.705690849, 26.49442057397168], "rotation": [2.0810865033447765, -1.2536030472202053, 0.5023932503288282]}, "geometry": {"type": "Point", "coordinates": [-70.91679448811561, 42.46835873670128, 26.49442057397168]}}, {"type": "Feature", "properties": {"filename": "DJI_20260508084456_0520_V.JPG", "camera": "v2 dji m3t 4000 3000 brown 0.6666", "focal": 0.7188884491448521, "width": 4000, "height": 3000, "capture_time": 1778229896.0, "translation": [342477.4518584856, 4703601.378856673, 26.50553743800104], "rotation": [1.3547275792513531, 2.207830250480842, -0.9125482723183458]}, "geometry": {"type": "Point", "coordinates": [-70.91613638066059, 42.468745031188426, 26.50553743800104]}}, {"type": "Feature", "properties": {"filename": "DJI_20260508084354_0431_V.JPG", "camera": "v2 dji m3t 4000 3000 brown 0.6666", "focal": 0.7188884491448521, "width": 4000, "height": 3000, "capture_time": 1778229834.0, "translation": [342519.6304888968, 4703643.475981845, 26.569175115842032], "rotation": [1.3448154690894936, 2.2229986127815704, -0.890438579926099]}, "geometry": {"type": "Point", "coordinates": [-70.91563514785797, 42.469132517138796, 26.569175115842032]}}, {"type": "Feature", "properties": {"filename": "DJI_20260508084441_0498_V.JPG", "camera": "v2 dji m3t 4000 3000 brown 0.6666", "focal": 0.7188884491448521, "width": 4000, "height": 3000, "capture_time": 1778229881.0, "translation": [342482.210798868, 4703610.7425925275, 26.420537960129984], "rotation": [1.338768990098599, 2.2166370640130917, -0.9048077587646217]}, "geometry": {"type": "Point", "coordinates": [-70.916081094838, 42.46883028064907, 26.420537960129984]}}, {"type": "Feature", "properties": {"filename": "DJI_20260508084633_0658_V.JPG", "camera": "v2 dji m3t 4000 3000 brown 0.6666", "focal": 0.7188884491448521, "width": 4000, "height": 3000, "capture_time": 1778229993.0, "translation": [342519.29101072456, 4703587.270333554, 26.46323363379606], "rotation": [1.3507341485708422, 2.2104697339331247, -0.8973859382143988]}, "geometry": {"type": "Point", "coordinates": [-70.91562384367778, 42.46862654751754, 26.46323363379606]}}, {"type": "Feature", "properties": {"filename": "DJI_20260508084440_0497_V.JPG", "camera": "v2 dji m3t 4000 3000 brown 0.6666", "focal": 0.7188884491448521, "width": 4000, "height": 3000, "capture_time": 1778229880.0, "translation": [342486.4862726204, 4703612.888594282, 26.426147655805295], "rotation": [1.338536373182819, 2.217251462507209, -0.9034692829584497]}, "geometry": {"type": "Point", "coordinates": [-70.91602970460976, 42.4688504658079, 26.426147655805295]}}, {"type": "Feature", "properties": {"filename": "DJI_20260508084753_0750_V.JPG", "camera": "v2 dji m3t 4000 3000 brown 0.6666", "focal": 0.7188884491448521, "width": 4000, "height": 3000, "capture_time": 1778230073.0, "translation": [342434.9316980647, 4703543.010007633, 26.531412752377747], "rotation": [2.3125674789046053, 0.5510725954763656, -0.2249708030546855]}, "geometry": {"type": "Point", "coordinates": [-70.91663728972804, 42.46821101383103, 26.531412752377747]}}, {"type": "Feature", "properties": {"filename": "DJI_20260508084736_0726_V.JPG", "camera": "v2 dji m3t 4000 3000 brown 0.6666", "focal": 0.7188884491448521, "width": 4000, "height": 3000, "capture_time": 1778230056.0, "translation": [342429.5534586909, 4703539.42799488, 26.58286473699104], "rotation": [2.30464200803448, 0.5471443172998756, -0.22919912886350918]}, "geometry": {"type": "Point", "coordinates": [-70.91670169161554, 42.46817767877204, 26.58286473699104]}}, {"type": "Feature", "properties": {"filename": "DJI_20260508084705_0681_V.JPG", "camera": "v2 dji m3t 4000 3000 brown 0.6666", "focal": 0.7188884491448521, "width": 4000, "height": 3000, "capture_time": 1778230025.0, "translation": [342403.1177336735, 4703550.095845502, 26.456984088107948], "rotation": [2.314146173439408, 0.5473118541995486, -0.21417632425262678]}, "geometry": {"type": "Point", "coordinates": [-70.91702601429319, 42.468268321964196, 26.456984088107948]}}, {"type": "Feature", "properties": {"filename": "DJI_20260508084102_0209_V.JPG", "camera": "v2 dji m3t 4000 3000 brown 0.6666", "focal": 0.7188884491448521, "width": 4000, "height": 3000, "capture_time": 1778229662.0, "translation": [342434.6428801758, 4703593.992840572, 26.441932491058278], "rotation": [-1.6680127747041003, -2.6462499100530716, -0.015540831722754615]}, "geometry": {"type": "Point", "coordinates": [-70.91665480573837, 42.46866984550921, 26.441932491058278]}}, {"type": "Feature", "properties": {"filename": "DJI_20260508084605_0619_V.JPG", "camera": "v2 dji m3t 4000 3000 brown 0.6666", "focal": 0.7188884491448521, "width": 4000, "height": 3000, "capture_time": 1778229965.0, "translation": [342457.8160940249, 4703568.855451715, 26.43418170369492], "rotation": [1.3450508502140774, 2.2007060844420385, -0.9028355950051419]}, "geometry": {"type": "Point", "coordinates": [-70.91636617149986, 42.46844829929045, 26.43418170369492]}}, {"type": "Feature", "properties": {"filename": "DJI_20260508085204_1084_V.JPG", "camera": "v2 dji m3t 4000 3000 brown 0.6666", "focal": 0.7188884491448521, "width": 4000, "height": 3000, "capture_time": 1778230324.0, "translation": [342382.4813188817, 4703523.498870006, 26.512968401634808], "rotation": [2.0842610496647263, -1.2545161860594125, 0.5020174285848917]}, "geometry": {"type": "Point", "coordinates": [-70.9172695930023, 42.46802472788169, 26.512968401634808]}}, {"type": "Feature", "properties": {"filename": "DJI_20260508084606_0620_V.JPG", "camera": "v2 dji m3t 4000 3000 brown 0.6666", "focal": 0.7188884491448521, "width": 4000, "height": 3000, "capture_time": 1778229966.0, "translation": [342458.5550504377, 4703567.228549374, 26.446123030803392], "rotation": [1.3449132528430512, 2.2014751117377878, -0.9048984090962764]}, "geometry": {"type": "Point", "coordinates": [-70.91635674077885, 42.46843380599369, 26.446123030803392]}}, {"type": "Feature", "properties": {"filename": "DJI_20260508085308_1175_V.JPG", "camera": "v2 dji m3t 4000 3000 brown 0.6666", "focal": 0.7188884491448521, "width": 4000, "height": 3000, "capture_time": 1778230388.0, "translation": [342437.46014077106, 4703574.211591101, 26.566954728052863], "rotation": [2.065423678235559, -1.2528955127153942, 0.5052961185506404]}, "geometry": {"type": "Point", "coordinates": [-70.91661512093751, 42.46849236978662, 26.566954728052863]}}, {"type": "Feature", "properties": {"filename": "DJI_20260508084401_0442_V.JPG", "camera": "v2 dji m3t 4000 3000 brown 0.6666", "focal": 0.7188884491448521, "width": 4000, "height": 3000, "capture_time": 1778229841.0, "translation": [342473.23736927623, 4703620.289629493, 26.453671271511855], "rotation": [1.3434993464480314, 2.215736544787578, -0.8945950702312598]}, "geometry": {"type": "Point", "coordinates": [-70.91619281222127, 42.46891438794487, 26.453671271511855]}}, {"type": "Feature", "properties": {"filename": "DJI_20260508084205_0299_V.JPG", "camera": "v2 dji m3t 4000 3000 brown 0.6666", "focal": 0.7188884491448521, "width": 4000, "height": 3000, "capture_time": 1778229725.0, "translation": [342466.7865629694, 4703631.091657595, 26.516348105212124], "rotation": [-2.645697475976536, 1.6758311687312564, 0.009597065696257366]}, "geometry": {"type": "Point", "coordinates": [-70.91627420543557, 42.46901030409071, 26.516348105212124]}}, {"type": "Feature", "properties": {"filename": "DJI_20260508085216_1101_V.JPG", "camera": "v2 dji m3t 4000 3000 brown 0.6666", "focal": 0.7188884491448521, "width": 4000, "height": 3000, "capture_time": 1778230336.0, "translation": [342444.7038620636, 4703556.970912942, 26.46562237009459], "rotation": [2.076348106489428, -1.2557419078148777, 0.5091038416857666]}, "geometry": {"type": "Point", "coordinates": [-70.91652231948665, 42.46833866158961, 26.46562237009459]}}, {"type": "Feature", "properties": {"filename": "DJI_20260508084607_0621_V.JPG", "camera": "v2 dji m3t 4000 3000 brown 0.6666", "focal": 0.7188884491448521, "width": 4000, "height": 3000, "capture_time": 1778229967.0, "translation": [342460.2496103734, 4703566.086655781, 26.42519438015994], "rotation": [1.3462732377894637, 2.2007415784934277, -0.9088120979887497]}, "geometry": {"type": "Point", "coordinates": [-70.91633582549308, 42.46842387251419, 26.42519438015994]}}, {"type": "Feature", "properties": {"filename": "DJI_20260508084007_0130_V.JPG", "camera": "v2 dji m3t 4000 3000 brown 0.6666", "focal": 0.7188884491448521, "width": 4000, "height": 3000, "capture_time": 1778229607.0, "translation": [342490.6757697579, 4703600.979302002, 26.450637961183347], "rotation": [-2.653103352937199, 1.6562103616819324, 0.0019100967223816497]}, "geometry": {"type": "Point", "coordinates": [-70.91597550000512, 42.468744123393805, 26.450637961183347]}}, {"type": "Feature", "properties": {"filename": "DJI_20260508084918_0872_V.JPG", "camera": "v2 dji m3t 4000 3000 brown 0.6666", "focal": 0.7188884491448521, "width": 4000, "height": 3000, "capture_time": 1778230158.0, "translation": [342469.19004189345, 4703558.897170913, 26.60449220892088], "rotation": [2.3126218947913944, 0.5547490392403306, -0.23116019630735832]}, "geometry": {"type": "Point", "coordinates": [-70.91622515745661, 42.468360978679655, 26.60449220892088]}}, {"type": "Feature", "properties": {"filename": "DJI_20260508084608_0623_V.JPG", "camera": "v2 dji m3t 4000 3000 brown 0.6666", "focal": 0.7188884491448521, "width": 4000, "height": 3000, "capture_time": 1778229968.0, "translation": [342465.02429135697, 4703567.240046259, 26.42039921365358], "rotation": [1.3477707440100213, 2.201380476371872, -0.9098661183144673]}, "geometry": {"type": "Point", "coordinates": [-70.91627809393776, 42.46843522490748, 26.42039921365358]}}, {"type": "Feature", "properties": {"filename": "DJI_20260508085619_1426_V.JPG", "camera": "v2 dji m3t 4000 3000 brown 0.6666", "focal": 0.7188884491448521, "width": 4000, "height": 3000, "capture_time": 1778230579.0, "translation": [342458.7027570526, 4703688.310108918, 26.662570249726418], "rotation": [0.6731791383351546, -2.6621474817413913, 1.0892491414676306]}, "geometry": {"type": "Point", "coordinates": [-70.91638820132118, 42.46952367681686, 26.662570249726418]}}, {"type": "Feature", "properties": {"filename": "DJI_20260508084343_0416_V.JPG", "camera": "v2 dji m3t 4000 3000 brown 0.6666", "focal": 0.7188884491448521, "width": 4000, "height": 3000, "capture_time": 1778229823.0, "translation": [342498.59365482966, 4703639.997093851, 26.568397130544636], "rotation": [1.351718017159726, 2.2147238968699985, -0.9090595352258538]}, "geometry": {"type": "Point", "coordinates": [-70.91588995146455, 42.469096927699894, 26.568397130544636]}}, {"type": "Feature", "properties": {"filename": "DJI_20260508084609_0625_V.JPG", "camera": "v2 dji m3t 4000 3000 brown 0.6666", "focal": 0.7188884491448521, "width": 4000, "height": 3000, "capture_time": 1778229969.0, "translation": [342472.2149195671, 4703570.829102563, 26.444926205829887], "rotation": [1.3501745745896256, 2.1991931039179566, -0.912343065424446]}, "geometry": {"type": "Point", "coordinates": [-70.91619165930447, 42.468468991637536, 26.444926205829887]}}, {"type": "Feature", "properties": {"filename": "DJI_20260508083940_0092_V.JPG", "camera": "v2 dji m3t 4000 3000 brown 0.6666", "focal": 0.7188884491448521, "width": 4000, "height": 3000, "capture_time": 1778229580.0, "translation": [342473.51605503564, 4703585.29676161, 26.510862545913007], "rotation": [-1.6622505279186883, -2.651426630749829, -0.009284603432731377]}, "geometry": {"type": "Point", "coordinates": [-70.91617981392673, 42.46859947789922, 26.510862545913007]}}, {"type": "Feature", "properties": {"filename": "DJI_20260508085911_1671_V.JPG", "camera": "v2 dji m3t 4000 3000 brown 0.6666", "focal": 0.7188884491448521, "width": 4000, "height": 3000, "capture_time": 1778230751.0, "translation": [342388.0921171695, 4703650.095795833, 26.59573455490191], "rotation": [0.6643363181352979, -2.6715911496886067, 1.0882967588133357]}, "geometry": {"type": "Point", "coordinates": [-70.91723616606942, 42.46916535275741, 26.59573455490191]}}, {"type": "Feature", "properties": {"filename": "DJI_20260508084014_0140_V.JPG", "camera": "v2 dji m3t 4000 3000 brown 0.6666", "focal": 0.7188884491448521, "width": 4000, "height": 3000, "capture_time": 1778229614.0, "translation": [342497.0306997472, 4703610.932198454, 26.416784888541816], "rotation": [-1.6826721787131504, -2.6370467052258437, 0.0044475753908457365]}, "geometry": {"type": "Point", "coordinates": [-70.9159009723203, 42.46883500020378, 26.416784888541816]}}, {"type": "Feature", "properties": {"filename": "DJI_20260508085148_1061_V.JPG", "camera": "v2 dji m3t 4000 3000 brown 0.6666", "focal": 0.7188884491448521, "width": 4000, "height": 3000, "capture_time": 1778230308.0, "translation": [342473.43464502, 4703564.086329679, 26.50790462298489], "rotation": [2.0646425788950347, -1.2579333496516527, 0.5241391340010826]}, "geometry": {"type": "Point", "coordinates": [-70.91617497869723, 42.4684085487215, 26.50790462298489]}}, {"type": "Feature", "properties": {"filename": "DJI_20260508084256_0349_V.JPG", "camera": "v2 dji m3t 4000 3000 brown 0.6666", "focal": 0.7188884491448521, "width": 4000, "height": 3000, "capture_time": 1778229776.0, "translation": [342450.91923901596, 4703630.145786989, 26.557423513534495], "rotation": [1.3515084036176361, 2.2124103123766967, -0.9149637333919551]}, "geometry": {"type": "Point", "coordinates": [-70.9164668548733, 42.468998563893905, 26.557423513534495]}}, {"type": "Feature", "properties": {"filename": "DJI_20260508085953_1732_V.JPG", "camera": "v2 dji m3t 4000 3000 brown 0.6666", "focal": 0.7188884491448521, "width": 4000, "height": 3000, "capture_time": 1778230793.0, "translation": [342403.68644926057, 4703582.138654742, 26.571196068584115], "rotation": [0.6573262273528672, -2.666517567351338, 1.095527600274528]}, "geometry": {"type": "Point", "coordinates": [-70.91702790384092, 42.46855685109942, 26.571196068584115]}}, {"type": "Feature", "properties": {"filename": "DJI_20260508085206_1087_V.JPG", "camera": "v2 dji m3t 4000 3000 brown 0.6666", "focal": 0.7188884491448521, "width": 4000, "height": 3000, "capture_time": 1778230326.0, "translation": [342386.2805641238, 4703527.439016833, 26.4794105411742], "rotation": [2.0880896982157275, -1.255118016188575, 0.5022430870144329]}, "geometry": {"type": "Point", "coordinates": [-70.91722448653303, 42.468060965558095, 26.4794105411742]}}, {"type": "Feature", "properties": {"filename": "DJI_20260508083840_0006_V.JPG", "camera": "v2 dji m3t 4000 3000 brown 0.6666", "focal": 0.7188884491448521, "width": 4000, "height": 3000, "capture_time": 1778229520.0, "translation": [342437.30145866517, 4703546.120951125, 26.52816463926435], "rotation": [-2.6708117991503064, 1.6277189111904538, -0.0013745003995476307]}, "geometry": {"type": "Point", "coordinates": [-70.91660933393275, 42.46823949699822, 26.52816463926435]}}, {"type": "Feature", "properties": {"filename": "DJI_20260508084257_0350_V.JPG", "camera": "v2 dji m3t 4000 3000 brown 0.6666", "focal": 0.7188884491448521, "width": 4000, "height": 3000, "capture_time": 1778229777.0, "translation": [342455.2136587425, 4703632.305342783, 26.553945253404095], "rotation": [1.3527114049038127, 2.213403762597211, -0.914248075173924]}, "geometry": {"type": "Point", "coordinates": [-70.91641523802407, 42.469018875076465, 26.553945253404095]}}, {"type": "Feature", "properties": {"filename": "DJI_20260508084104_0212_V.JPG", "camera": "v2 dji m3t 4000 3000 brown 0.6666", "focal": 0.7188884491448521, "width": 4000, "height": 3000, "capture_time": 1778229664.0, "translation": [342421.9062911656, 4703587.582482274, 26.429162805038786], "rotation": [-1.6699565280394528, -2.646851943123832, -0.018385334567449247]}, "geometry": {"type": "Point", "coordinates": [-70.91680789070548, 42.46860955626108, 26.429162805038786]}}, {"type": "Feature", "properties": {"filename": "DJI_20260508084321_0385_V.JPG", "camera": "v2 dji m3t 4000 3000 brown 0.6666", "focal": 0.7188884491448521, "width": 4000, "height": 3000, "capture_time": 1778229801.0, "translation": [342465.6915863995, 4703630.597407464, 26.503907561406837], "rotation": [1.341302014302161, 2.21816482737862, -0.8998079625311399]}, "geometry": {"type": "Point", "coordinates": [-70.91628738202468, 42.46900563275689, 26.503907561406837]}}, {"type": "Feature", "properties": {"filename": "DJI_20260508085416_1272_V.JPG", "camera": "v2 dji m3t 4000 3000 brown 0.6666", "focal": 0.7188884491448521, "width": 4000, "height": 3000, "capture_time": 1778230456.0, "translation": [342443.07753194607, 4703598.144516671, 26.465270960853914], "rotation": [2.074619757903547, -1.2481986103888247, 0.5054243103106678]}, "geometry": {"type": "Point", "coordinates": [-70.91655340122416, 42.4687089295871, 26.465270960853914]}}, {"type": "Feature", "properties": {"filename": "DJI_20260508084601_0613_V.JPG", "camera": "v2 dji m3t 4000 3000 brown 0.6666", "focal": 0.7188884491448521, "width": 4000, "height": 3000, "capture_time": 1778229961.0, "translation": [342478.6965785011, 4703580.872351497, 26.41808486986611], "rotation": [1.3475448578568816, 2.2050158792676338, -0.8980598864019986]}, "geometry": {"type": "Point", "coordinates": [-70.91611561634788, 42.468560707597625, 26.41808486986611]}}, {"type": "Feature", "properties": {"filename": "DJI_20260508084357_0436_V.JPG", "camera": "v2 dji m3t 4000 3000 brown 0.6666", "focal": 0.7188884491448521, "width": 4000, "height": 3000, "capture_time": 1778229837.0, "translation": [342498.7158937406, 4703632.988676985, 26.500241758297115], "rotation": [1.3451334243307616, 2.219633040601088, -0.8923351027019618]}, "geometry": {"type": "Point", "coordinates": [-70.9158865408719, 42.46903387060252, 26.500241758297115]}}, {"type": "Feature", "properties": {"filename": "DJI_20260508084257_0351_V.JPG", "camera": "v2 dji m3t 4000 3000 brown 0.6666", "focal": 0.7188884491448521, "width": 4000, "height": 3000, "capture_time": 1778229777.0, "translation": [342459.28122756956, 4703634.354579264, 26.560956443711245], "rotation": [1.3538236063308062, 2.2144646519553257, -0.9130983868680577]}, "geometry": {"type": "Point", "coordinates": [-70.9163663488139, 42.469038147136565, 26.560956443711245]}}, {"type": "Feature", "properties": {"filename": "DJI_20260508084006_0129_V.JPG", "camera": "v2 dji m3t 4000 3000 brown 0.6666", "focal": 0.7188884491448521, "width": 4000, "height": 3000, "capture_time": 1778229606.0, "translation": [342486.30451277207, 4703598.820359867, 26.467585839926066], "rotation": [-2.65168794652776, 1.6552796658018405, 0.0005806088859909782]}, "geometry": {"type": "Point", "coordinates": [-70.91602805110556, 42.46872380231209, 26.467585839926066]}}, {"type": "Feature", "properties": {"filename": "DJI_20260508084459_0525_V.JPG", "camera": "v2 dji m3t 4000 3000 brown 0.6666", "focal": 0.7188884491448521, "width": 4000, "height": 3000, "capture_time": 1778229899.0, "translation": [342498.4284167438, 4703611.818423182, 26.551286409047375], "rotation": [1.355459692324219, 2.2082707861072848, -0.9096960591485413]}, "geometry": {"type": "Point", "coordinates": [-70.91588422276726, 42.46884326115594, 26.551286409047375]}}, {"type": "Feature", "properties": {"filename": "DJI_20260508083850_0020_V.JPG", "camera": "v2 dji m3t 4000 3000 brown 0.6666", "focal": 0.7188884491448521, "width": 4000, "height": 3000, "capture_time": 1778229530.0, "translation": [342496.5794262222, 4703575.758747057, 26.453870320419064], "rotation": [-2.6723009130300466, 1.6175710389582414, -0.0015272960884236148]}, "geometry": {"type": "Point", "coordinates": [-70.9158968004503, 42.46851831628526, 26.453870320419064]}}, {"type": "Feature", "properties": {"filename": "DJI_20260508083902_0037_V.JPG", "camera": "v2 dji m3t 4000 3000 brown 0.6666", "focal": 0.7188884491448521, "width": 4000, "height": 3000, "capture_time": 1778229542.0, "translation": [342483.4791335437, 4703576.411952076, 26.474269728881406], "rotation": [-1.6371895478125893, -2.668438244930632, -0.022202435598088287]}, "geometry": {"type": "Point", "coordinates": [-70.91605624728587, 42.46852153241219, 26.474269728881406]}}, {"type": "Feature", "properties": {"filename": "DJI_20260508083901_0036_V.JPG", "camera": "v2 dji m3t 4000 3000 brown 0.6666", "focal": 0.7188884491448521, "width": 4000, "height": 3000, "capture_time": 1778229541.0, "translation": [342487.5385693966, 4703578.441337405, 26.474701123182342], "rotation": [-1.636692259267494, -2.6671746382568293, -0.019662002875799577]}, "geometry": {"type": "Point", "coordinates": [-70.91600745176747, 42.46854062398375, 26.474701123182342]}}, {"type": "Feature", "properties": {"filename": "DJI_20260508083857_0030_V.JPG", "camera": "v2 dji m3t 4000 3000 brown 0.6666", "focal": 0.7188884491448521, "width": 4000, "height": 3000, "capture_time": 1778229537.0, "translation": [342512.24391796475, 4703590.348034707, 26.36269186413423], "rotation": [-1.7347047405301423, -2.5938010552313155, -0.00922774760809881]}, "geometry": {"type": "Point", "coordinates": [-70.91571036424212, 42.46865281710506, 26.36269186413423]}}, {"type": "Feature", "properties": {"filename": "DJI_20260508083851_0022_V.JPG", "camera": "v2 dji m3t 4000 3000 brown 0.6666", "focal": 0.7188884491448521, "width": 4000, "height": 3000, "capture_time": 1778229531.0, "translation": [342505.14541339735, 4703580.091305955, 26.430744474043045], "rotation": [-2.6747891472793763, 1.6179994169165017, -0.0024084879439913408]}, "geometry": {"type": "Point", "coordinates": [-70.91579384862874, 42.46855905450103, 26.430744474043045]}}, {"type": "Feature", "properties": {"filename": "DJI_20260508084754_0752_V.JPG", "camera": "v2 dji m3t 4000 3000 brown 0.6666", "focal": 0.7188884491448521, "width": 4000, "height": 3000, "capture_time": 1778230074.0, "translation": [342430.6758576258, 4703551.504767151, 26.519719185586283], "rotation": [2.311156948679999, 0.5492586136698553, -0.2252299869089814]}, "geometry": {"type": "Point", "coordinates": [-70.91669136354714, 42.46828660863233, 26.519719185586283]}}, {"type": "Feature", "properties": {"filename": "DJI_20260508085612_1416_V.JPG", "camera": "v2 dji m3t 4000 3000 brown 0.6666", "focal": 0.7188884491448521, "width": 4000, "height": 3000, "capture_time": 1778230572.0, "translation": [342479.9251863426, 4703649.689156304, 26.633064205189438], "rotation": [0.6639025030262731, -2.6640389928817805, 1.0881295578988828]}, "geometry": {"type": "Point", "coordinates": [-70.91611957806869, 42.4691803694142, 26.633064205189438]}}, {"type": "Feature", "properties": {"filename": "DJI_20260508085600_1399_V.JPG", "camera": "v2 dji m3t 4000 3000 brown 0.6666", "focal": 0.7188884491448521, "width": 4000, "height": 3000, "capture_time": 1778230560.0, "translation": [342484.1267371944, 4703655.258206903, 26.61103625509698], "rotation": [0.664317710498232, -2.6717187734031906, 1.0839953884506548]}, "geometry": {"type": "Point", "coordinates": [-70.91607002633717, 42.46923135002684, 26.61103625509698]}}, {"type": "Feature", "properties": {"filename": "DJI_20260508085754_1562_V.JPG", "camera": "v2 dji m3t 4000 3000 brown 0.6666", "focal": 0.7188884491448521, "width": 4000, "height": 3000, "capture_time": 1778230674.0, "translation": [342448.03742699936, 4703614.434197802, 26.561583807237295], "rotation": [0.6663450593615653, -2.6716942662472234, 1.0903471954835156]}, "geometry": {"type": "Point", "coordinates": [-70.91649757527438, 42.46885655971396, 26.561583807237295]}}, {"type": "Feature", "properties": {"filename": "DJI_20260508084251_0342_V.JPG", "camera": "v2 dji m3t 4000 3000 brown 0.6666", "focal": 0.7188884491448521, "width": 4000, "height": 3000, "capture_time": 1778229771.0, "translation": [342422.0511290973, 4703615.627074461, 26.58991132443467], "rotation": [1.342073424707181, 2.206048687238957, -0.9144298841864777]}, "geometry": {"type": "Point", "coordinates": [-70.91681383425981, 42.468862011720915, 26.58991132443467]}}, {"type": "Feature", "properties": {"filename": "DJI_20260508083855_0027_V.JPG", "camera": "v2 dji m3t 4000 3000 brown 0.6666", "focal": 0.7188884491448521, "width": 4000, "height": 3000, "capture_time": 1778229535.0, "translation": [342516.6718270797, 4703591.475635596, 26.457363631929326], "rotation": [-3.120048768587979, 0.34217432343158616, 0.0073847005439412906]}, "geometry": {"type": "Point", "coordinates": [-70.91565684117944, 42.46866386657277, 26.457363631929326]}}, {"type": "Feature", "properties": {"filename": "DJI_20260508083855_0028_V.JPG", "camera": "v2 dji m3t 4000 3000 brown 0.6666", "focal": 0.7188884491448521, "width": 4000, "height": 3000, "capture_time": 1778229535.0, "translation": [342516.0132125934, 4703592.08891449, 26.392204496675987], "rotation": [-3.036615265045519, -0.7946045660421428, -0.000691071693511811]}, "geometry": {"type": "Point", "coordinates": [-70.91566501671734, 42.46866925275115, 26.392204496675987]}}, {"type": "Feature", "properties": {"filename": "DJI_20260508085448_1317_V.JPG", "camera": "v2 dji m3t 4000 3000 brown 0.6666", "focal": 0.7188884491448521, "width": 4000, "height": 3000, "capture_time": 1778230488.0, "translation": [342385.3932564988, 4703583.255912329, 26.56839950835739], "rotation": [2.0798952792104797, -1.2613621922000684, 0.5039229819502872]}, "geometry": {"type": "Point", "coordinates": [-70.91725061122561, 42.46856318612494, 26.56839950835739]}}, {"type": "Feature", "properties": {"filename": "DJI_20260508083914_0055_V.JPG", "camera": "v2 dji m3t 4000 3000 brown 0.6666", "focal": 0.7188884491448521, "width": 4000, "height": 3000, "capture_time": 1778229554.0, "translation": [342418.2134116363, 4703550.154351893, 26.402905368664698], "rotation": [-3.128396278073644, -0.25001150902039304, -0.02051864911815838]}, "geometry": {"type": "Point", "coordinates": [-70.9168425047367, 42.46827191905099, 26.402905368664698]}}, {"type": "Feature", "properties": {"filename": "DJI_20260508083857_0031_V.JPG", "camera": "v2 dji m3t 4000 3000 brown 0.6666", "focal": 0.7188884491448521, "width": 4000, "height": 3000, "capture_time": 1778229537.0, "translation": [342509.0856178903, 4703588.811637109, 26.349236149457983], "rotation": [-1.6712538236482193, -2.6362517719409606, -0.011030175227313387]}, "geometry": {"type": "Point", "coordinates": [-70.91574833967516, 42.46863834616343, 26.349236149457983]}}, {"type": "Feature", "properties": {"filename": "DJI_20260508084516_0549_V.JPG", "camera": "v2 dji m3t 4000 3000 brown 0.6666", "focal": 0.7188884491448521, "width": 4000, "height": 3000, "capture_time": 1778229916.0, "translation": [342509.1919906135, 4703610.228042235, 26.46666646687392], "rotation": [1.3517599289004565, 2.217018069666329, -0.8933513891629656]}, "geometry": {"type": "Point", "coordinates": [-70.91575292671833, 42.46883113439293, 26.46666646687392]}}, {"type": "Feature", "properties": {"filename": "DJI_20260508084032_0166_V.JPG", "camera": "v2 dji m3t 4000 3000 brown 0.6666", "focal": 0.7188884491448521, "width": 4000, "height": 3000, "capture_time": 1778229632.0, "translation": [342402.89712985215, 4703570.718670752, 26.51599435449496], "rotation": [-2.9220388000119883, 1.1406830879667478, -0.02550246517679548]}, "geometry": {"type": "Point", "coordinates": [-70.91703436238042, 42.468453900648875, 26.51599435449496]}}, {"type": "Feature", "properties": {"filename": "DJI_20260508083858_0032_V.JPG", "camera": "v2 dji m3t 4000 3000 brown 0.6666", "focal": 0.7188884491448521, "width": 4000, "height": 3000, "capture_time": 1778229538.0, "translation": [342504.74579153414, 4703586.738815142, 26.42387176799724], "rotation": [-1.6596219964200043, -2.645225146986995, -0.011698759872618961]}, "geometry": {"type": "Point", "coordinates": [-70.91580053229198, 42.468618806732906, 26.42387176799724]}}, {"type": "Feature", "properties": {"filename": "DJI_20260508083900_0035_V.JPG", "camera": "v2 dji m3t 4000 3000 brown 0.6666", "focal": 0.7188884491448521, "width": 4000, "height": 3000, "capture_time": 1778229540.0, "translation": [342491.8217989652, 4703580.5664749695, 26.465866430955828], "rotation": [-1.6356337024554592, -2.6655036131887644, -0.01761627622556319]}, "geometry": {"type": "Point", "coordinates": [-70.915955961727, 42.46856062288683, 26.465866430955828]}}, {"type": "Feature", "properties": {"filename": "DJI_20260508083859_0034_V.JPG", "camera": "v2 dji m3t 4000 3000 brown 0.6666", "focal": 0.7188884491448521, "width": 4000, "height": 3000, "capture_time": 1778229539.0, "translation": [342496.04596471664, 4703582.602003047, 26.423404313951462], "rotation": [-1.6354966511696962, -2.6638001861513376, -0.015050220149339303]}, "geometry": {"type": "Point", "coordinates": [-70.91590516511931, 42.4685798031954, 26.423404313951462]}}, {"type": "Feature", "properties": {"filename": "DJI_20260508084004_0126_V.JPG", "camera": "v2 dji m3t 4000 3000 brown 0.6666", "focal": 0.7188884491448521, "width": 4000, "height": 3000, "capture_time": 1778229604.0, "translation": [342473.7443195125, 4703592.514670425, 26.502602695507747], "rotation": [-2.6496276979949234, 1.6530160293554663, -0.008529570382288148]}, "geometry": {"type": "Point", "coordinates": [-70.91617902103506, 42.468664491864814, 26.502602695507747]}}, {"type": "Feature", "properties": {"filename": "DJI_20260508084014_0141_V.JPG", "camera": "v2 dji m3t 4000 3000 brown 0.6666", "focal": 0.7188884491448521, "width": 4000, "height": 3000, "capture_time": 1778229614.0, "translation": [342492.80665920617, 4703608.856316614, 26.452478187719336], "rotation": [-1.6778355640268128, -2.64005093985161, 0.004822050767516653]}, "geometry": {"type": "Point", "coordinates": [-70.91595175652958, 42.468815456699616, 26.452478187719336]}}, {"type": "Feature", "properties": {"filename": "DJI_20260508085829_1612_V.JPG", "camera": "v2 dji m3t 4000 3000 brown 0.6666", "focal": 0.7188884491448521, "width": 4000, "height": 3000, "capture_time": 1778230709.0, "translation": [342432.90143128164, 4703602.741755445, 26.599662130933435], "rotation": [0.6542218570165126, -2.6635766285904245, 1.098524132554575]}, "geometry": {"type": "Point", "coordinates": [-70.91667838087209, 42.46874823928059, 26.599662130933435]}}, {"type": "Feature", "properties": {"filename": "DJI_20260508083859_0033_V.JPG", "camera": "v2 dji m3t 4000 3000 brown 0.6666", "focal": 0.7188884491448521, "width": 4000, "height": 3000, "capture_time": 1778229539.0, "translation": [342500.1978210601, 4703584.615118794, 26.445396800563664], "rotation": [-1.6392462396198153, -2.659966815729772, -0.012584449660570138]}, "geometry": {"type": "Point", "coordinates": [-70.91585524143241, 42.46859876705158, 26.445396800563664]}}, {"type": "Feature", "properties": {"filename": "DJI_20260508084916_0868_V.JPG", "camera": "v2 dji m3t 4000 3000 brown 0.6666", "focal": 0.7188884491448521, "width": 4000, "height": 3000, "capture_time": 1778230156.0, "translation": [342477.64515183854, 4703542.186536068, 26.690999101473714], "rotation": [2.314294461265165, 0.5549239783113545, -0.23100268857984468]}, "geometry": {"type": "Point", "coordinates": [-70.91611777526963, 42.46821228729241, 26.690999101473714]}}, {"type": "Feature", "properties": {"filename": "DJI_20260508084420_0469_V.JPG", "camera": "v2 dji m3t 4000 3000 brown 0.6666", "focal": 0.7188884491448521, "width": 4000, "height": 3000, "capture_time": 1778229860.0, "translation": [342490.54365468357, 4703621.943609149, 26.629600020226214], "rotation": [1.3525867967538965, 2.2103632446446477, -0.9090594049458003]}, "geometry": {"type": "Point", "coordinates": [-70.91598286306369, 42.46893279383017, 26.629600020226214]}}, {"type": "Feature", "properties": {"filename": "DJI_20260508085440_1306_V.JPG", "camera": "v2 dji m3t 4000 3000 brown 0.6666", "focal": 0.7188884491448521, "width": 4000, "height": 3000, "capture_time": 1778230480.0, "translation": [342348.95392680826, 4703562.808341333, 26.547390342312355], "rotation": [2.080060582763508, -1.263087042284827, 0.5048151142513633]}, "geometry": {"type": "Point", "coordinates": [-70.91768800419878, 42.46837172616388, 26.547390342312355]}}, {"type": "Feature", "properties": {"filename": "DJI_20260508083925_0070_V.JPG", "camera": "v2 dji m3t 4000 3000 brown 0.6666", "focal": 0.7188884491448521, "width": 4000, "height": 3000, "capture_time": 1778229565.0, "translation": [342476.5452468239, 4703579.847305597, 26.446436245025154], "rotation": [-2.655357781137516, 1.640144358142719, -0.020064799841899832]}, "geometry": {"type": "Point", "coordinates": [-70.91614148978391, 42.46855104387701, 26.446436245025154]}}, {"type": "Feature", "properties": {"filename": "DJI_20260508084705_0682_V.JPG", "camera": "v2 dji m3t 4000 3000 brown 0.6666", "focal": 0.7188884491448521, "width": 4000, "height": 3000, "capture_time": 1778230025.0, "translation": [342401.36444356845, 4703553.60425694, 26.483988224223644], "rotation": [2.315225765993082, 0.5456652414523103, -0.21453360528528867]}, "geometry": {"type": "Point", "coordinates": [-70.91704829384462, 42.46829954411152, 26.483988224223644]}}, {"type": "Feature", "properties": {"filename": "DJI_20260508085017_0956_V.JPG", "camera": "v2 dji m3t 4000 3000 brown 0.6666", "focal": 0.7188884491448521, "width": 4000, "height": 3000, "capture_time": 1778230217.0, "translation": [342482.62605906633, 4703587.840035456, 26.55272938195017], "rotation": [2.3079337797153854, 0.549500150338248, -0.22989334045463147]}, "geometry": {"type": "Point", "coordinates": [-70.91606975688019, 42.46862422182569, 26.55272938195017]}}, {"type": "Feature", "properties": {"filename": "DJI_20260508085018_0957_V.JPG", "camera": "v2 dji m3t 4000 3000 brown 0.6666", "focal": 0.7188884491448521, "width": 4000, "height": 3000, "capture_time": 1778230218.0, "translation": [342480.6707105358, 4703591.798121647, 26.5772789869293], "rotation": [2.3074497593760674, 0.5492504806251424, -0.23010509859195258]}, "geometry": {"type": "Point", "coordinates": [-70.91609461612477, 42.468659450553076, 26.5772789869293]}}, {"type": "Feature", "properties": {"filename": "DJI_20260508085019_0958_V.JPG", "camera": "v2 dji m3t 4000 3000 brown 0.6666", "focal": 0.7188884491448521, "width": 4000, "height": 3000, "capture_time": 1778230219.0, "translation": [342479.1475158979, 4703596.030540841, 26.66840877108553], "rotation": [2.3059961549277532, 0.5478684291349272, -0.2307728715220896]}, "geometry": {"type": "Point", "coordinates": [-70.91611429678844, 42.46869723637751, 26.66840877108553]}}, {"type": "Feature", "properties": {"filename": "DJI_20260508085101_1018_V.JPG", "camera": "v2 dji m3t 4000 3000 brown 0.6666", "focal": 0.7188884491448521, "width": 4000, "height": 3000, "capture_time": 1778230261.0, "translation": [342527.76920820295, 4703542.837742797, 26.64996355595552], "rotation": [2.3086092835881398, 0.5554772183242029, -0.2364315744783467]}, "geometry": {"type": "Point", "coordinates": [-70.91550857118939, 42.46822833804909, 26.64996355595552]}}, {"type": "Feature", "properties": {"filename": "DJI_20260508085604_1405_V.JPG", "camera": "v2 dji m3t 4000 3000 brown 0.6666", "focal": 0.7188884491448521, "width": 4000, "height": 3000, "capture_time": 1778230564.0, "translation": [342496.16944589705, 4703630.270834384, 26.70037260897848], "rotation": [0.6614329957222003, -2.671046786246964, 1.080710251932133]}, "geometry": {"type": "Point", "coordinates": [-70.91591675338644, 42.469008889937584, 26.70037260897848]}}, {"type": "Feature", "properties": {"filename": "DJI_20260508084644_0674_V.JPG", "camera": "v2 dji m3t 4000 3000 brown 0.6666", "focal": 0.7188884491448521, "width": 4000, "height": 3000, "capture_time": 1778230004.0, "translation": [342464.43250574294, 4703559.825782617, 26.47853197457936], "rotation": [1.3501113977740105, 2.2072752923986134, -0.9091581393530939]}, "geometry": {"type": "Point", "coordinates": [-70.91628325232051, 42.46836836965842, 26.47853197457936]}}, {"type": "Feature", "properties": {"filename": "DJI_20260508085021_0961_V.JPG", "camera": "v2 dji m3t 4000 3000 brown 0.6666", "focal": 0.7188884491448521, "width": 4000, "height": 3000, "capture_time": 1778230221.0, "translation": [342481.69936621806, 4703600.389867329, 26.612166793169486], "rotation": [2.3035899413656336, 0.548554646676082, -0.23122707674240822]}, "geometry": {"type": "Point", "coordinates": [-70.9160844695976, 42.468736992995, 26.612166793169486]}}, {"type": "Feature", "properties": {"filename": "DJI_20260508085952_1730_V.JPG", "camera": "v2 dji m3t 4000 3000 brown 0.6666", "focal": 0.7188884491448521, "width": 4000, "height": 3000, "capture_time": 1778230792.0, "translation": [342407.23612886434, 4703580.074636359, 26.60564801467372], "rotation": [0.6626413468714192, -2.668499728326966, 1.093152309386121]}, "geometry": {"type": "Point", "coordinates": [-70.91698418135684, 42.46853899515933, 26.60564801467372]}}, {"type": "Feature", "properties": {"filename": "DJI_20260508085023_0964_V.JPG", "camera": "v2 dji m3t 4000 3000 brown 0.6666", "focal": 0.7188884491448521, "width": 4000, "height": 3000, "capture_time": 1778230223.0, "translation": [342485.8284332856, 4703595.372957348, 26.634661566212472], "rotation": [2.300702723121597, 0.5478644162269402, -0.23372872633682434]}, "geometry": {"type": "Point", "coordinates": [-70.91603289239602, 42.46869267585207, 26.634661566212472]}}, {"type": "Feature", "properties": {"filename": "DJI_20260508085002_0935_V.JPG", "camera": "v2 dji m3t 4000 3000 brown 0.6666", "focal": 0.7188884491448521, "width": 4000, "height": 3000, "capture_time": 1778230202.0, "translation": [342497.4047558234, 4703544.689785819, 26.680880989566933], "rotation": [2.3025834761509336, 0.5472798583801718, -0.2376538517958734]}, "geometry": {"type": "Point", "coordinates": [-70.91587823541175, 42.46823883591502, 26.680880989566933]}}, {"type": "Feature", "properties": {"filename": "DJI_20260508084640_0668_V.JPG", "camera": "v2 dji m3t 4000 3000 brown 0.6666", "focal": 0.7188884491448521, "width": 4000, "height": 3000, "capture_time": 1778230000.0, "translation": [342477.2877312817, 4703566.267686248, 26.48890359116573], "rotation": [1.3461602158682402, 2.2083605682961083, -0.9042335440869361]}, "geometry": {"type": "Point", "coordinates": [-70.9161287337393, 42.46842896626277, 26.48890359116573]}}, {"type": "Feature", "properties": {"filename": "DJI_20260508084600_0611_V.JPG", "camera": "v2 dji m3t 4000 3000 brown 0.6666", "focal": 0.7188884491448521, "width": 4000, "height": 3000, "capture_time": 1778229960.0, "translation": [342486.9286342342, 4703584.999971723, 26.43644702113128], "rotation": [1.3475848008501115, 2.2064993987342034, -0.8969728531670231]}, "geometry": {"type": "Point", "coordinates": [-70.91601666812308, 42.4685995334892, 26.43644702113128]}}, {"type": "Feature", "properties": {"filename": "DJI_20260508084558_0608_V.JPG", "camera": "v2 dji m3t 4000 3000 brown 0.6666", "focal": 0.7188884491448521, "width": 4000, "height": 3000, "capture_time": 1778229958.0, "translation": [342499.7530292377, 4703591.4834174225, 26.445747967383035], "rotation": [1.348180922442645, 2.2098424150519507, -0.895675290777126]}, "geometry": {"type": "Point", "coordinates": [-70.91586253494214, 42.46866049739602, 26.445747967383035]}}, {"type": "Feature", "properties": {"filename": "DJI_20260508085016_0954_V.JPG", "camera": "v2 dji m3t 4000 3000 brown 0.6666", "focal": 0.7188884491448521, "width": 4000, "height": 3000, "capture_time": 1778230216.0, "translation": [342486.9027120789, 4703579.5326211825, 26.58787012406914], "rotation": [2.309637854608302, 0.5498685183473689, -0.22946412907928476]}, "geometry": {"type": "Point", "coordinates": [-70.91601548190913, 42.46855031723018, 26.58787012406914]}}, {"type": "Feature", "properties": {"filename": "DJI_20260508084530_0568_V.JPG", "camera": "v2 dji m3t 4000 3000 brown 0.6666", "focal": 0.7188884491448521, "width": 4000, "height": 3000, "capture_time": 1778229930.0, "translation": [342456.066719979, 4703576.709543955, 26.41595793210148], "rotation": [1.34751890865805, 2.206718262204961, -0.9048875473121711]}, "geometry": {"type": "Point", "coordinates": [-70.91638959676189, 42.46851863732826, 26.41595793210148]}}, {"type": "Feature", "properties": {"filename": "DJI_20260508084850_0831_V.JPG", "camera": "v2 dji m3t 4000 3000 brown 0.6666", "focal": 0.7188884491448521, "width": 4000, "height": 3000, "capture_time": 1778230130.0, "translation": [342458.9218793883, 4703551.236013479, 26.60572641093523], "rotation": [2.3103191600882065, 0.5510473973708553, -0.22683909989919918]}, "geometry": {"type": "Point", "coordinates": [-70.91634788867486, 42.46828993364442, 26.60572641093523]}}, {"type": "Feature", "properties": {"filename": "DJI_20260508084834_0809_V.JPG", "camera": "v2 dji m3t 4000 3000 brown 0.6666", "focal": 0.7188884491448521, "width": 4000, "height": 3000, "capture_time": 1778230114.0, "translation": [342453.6335868582, 4703547.610990894, 26.60642069826756], "rotation": [2.303287220821058, 0.5470522925238057, -0.23027806085151575]}, "geometry": {"type": "Point", "coordinates": [-70.91641118545992, 42.46825622990772, 26.60642069826756]}}, {"type": "Feature", "properties": {"filename": "DJI_20260508085009_0944_V.JPG", "camera": "v2 dji m3t 4000 3000 brown 0.6666", "focal": 0.7188884491448521, "width": 4000, "height": 3000, "capture_time": 1778230209.0, "translation": [342507.9814988681, 4703537.750728836, 26.640399062687248], "rotation": [2.310841702380411, 0.5480179037929988, -0.23099411228537975]}, "geometry": {"type": "Point", "coordinates": [-70.91574774347549, 42.46817852831645, 26.640399062687248]}}, {"type": "Feature", "properties": {"filename": "DJI_20260508085241_1137_V.JPG", "camera": "v2 dji m3t 4000 3000 brown 0.6666", "focal": 0.7188884491448521, "width": 4000, "height": 3000, "capture_time": 1778230361.0, "translation": [342375.8456423208, 4703531.25221273, 26.507155113012935], "rotation": [2.081387711592781, -1.2469672553305315, 0.4975248358933708]}, "geometry": {"type": "Point", "coordinates": [-70.91735239642826, 42.46809316481106, 26.507155113012935]}}, {"type": "Feature", "properties": {"filename": "DJI_20260508084932_0891_V.JPG", "camera": "v2 dji m3t 4000 3000 brown 0.6666", "focal": 0.7188884491448521, "width": 4000, "height": 3000, "capture_time": 1778230172.0, "translation": [342477.8659204036, 4703555.486069434, 26.615932085763177], "rotation": [2.302449230358938, 0.5529573214117872, -0.23730433650377183]}, "geometry": {"type": "Point", "coordinates": [-70.91611874355557, 42.46833203973637, 26.615932085763177]}}, {"type": "Feature", "properties": {"filename": "DJI_20260508085702_1487_V.JPG", "camera": "v2 dji m3t 4000 3000 brown 0.6666", "focal": 0.7188884491448521, "width": 4000, "height": 3000, "capture_time": 1778230622.0, "translation": [342472.25624549686, 4703612.591061391, 26.60155995703655], "rotation": [0.6628825924428944, -2.669905784328495, 1.0894823499555084]}, "geometry": {"type": "Point", "coordinates": [-70.91620262605817, 42.468844894548866, 26.60155995703655]}}, {"type": "Feature", "properties": {"filename": "DJI_20260508084917_0870_V.JPG", "camera": "v2 dji m3t 4000 3000 brown 0.6666", "focal": 0.7188884491448521, "width": 4000, "height": 3000, "capture_time": 1778230157.0, "translation": [342473.39539802505, 4703550.643339514, 26.674336140506362], "rotation": [2.3137880016781285, 0.5550508133250048, -0.23091801146944205]}, "geometry": {"type": "Point", "coordinates": [-70.91617176405147, 42.468287541950765, 26.674336140506362]}}, {"type": "Feature", "properties": {"filename": "DJI_20260508084821_0790_V.JPG", "camera": "v2 dji m3t 4000 3000 brown 0.6666", "focal": 0.7188884491448521, "width": 4000, "height": 3000, "capture_time": 1778230101.0, "translation": [342448.44081938936, 4703544.247723953, 26.617414597694783], "rotation": [2.3162281942114604, 0.5492349082688176, -0.2248528371900065]}, "geometry": {"type": "Point", "coordinates": [-70.9164733927273, 42.46822490159419, 26.617414597694783]}}, {"type": "Feature", "properties": {"filename": "DJI_20260508085026_0968_V.JPG", "camera": "v2 dji m3t 4000 3000 brown 0.6666", "focal": 0.7188884491448521, "width": 4000, "height": 3000, "capture_time": 1778230226.0, "translation": [342494.2967823377, 4703578.768904, 26.607624345963853], "rotation": [2.300343506956263, 0.5489694141873073, -0.2347463514033185]}, "geometry": {"type": "Point", "coordinates": [-70.91592537837307, 42.4685449463142, 26.607624345963853]}}, {"type": "Feature", "properties": {"filename": "DJI_20260508084806_0769_V.JPG", "camera": "v2 dji m3t 4000 3000 brown 0.6666", "focal": 0.7188884491448521, "width": 4000, "height": 3000, "capture_time": 1778230086.0, "translation": [342444.60199281253, 4703537.656197258, 26.606402255320496], "rotation": [2.307159946925225, 0.5438998358553584, -0.23200804216504992]}, "geometry": {"type": "Point", "coordinates": [-70.9165182527005, 42.468164791396646, 26.606402255320496]}}, {"type": "Feature", "properties": {"filename": "DJI_20260508084835_0810_V.JPG", "camera": "v2 dji m3t 4000 3000 brown 0.6666", "focal": 0.7188884491448521, "width": 4000, "height": 3000, "capture_time": 1778230115.0, "translation": [342455.787201838, 4703543.343136602, 26.608110493149375], "rotation": [2.303145948121992, 0.5477049959672262, -0.23084012719862293]}, "geometry": {"type": "Point", "coordinates": [-70.9163838307066, 42.468218253376726, 26.608110493149375]}}, {"type": "Feature", "properties": {"filename": "DJI_20260508084836_0811_V.JPG", "camera": "v2 dji m3t 4000 3000 brown 0.6666", "focal": 0.7188884491448521, "width": 4000, "height": 3000, "capture_time": 1778230116.0, "translation": [342457.95599629945, 4703539.089756677, 26.60757880980254], "rotation": [2.302802325984766, 0.5483069992638899, -0.2303302574986899]}, "geometry": {"type": "Point", "coordinates": [-70.9163562954181, 42.46818041020696, 26.60757880980254]}}, {"type": "Feature", "properties": {"filename": "DJI_20260508084209_0304_V.JPG", "camera": "v2 dji m3t 4000 3000 brown 0.6666", "focal": 0.7188884491448521, "width": 4000, "height": 3000, "capture_time": 1778229729.0, "translation": [342485.6552745714, 4703641.78049121, 26.567422672976168], "rotation": [-2.6352001783560723, 1.7045570726965493, 0.012119658359525056]}, "geometry": {"type": "Point", "coordinates": [-70.91604774166193, 42.46911034945433, 26.567422672976168]}}, {"type": "Feature", "properties": {"filename": "DJI_20260508084923_0879_V.JPG", "camera": "v2 dji m3t 4000 3000 brown 0.6666", "focal": 0.7188884491448521, "width": 4000, "height": 3000, "capture_time": 1778230163.0, "translation": [342456.2926444418, 4703586.825933471, 26.60149393848217], "rotation": [2.308317654637844, 0.5514953348018903, -0.23083972190637536]}, "geometry": {"type": "Point", "coordinates": [-70.91638962862842, 42.46860973969925, 26.60149393848217]}}, {"type": "Feature", "properties": {"filename": "DJI_20260508084819_0788_V.JPG", "camera": "v2 dji m3t 4000 3000 brown 0.6666", "focal": 0.7188884491448521, "width": 4000, "height": 3000, "capture_time": 1778230099.0, "translation": [342452.6673352002, 4703535.860168459, 26.643107710464825], "rotation": [2.316936548951009, 0.5491337404967929, -0.22606097338333953]}, "geometry": {"type": "Point", "coordinates": [-70.91641970518074, 42.46815026565072, 26.643107710464825]}}, {"type": "Feature", "properties": {"filename": "DJI_20260508085540_1392_V.JPG", "camera": "v2 dji m3t 4000 3000 brown 0.6666", "focal": 0.7188884491448521, "width": 4000, "height": 3000, "capture_time": 1778230540.0, "translation": [342443.7438191341, 4703626.455549173, 26.477942292825023], "rotation": [2.067153945325649, -1.2605708088364511, 0.5050520117612691]}, "geometry": {"type": "Point", "coordinates": [-70.91655307737923, 42.46896388931762, 26.477942292825023]}}, {"type": "Feature", "properties": {"filename": "DJI_20260508084322_0386_V.JPG", "camera": "v2 dji m3t 4000 3000 brown 0.6666", "focal": 0.7188884491448521, "width": 4000, "height": 3000, "capture_time": 1778229802.0, "translation": [342461.4554380371, 4703628.409998867, 26.481023230753042], "rotation": [1.341516268339718, 2.2174659500343243, -0.8999563891296436]}, "geometry": {"type": "Point", "coordinates": [-70.91633828281456, 42.46898508278045, 26.481023230753042]}}, {"type": "Feature", "properties": {"filename": "DJI_20260508084807_0770_V.JPG", "camera": "v2 dji m3t 4000 3000 brown 0.6666", "focal": 0.7188884491448521, "width": 4000, "height": 3000, "capture_time": 1778230087.0, "translation": [342446.61423893773, 4703533.630119461, 26.598478829197916], "rotation": [2.3072057716991745, 0.5440121029693995, -0.2311549508945405]}, "geometry": {"type": "Point", "coordinates": [-70.9164926830215, 42.468128962345055, 26.598478829197916]}}, {"type": "Feature", "properties": {"filename": "DJI_20260508084751_0748_V.JPG", "camera": "v2 dji m3t 4000 3000 brown 0.6666", "focal": 0.7188884491448521, "width": 4000, "height": 3000, "capture_time": 1778230071.0, "translation": [342439.1140452829, 4703534.590376978, 26.604650830395187], "rotation": [2.312890451992759, 0.5515741310708827, -0.2248291272333239]}, "geometry": {"type": "Point", "coordinates": [-70.91658413016988, 42.46813608028085, 26.604650830395187]}}, {"type": "Feature", "properties": {"filename": "DJI_20260508084714_0695_V.JPG", "camera": "v2 dji m3t 4000 3000 brown 0.6666", "focal": 0.7188884491448521, "width": 4000, "height": 3000, "capture_time": 1778230034.0, "translation": [342420.39137693826, 4703530.246450272, 26.607970003976327], "rotation": [2.311852963352214, 0.5461120797778465, -0.23190029029318615]}, "geometry": {"type": "Point", "coordinates": [-70.91681055711527, 42.468093173382144, 26.607970003976327]}}, {"type": "Feature", "properties": {"filename": "DJI_20260508084916_0869_V.JPG", "camera": "v2 dji m3t 4000 3000 brown 0.6666", "focal": 0.7188884491448521, "width": 4000, "height": 3000, "capture_time": 1778230156.0, "translation": [342475.58681429765, 4703546.300026288, 26.665149866870813], "rotation": [2.3141547285548234, 0.5551049032985449, -0.2309592546266696]}, "geometry": {"type": "Point", "coordinates": [-70.91614392913489, 42.46824889384872, 26.665149866870813]}}, {"type": "Feature", "properties": {"filename": "DJI_20260508084737_0728_V.JPG", "camera": "v2 dji m3t 4000 3000 brown 0.6666", "focal": 0.7188884491448521, "width": 4000, "height": 3000, "capture_time": 1778230057.0, "translation": [342433.8085389788, 4703531.254135456, 26.586916544782188], "rotation": [2.3042909762468993, 0.5474628341960581, -0.23073719511680324]}, "geometry": {"type": "Point", "coordinates": [-70.91664771527279, 42.46810497220178, 26.586916544782188]}}, {"type": "Feature", "properties": {"filename": "DJI_20260508084013_0139_V.JPG", "camera": "v2 dji m3t 4000 3000 brown 0.6666", "focal": 0.7188884491448521, "width": 4000, "height": 3000, "capture_time": 1778229613.0, "translation": [342499.9224825112, 4703612.294535806, 26.439880957702474], "rotation": [-1.7209782005004237, -2.6141633360104186, 0.006972192754849008]}, "geometry": {"type": "Point", "coordinates": [-70.91586618922719, 42.468847850320785, 26.439880957702474]}}, {"type": "Feature", "properties": {"filename": "DJI_20260508085704_1490_V.JPG", "camera": "v2 dji m3t 4000 3000 brown 0.6666", "focal": 0.7188884491448521, "width": 4000, "height": 3000, "capture_time": 1778230624.0, "translation": [342468.1273336995, 4703616.827572633, 26.588715326692842], "rotation": [0.6566671593115246, -2.6669757926242825, 1.0932418830025261]}, "geometry": {"type": "Point", "coordinates": [-70.91625398728735, 42.46888218736365, 26.588715326692842]}}, {"type": "Feature", "properties": {"filename": "DJI_20260508084715_0696_V.JPG", "camera": "v2 dji m3t 4000 3000 brown 0.6666", "focal": 0.7188884491448521, "width": 4000, "height": 3000, "capture_time": 1778230035.0, "translation": [342422.92388092855, 4703526.220407002, 26.61038953615283], "rotation": [2.311896507212766, 0.5465964607269799, -0.23246214251386926]}, "geometry": {"type": "Point", "coordinates": [-70.91677866230043, 42.46805745052111, 26.61038953615283]}}, {"type": "Feature", "properties": {"filename": "DJI_20260508084841_0819_V.JPG", "camera": "v2 dji m3t 4000 3000 brown 0.6666", "focal": 0.7188884491448521, "width": 4000, "height": 3000, "capture_time": 1778230121.0, "translation": [342474.3373466026, 4703511.39057853, 26.62315543427398], "rotation": [2.30739764166391, 0.5513179519889396, -0.23286995753409634]}, "geometry": {"type": "Point", "coordinates": [-70.91614953268086, 42.46793442391265, 26.62315543427398]}}, {"type": "Feature", "properties": {"filename": "DJI_20260508084047_0187_V.JPG", "camera": "v2 dji m3t 4000 3000 brown 0.6666", "focal": 0.7188884491448521, "width": 4000, "height": 3000, "capture_time": 1778229647.0, "translation": [342488.43754291063, 4703613.817179383, 26.467427958842062], "rotation": [-2.659900354564194, 1.6532429190425657, 0.015619918040777267]}, "geometry": {"type": "Point", "coordinates": [-70.9160062368146, 42.468859220599704, 26.467427958842062]}}, {"type": "Feature", "properties": {"filename": "DJI_20260508085408_1261_V.JPG", "camera": "v2 dji m3t 4000 3000 brown 0.6666", "focal": 0.7188884491448521, "width": 4000, "height": 3000, "capture_time": 1778230448.0, "translation": [342396.7730183563, 4703574.885786392, 26.49714101885764], "rotation": [2.078098781361119, -1.2519051752488592, 0.49953636283255587]}, "geometry": {"type": "Point", "coordinates": [-70.91710996140786, 42.46849016260608, 26.49714101885764]}}, {"type": "Feature", "properties": {"filename": "DJI_20260508084722_0706_V.JPG", "camera": "v2 dji m3t 4000 3000 brown 0.6666", "focal": 0.7188884491448521, "width": 4000, "height": 3000, "capture_time": 1778230042.0, "translation": [342429.49226562417, 4703525.848624089, 26.690297558902955], "rotation": [2.316123182496054, 0.551087501090654, -0.22591505966686426]}, "geometry": {"type": "Point", "coordinates": [-70.91669870532817, 42.46805544002243, 26.690297558902955]}}, {"type": "Feature", "properties": {"filename": "DJI_20260508085857_1652_V.JPG", "camera": "v2 dji m3t 4000 3000 brown 0.6666", "focal": 0.7188884491448521, "width": 4000, "height": 3000, "capture_time": 1778230737.0, "translation": [342423.6969384544, 4703593.233796817, 26.610174452947064], "rotation": [0.6582553859280784, -2.6635397566246284, 1.1006392719963516]}, "geometry": {"type": "Point", "coordinates": [-70.91678767330951, 42.468660787261115, 26.610174452947064]}}, {"type": "Feature", "properties": {"filename": "DJI_20260508084716_0698_V.JPG", "camera": "v2 dji m3t 4000 3000 brown 0.6666", "focal": 0.7188884491448521, "width": 4000, "height": 3000, "capture_time": 1778230036.0, "translation": [342428.5480449154, 4703518.832551361, 26.64338915456296], "rotation": [2.3115981555918133, 0.5475668250535501, -0.2328098202933813]}, "geometry": {"type": "Point", "coordinates": [-70.91670825733787, 42.46799209715227, 26.64338915456296]}}, {"type": "Feature", "properties": {"filename": "DJI_20260508084721_0705_V.JPG", "camera": "v2 dji m3t 4000 3000 brown 0.6666", "focal": 0.7188884491448521, "width": 4000, "height": 3000, "capture_time": 1778230041.0, "translation": [342431.70744801883, 4703521.332026176, 26.636175568793455], "rotation": [2.315868255288525, 0.5506724591430135, -0.22641187286846198]}, "geometry": {"type": "Point", "coordinates": [-70.9166705336644, 42.46801523716977, 26.636175568793455]}}, {"type": "Feature", "properties": {"filename": "DJI_20260508085732_1530_V.JPG", "camera": "v2 dji m3t 4000 3000 brown 0.6666", "focal": 0.7188884491448521, "width": 4000, "height": 3000, "capture_time": 1778230652.0, "translation": [342457.1814263456, 4703610.597332813, 26.546869086117844], "rotation": [0.6537536441831049, -2.666477631007372, 1.0957238196637114]}, "geometry": {"type": "Point", "coordinates": [-70.91638535223913, 42.468823883988605, 26.546869086117844]}}, {"type": "Feature", "properties": {"filename": "DJI_20260508085920_1684_V.JPG", "camera": "v2 dji m3t 4000 3000 brown 0.6666", "focal": 0.7188884491448521, "width": 4000, "height": 3000, "capture_time": 1778230760.0, "translation": [342414.06133910135, 4703598.182025272, 26.62654068967697], "rotation": [0.6692263095373092, -2.673057581651484, 1.0913762918287937]}, "geometry": {"type": "Point", "coordinates": [-70.9169061782396, 42.46870336585209, 26.62654068967697]}}, {"type": "Feature", "properties": {"filename": "DJI_20260508084717_0699_V.JPG", "camera": "v2 dji m3t 4000 3000 brown 0.6666", "focal": 0.7188884491448521, "width": 4000, "height": 3000, "capture_time": 1778230037.0, "translation": [342431.5369585826, 4703515.58936593, 26.592566891809447], "rotation": [2.3121604846106734, 0.5489564287283207, -0.23285685813009224]}, "geometry": {"type": "Point", "coordinates": [-70.91667102890793, 42.4679635134918, 26.592566891809447]}}, {"type": "Feature", "properties": {"filename": "DJI_20260508084721_0704_V.JPG", "camera": "v2 dji m3t 4000 3000 brown 0.6666", "focal": 0.7188884491448521, "width": 4000, "height": 3000, "capture_time": 1778230041.0, "translation": [342433.4043694753, 4703517.858627338, 26.61735379311559], "rotation": [2.3153893345112393, 0.5499300141158506, -0.22735137257120058]}, "geometry": {"type": "Point", "coordinates": [-70.91664894932036, 42.46798431862236, 26.61735379311559]}}, {"type": "Feature", "properties": {"filename": "DJI_20260508084718_0700_V.JPG", "camera": "v2 dji m3t 4000 3000 brown 0.6666", "focal": 0.7188884491448521, "width": 4000, "height": 3000, "capture_time": 1778230038.0, "translation": [342433.72492181236, 4703513.978085352, 26.662455691181794], "rotation": [2.312503147910648, 0.5491547242943211, -0.2309946668466741]}, "geometry": {"type": "Point", "coordinates": [-70.91664398627938, 42.46794945551315, 26.662455691181794]}}, {"type": "Feature", "properties": {"filename": "DJI_20260508085803_1575_V.JPG", "camera": "v2 dji m3t 4000 3000 brown 0.6666", "focal": 0.7188884491448521, "width": 4000, "height": 3000, "capture_time": 1778230683.0, "translation": [342436.33309661405, 4703624.013777409, 26.67824021183054], "rotation": [0.6557637641284865, -2.663780814319685, 1.0968346850483426]}, "geometry": {"type": "Point", "coordinates": [-70.9166425034613, 42.46894040411754, 26.67824021183054]}}, {"type": "Feature", "properties": {"filename": "DJI_20260508084719_0701_V.JPG", "camera": "v2 dji m3t 4000 3000 brown 0.6666", "focal": 0.7188884491448521, "width": 4000, "height": 3000, "capture_time": 1778230039.0, "translation": [342434.74111348385, 4703513.141321672, 26.63877134002659], "rotation": [2.3128728103533587, 0.5494042765976858, -0.23053073116533848]}, "geometry": {"type": "Point", "coordinates": [-70.91663140214649, 42.46794213056339, 26.63877134002659]}}, {"type": "Feature", "properties": {"filename": "DJI_20260508085448_1318_V.JPG", "camera": "v2 dji m3t 4000 3000 brown 0.6666", "focal": 0.7188884491448521, "width": 4000, "height": 3000, "capture_time": 1778230488.0, "translation": [342389.4577076862, 4703585.3240068145, 26.549119191662722], "rotation": [2.0791148442489678, -1.2612226222910812, 0.5041313565320735]}, "geometry": {"type": "Point", "coordinates": [-70.91720176571917, 42.468582627635165, 26.549119191662722]}}, {"type": "Feature", "properties": {"filename": "DJI_20260508084340_0412_V.JPG", "camera": "v2 dji m3t 4000 3000 brown 0.6666", "focal": 0.7188884491448521, "width": 4000, "height": 3000, "capture_time": 1778229820.0, "translation": [342481.6380316648, 4703631.510177596, 26.50798532154068], "rotation": [1.3498464203632845, 2.211923025648695, -0.9113508531022452]}, "geometry": {"type": "Point", "coordinates": [-70.91609376150177, 42.46901709080599, 26.50798532154068]}}, {"type": "Feature", "properties": {"filename": "DJI_20260508085259_1162_V.JPG", "camera": "v2 dji m3t 4000 3000 brown 0.6666", "focal": 0.7188884491448521, "width": 4000, "height": 3000, "capture_time": 1778230379.0, "translation": [342464.3466028133, 4703580.8303262405, 26.435890979572367], "rotation": [2.075722597676923, -1.252263463215209, 0.5100676145673675]}, "geometry": {"type": "Point", "coordinates": [-70.91629006544187, 42.468557411629426, 26.435890979572367]}}, {"type": "Feature", "properties": {"filename": "DJI_20260508084719_0702_V.JPG", "camera": "v2 dji m3t 4000 3000 brown 0.6666", "focal": 0.7188884491448521, "width": 4000, "height": 3000, "capture_time": 1778230039.0, "translation": [342435.02121415857, 4703514.0462016435, 26.671419150069067], "rotation": [2.3132806788092557, 0.5496103862410204, -0.2289965335881355]}, "geometry": {"type": "Point", "coordinates": [-70.9166282453999, 42.46795033224458, 26.671419150069067]}}, {"type": "Feature", "properties": {"filename": "DJI_20260508084836_0812_V.JPG", "camera": "v2 dji m3t 4000 3000 brown 0.6666", "focal": 0.7188884491448521, "width": 4000, "height": 3000, "capture_time": 1778230116.0, "translation": [342460.0835465022, 4703534.842343715, 26.592221581172712], "rotation": [2.3022207233496634, 0.5486125664113342, -0.23118886314741996]}, "geometry": {"type": "Point", "coordinates": [-70.9163292632282, 42.46814261235115, 26.592221581172712]}}, {"type": "Feature", "properties": {"filename": "DJI_20260508084808_0772_V.JPG", "camera": "v2 dji m3t 4000 3000 brown 0.6666", "focal": 0.7188884491448521, "width": 4000, "height": 3000, "capture_time": 1778230088.0, "translation": [342450.90375848225, 4703525.072975319, 26.58366753572835], "rotation": [2.308024325993891, 0.5436803728272285, -0.23209292459674902]}, "geometry": {"type": "Point", "coordinates": [-70.916438182994, 42.46805281277237, 26.58366753572835]}}, {"type": "Feature", "properties": {"filename": "DJI_20260508084019_0147_V.JPG", "camera": "v2 dji m3t 4000 3000 brown 0.6666", "focal": 0.7188884491448521, "width": 4000, "height": 3000, "capture_time": 1778229619.0, "translation": [342467.2556240776, 4703596.119647983, 26.422363307059864], "rotation": [-1.6646929306713945, -2.64630634872222, -0.0075237285047312155]}, "geometry": {"type": "Point", "coordinates": [-70.9162588979203, 42.46869562051996, 26.422363307059864]}}, {"type": "Feature", "properties": {"filename": "DJI_20260508084740_0732_V.JPG", "camera": "v2 dji m3t 4000 3000 brown 0.6666", "focal": 0.7188884491448521, "width": 4000, "height": 3000, "capture_time": 1778230060.0, "translation": [342442.17488874355, 4703514.595954201, 26.633869614608578], "rotation": [2.3049439052993743, 0.5490238073019492, -0.23343342859067626]}, "geometry": {"type": "Point", "coordinates": [-70.91654142606355, 42.46795673529412, 26.633869614608578]}}, {"type": "Feature", "properties": {"filename": "DJI_20260508084749_0744_V.JPG", "camera": "v2 dji m3t 4000 3000 brown 0.6666", "focal": 0.7188884491448521, "width": 4000, "height": 3000, "capture_time": 1778230069.0, "translation": [342447.5171307164, 4703517.983092212, 26.66512345948592], "rotation": [2.313426605881457, 0.552504578613069, -0.225781917462252]}, "geometry": {"type": "Point", "coordinates": [-70.91647740842096, 42.467988308896594, 26.66512345948592]}}, {"type": "Feature", "properties": {"filename": "DJI_20260508084435_0490_V.JPG", "camera": "v2 dji m3t 4000 3000 brown 0.6666", "focal": 0.7188884491448521, "width": 4000, "height": 3000, "capture_time": 1778229875.0, "translation": [342515.94078657165, 4703627.671177262, 26.54536412889353], "rotation": [1.3415006268258691, 2.2251990716185457, -0.8924286929661907]}, "geometry": {"type": "Point", "coordinates": [-70.91567566665178, 42.468989509905285, 26.54536412889353]}}, {"type": "Feature", "properties": {"filename": "DJI_20260508084741_0733_V.JPG", "camera": "v2 dji m3t 4000 3000 brown 0.6666", "focal": 0.7188884491448521, "width": 4000, "height": 3000, "capture_time": 1778230061.0, "translation": [342444.3402592998, 4703510.337993276, 26.64872674631985], "rotation": [2.3051383010079776, 0.5499406484449548, -0.2336778441480067]}, "geometry": {"type": "Point", "coordinates": [-70.9165139311695, 42.4679188502309, 26.64872674631985]}}, {"type": "Feature", "properties": {"filename": "DJI_20260508085235_1128_V.JPG", "camera": "v2 dji m3t 4000 3000 brown 0.6666", "focal": 0.7188884491448521, "width": 4000, "height": 3000, "capture_time": 1778230355.0, "translation": [342411.96133974224, 4703547.340942936, 26.57971042757633], "rotation": [2.0736698626337593, -1.2474260467943257, 0.49870298798356066]}, "geometry": {"type": "Point", "coordinates": [-70.91691774134125, 42.468245324252024, 26.57971042757633]}}, {"type": "Feature", "properties": {"filename": "DJI_20260508084743_0736_V.JPG", "camera": "v2 dji m3t 4000 3000 brown 0.6666", "focal": 0.7188884491448521, "width": 4000, "height": 3000, "capture_time": 1778230063.0, "translation": [342450.80374727864, 4703499.695996913, 26.64005183841303], "rotation": [2.308182006913357, 0.5514942955624863, -0.23326469615025436]}, "geometry": {"type": "Point", "coordinates": [-70.91643242884864, 42.467824377222854, 26.64005183841303]}}, {"type": "Feature", "properties": {"filename": "DJI_20260508085922_1687_V.JPG", "camera": "v2 dji m3t 4000 3000 brown 0.6666", "focal": 0.7188884491448521, "width": 4000, "height": 3000, "capture_time": 1778230762.0, "translation": [342419.597398872, 4703585.747724226, 26.62431725488019], "rotation": [0.6661126697024679, -2.6708320510306205, 1.0944740869346603]}, "geometry": {"type": "Point", "coordinates": [-70.9168354571551, 42.46859257221763, 26.62431725488019]}}, {"type": "Feature", "properties": {"filename": "DJI_20260508085444_1312_V.JPG", "camera": "v2 dji m3t 4000 3000 brown 0.6666", "focal": 0.7188884491448521, "width": 4000, "height": 3000, "capture_time": 1778230484.0, "translation": [342364.4500497213, 4703572.753865047, 26.554521364085137], "rotation": [2.084019620997983, -1.262965272211703, 0.5026453338024065]}, "geometry": {"type": "Point", "coordinates": [-70.91750234312018, 42.46846439761442, 26.554521364085137]}}, {"type": "Feature", "properties": {"filename": "DJI_20260508084745_0739_V.JPG", "camera": "v2 dji m3t 4000 3000 brown 0.6666", "focal": 0.7188884491448521, "width": 4000, "height": 3000, "capture_time": 1778230065.0, "translation": [342455.0140996764, 4703501.601658008, 26.630477186619665], "rotation": [2.309056479066905, 0.5526024361939342, -0.2301366278629134]}, "geometry": {"type": "Point", "coordinates": [-70.91638176524827, 42.467842386003845, 26.630477186619665]}}, {"type": "Feature", "properties": {"filename": "DJI_20260508084912_0863_V.JPG", "camera": "v2 dji m3t 4000 3000 brown 0.6666", "focal": 0.7188884491448521, "width": 4000, "height": 3000, "capture_time": 1778230152.0, "translation": [342487.13320891955, 4703523.020051378, 26.641938814041687], "rotation": [2.3106593664602997, 0.5530020055177567, -0.2323245475536515]}, "geometry": {"type": "Point", "coordinates": [-70.91599716121429, 42.46804170096833, 26.641938814041687]}}, {"type": "Feature", "properties": {"filename": "DJI_20260508084746_0740_V.JPG", "camera": "v2 dji m3t 4000 3000 brown 0.6666", "focal": 0.7188884491448521, "width": 4000, "height": 3000, "capture_time": 1778230066.0, "translation": [342454.5400667051, 4703503.581737894, 26.645338252871387], "rotation": [2.3091918428654146, 0.5515972260934799, -0.22941857931081974]}, "geometry": {"type": "Point", "coordinates": [-70.91638807209675, 42.46786011208149, 26.645338252871387]}}, {"type": "Feature", "properties": {"filename": "DJI_20260508084818_0786_V.JPG", "camera": "v2 dji m3t 4000 3000 brown 0.6666", "focal": 0.7188884491448521, "width": 4000, "height": 3000, "capture_time": 1778230098.0, "translation": [342456.90177839587, 4703527.468036484, 26.617536107388524], "rotation": [2.317458366425778, 0.5487849467737683, -0.22716721307195592]}, "geometry": {"type": "Point", "coordinates": [-70.91636592013035, 42.468075590098174, 26.617536107388524]}}, {"type": "Feature", "properties": {"filename": "DJI_20260508085122_1048_V.JPG", "camera": "v2 dji m3t 4000 3000 brown 0.6666", "focal": 0.7188884491448521, "width": 4000, "height": 3000, "capture_time": 1778230282.0, "translation": [342528.69435083115, 4703566.500721067, 26.635204228684586], "rotation": [2.3022347525479683, 0.5454148674792523, -0.23670018861610792]}, "geometry": {"type": "Point", "coordinates": [-70.9155038199506, 42.46844151388315, 26.635204228684586]}}, {"type": "Feature", "properties": {"filename": "DJI_20260508085024_0966_V.JPG", "camera": "v2 dji m3t 4000 3000 brown 0.6666", "focal": 0.7188884491448521, "width": 4000, "height": 3000, "capture_time": 1778230224.0, "translation": [342490.02466176514, 4703587.179957984, 26.588853267363987], "rotation": [2.3001775660404773, 0.5481408505808664, -0.23438475747656773]}, "geometry": {"type": "Point", "coordinates": [-70.91597962659083, 42.46861978472519, 26.588853267363987]}}, {"type": "Feature", "properties": {"filename": "DJI_20260508085415_1271_V.JPG", "camera": "v2 dji m3t 4000 3000 brown 0.6666", "focal": 0.7188884491448521, "width": 4000, "height": 3000, "capture_time": 1778230455.0, "translation": [342438.84109162993, 4703595.994225313, 26.43435415976783], "rotation": [2.0729478517095554, -1.2493386766565278, 0.5048588742814056]}, "geometry": {"type": "Point", "coordinates": [-70.91660431543092, 42.468688713526475, 26.43435415976783]}}, {"type": "Feature", "properties": {"filename": "DJI_20260508084810_0774_V.JPG", "camera": "v2 dji m3t 4000 3000 brown 0.6666", "focal": 0.7188884491448521, "width": 4000, "height": 3000, "capture_time": 1778230090.0, "translation": [342455.05719600193, 4703516.893117496, 26.64099152871922], "rotation": [2.308984738566483, 0.5439821692767698, -0.23302065377308973]}, "geometry": {"type": "Point", "coordinates": [-70.91638544113313, 42.467980031409084, 26.64099152871922]}}, {"type": "Feature", "properties": {"filename": "DJI_20260508084954_0923_V.JPG", "camera": "v2 dji m3t 4000 3000 brown 0.6666", "focal": 0.7188884491448521, "width": 4000, "height": 3000, "capture_time": 1778230194.0, "translation": [342473.1266467654, 4703592.674691506, 26.5553941849151], "rotation": [2.304950757698201, 0.5499725746000927, -0.23356352430305347]}, "geometry": {"type": "Point", "coordinates": [-70.91618657438556, 42.468665806608826, 26.5553941849151]}}, {"type": "Feature", "properties": {"filename": "DJI_20260508085739_1540_V.JPG", "camera": "v2 dji m3t 4000 3000 brown 0.6666", "focal": 0.7188884491448521, "width": 4000, "height": 3000, "capture_time": 1778230659.0, "translation": [342436.2631784227, 4703651.9490541555, 26.705757102231697], "rotation": [0.6575559105067464, -2.660846898746554, 1.0988130888341885]}, "geometry": {"type": "Point", "coordinates": [-70.91665102733691, 42.46919183197377, 26.705757102231697]}}, {"type": "Feature", "properties": {"filename": "DJI_20260508084817_0785_V.JPG", "camera": "v2 dji m3t 4000 3000 brown 0.6666", "focal": 0.7188884491448521, "width": 4000, "height": 3000, "capture_time": 1778230097.0, "translation": [342458.9503997272, 4703523.465893463, 26.6695043118966], "rotation": [2.3169503098714794, 0.548480248738923, -0.22779460650399377]}, "geometry": {"type": "Point", "coordinates": [-70.9163399149189, 42.46803998384015, 26.6695043118966]}}, {"type": "Feature", "properties": {"filename": "DJI_20260508084533_0573_V.JPG", "camera": "v2 dji m3t 4000 3000 brown 0.6666", "focal": 0.7188884491448521, "width": 4000, "height": 3000, "capture_time": 1778229933.0, "translation": [342475.6079623336, 4703586.396370606, 26.470213258712864], "rotation": [1.3500702872857997, 2.2044482214766212, -0.9079993962311838]}, "geometry": {"type": "Point", "coordinates": [-70.91615468340999, 42.46860980068027, 26.470213258712864]}}, {"type": "Feature", "properties": {"filename": "DJI_20260508084810_0775_V.JPG", "camera": "v2 dji m3t 4000 3000 brown 0.6666", "focal": 0.7188884491448521, "width": 4000, "height": 3000, "capture_time": 1778230090.0, "translation": [342457.3124746809, 4703512.508140716, 26.63095783802703], "rotation": [2.309567781262421, 0.5441784522058974, -0.23402765120561278]}, "geometry": {"type": "Point", "coordinates": [-70.91635681838424, 42.4679410213338, 26.63095783802703]}}, {"type": "Feature", "properties": {"filename": "DJI_20260508084335_0404_V.JPG", "camera": "v2 dji m3t 4000 3000 brown 0.6666", "focal": 0.7188884491448521, "width": 4000, "height": 3000, "capture_time": 1778229815.0, "translation": [342447.8868040088, 4703614.71270208, 26.53045515755862], "rotation": [1.3447948831676604, 2.2091055159868054, -0.9122188165088041]}, "geometry": {"type": "Point", "coordinates": [-70.91649948298904, 42.46885903586761, 26.53045515755862]}}, {"type": "Feature", "properties": {"filename": "DJI_20260508084813_0778_V.JPG", "camera": "v2 dji m3t 4000 3000 brown 0.6666", "focal": 0.7188884491448521, "width": 4000, "height": 3000, "capture_time": 1778230093.0, "translation": [342463.0585434376, 4703505.182362988, 26.63202314968014], "rotation": [2.312897011467054, 0.5450688113825926, -0.23443874295143413]}, "geometry": {"type": "Point", "coordinates": [-70.91628494898728, 42.4678762512361, 26.63202314968014]}}, {"type": "Feature", "properties": {"filename": "DJI_20260508084813_0779_V.JPG", "camera": "v2 dji m3t 4000 3000 brown 0.6666", "focal": 0.7188884491448521, "width": 4000, "height": 3000, "capture_time": 1778230093.0, "translation": [342464.91141547513, 4703505.862903163, 26.62775104981701], "rotation": [2.3132644212035487, 0.5465499944059508, -0.2328781457444516]}, "geometry": {"type": "Point", "coordinates": [-70.9162626097366, 42.46788275344287, 26.62775104981701]}}, {"type": "Feature", "properties": {"filename": "DJI_20260508084814_0780_V.JPG", "camera": "v2 dji m3t 4000 3000 brown 0.6666", "focal": 0.7188884491448521, "width": 4000, "height": 3000, "capture_time": 1778230094.0, "translation": [342466.0288452577, 4703507.5019884175, 26.607692433854155], "rotation": [2.313613459590745, 0.5466503236128357, -0.23082878078744093]}, "geometry": {"type": "Point", "coordinates": [-70.91624947481358, 42.46789773386354, 26.607692433854155]}}, {"type": "Feature", "properties": {"filename": "DJI_20260508084815_0781_V.JPG", "camera": "v2 dji m3t 4000 3000 brown 0.6666", "focal": 0.7188884491448521, "width": 4000, "height": 3000, "capture_time": 1778230095.0, "translation": [342465.71890869405, 4703509.5672478825, 26.663725936414686], "rotation": [2.3136607404304548, 0.5461322367755135, -0.2302006063950292]}, "geometry": {"type": "Point", "coordinates": [-70.91625381003345, 42.4679162600058, 26.663725936414686]}}, {"type": "Feature", "properties": {"filename": "DJI_20260508084859_0845_V.JPG", "camera": "v2 dji m3t 4000 3000 brown 0.6666", "focal": 0.7188884491448521, "width": 4000, "height": 3000, "capture_time": 1778230139.0, "translation": [342454.5480937483, 4703573.745610805, 26.588789131710598], "rotation": [2.3044303181574035, 0.5476807648686598, -0.2306311221198729]}, "geometry": {"type": "Point", "coordinates": [-70.91640724545515, 42.46849165050962, 26.588789131710598]}}, {"type": "Feature", "properties": {"filename": "DJI_20260508084815_0782_V.JPG", "camera": "v2 dji m3t 4000 3000 brown 0.6666", "focal": 0.7188884491448521, "width": 4000, "height": 3000, "capture_time": 1778230095.0, "translation": [342464.7781086219, 4703511.691187265, 26.626466122480654], "rotation": [2.3152096777273417, 0.5464664392199445, -0.22996049300824462]}, "geometry": {"type": "Point", "coordinates": [-70.91626583105369, 42.467935186046375, 26.626466122480654]}}, {"type": "Feature", "properties": {"filename": "DJI_20260508084816_0783_V.JPG", "camera": "v2 dji m3t 4000 3000 brown 0.6666", "focal": 0.7188884491448521, "width": 4000, "height": 3000, "capture_time": 1778230096.0, "translation": [342463.2828169351, 4703514.759760891, 26.62253355435491], "rotation": [2.316726661675996, 0.5476420718732461, -0.22906136030482316]}, "geometry": {"type": "Point", "coordinates": [-70.91628485271151, 42.46796250188331, 26.62253355435491]}}, {"type": "Feature", "properties": {"filename": "DJI_20260508084905_0853_V.JPG", "camera": "v2 dji m3t 4000 3000 brown 0.6666", "focal": 0.7188884491448521, "width": 4000, "height": 3000, "capture_time": 1778230145.0, "translation": [342471.6248142434, 4703540.00744629, 26.62827379262688], "rotation": [2.303466385774924, 0.5522528751277904, -0.23435326179319577]}, "geometry": {"type": "Point", "coordinates": [-70.9161903690229, 42.46819144951441, 26.62827379262688]}}, {"type": "Feature", "properties": {"filename": "DJI_20260508084847_0827_V.JPG", "camera": "v2 dji m3t 4000 3000 brown 0.6666", "focal": 0.7188884491448521, "width": 4000, "height": 3000, "capture_time": 1778230127.0, "translation": [342467.4579249472, 4703534.59563964, 26.656969753656007], "rotation": [2.3124165890030106, 0.5527928847650185, -0.22689923509066495]}, "geometry": {"type": "Point", "coordinates": [-70.91623954165237, 42.46814189124144, 26.656969753656007]}}, {"type": "Feature", "properties": {"filename": "DJI_20260508084838_0814_V.JPG", "camera": "v2 dji m3t 4000 3000 brown 0.6666", "focal": 0.7188884491448521, "width": 4000, "height": 3000, "capture_time": 1778230118.0, "translation": [342464.2497810744, 4703526.543972187, 26.582284970382428], "rotation": [2.3026528344856887, 0.5492032625190336, -0.23198110881200268]}, "geometry": {"type": "Point", "coordinates": [-70.91627633328453, 42.468068766811754, 26.582284970382428]}}, {"type": "Feature", "properties": {"filename": "DJI_20260508084350_0426_V.JPG", "camera": "v2 dji m3t 4000 3000 brown 0.6666", "focal": 0.7188884491448521, "width": 4000, "height": 3000, "capture_time": 1778229830.0, "translation": [342532.9566082076, 4703651.694074017, 26.59140792216074], "rotation": [1.347543124032319, 2.2198779869939558, -0.8969375587355805]}, "geometry": {"type": "Point", "coordinates": [-70.91547538941202, 42.469209195891246, 26.59140792216074]}}, {"type": "Feature", "properties": {"filename": "DJI_20260508084110_0220_V.JPG", "camera": "v2 dji m3t 4000 3000 brown 0.6666", "focal": 0.7188884491448521, "width": 4000, "height": 3000, "capture_time": 1778229670.0, "translation": [342393.2407484576, 4703577.6398214605, 26.458890149748864], "rotation": [-2.8798418013279403, -1.2455359916879194, -0.022015472888576432]}, "geometry": {"type": "Point", "coordinates": [-70.91715366182663, 42.468514232796046, 26.458890149748864]}}, {"type": "Feature", "properties": {"filename": "DJI_20260508084142_0266_V.JPG", "camera": "v2 dji m3t 4000 3000 brown 0.6666", "focal": 0.7188884491448521, "width": 4000, "height": 3000, "capture_time": 1778229702.0, "translation": [342426.01829328376, 4703603.496334066, 26.479487911320334], "rotation": [-1.68122387618182, -2.640489929628091, -0.01734782555883018]}, "geometry": {"type": "Point", "coordinates": [-70.91676227052795, 42.46875363125785, 26.479487911320334]}}, {"type": "Feature", "properties": {"filename": "DJI_20260508084458_0523_V.JPG", "camera": "v2 dji m3t 4000 3000 brown 0.6666", "focal": 0.7188884491448521, "width": 4000, "height": 3000, "capture_time": 1778229898.0, "translation": [342490.1301453079, 4703607.71253928, 26.527946826558], "rotation": [1.3550341658015534, 2.207780971025456, -0.9112651348854054]}, "geometry": {"type": "Point", "coordinates": [-70.91598398244997, 42.46880461755534, 26.527946826558]}}, {"type": "Feature", "properties": {"filename": "DJI_20260508084839_0816_V.JPG", "camera": "v2 dji m3t 4000 3000 brown 0.6666", "focal": 0.7188884491448521, "width": 4000, "height": 3000, "capture_time": 1778230119.0, "translation": [342468.55331199546, 4703518.007212002, 26.608118153831665], "rotation": [2.3036833591915236, 0.5499068958547999, -0.23236275536755735]}, "geometry": {"type": "Point", "coordinates": [-70.91622166882604, 42.467992803451565, 26.608118153831665]}}, {"type": "Feature", "properties": {"filename": "DJI_20260508084448_0509_V.JPG", "camera": "v2 dji m3t 4000 3000 brown 0.6666", "focal": 0.7188884491448521, "width": 4000, "height": 3000, "capture_time": 1778229888.0, "translation": [342441.0607407821, 4703588.32765653, 26.38695868738059], "rotation": [1.3418946224050141, 2.2130129999317867, -0.9084935681155376]}, "geometry": {"type": "Point", "coordinates": [-70.91657522396942, 42.46862015905432, 26.38695868738059]}}, {"type": "Feature", "properties": {"filename": "DJI_20260508084840_0817_V.JPG", "camera": "v2 dji m3t 4000 3000 brown 0.6666", "focal": 0.7188884491448521, "width": 4000, "height": 3000, "capture_time": 1778230120.0, "translation": [342470.9225078636, 4703514.122971666, 26.585642048308554], "rotation": [2.3062305225085655, 0.5499641161009807, -0.2338512612650249]}, "geometry": {"type": "Point", "coordinates": [-70.91619179874458, 42.46795832356605, 26.585642048308554]}}, {"type": "Feature", "properties": {"filename": "DJI_20260508084841_0818_V.JPG", "camera": "v2 dji m3t 4000 3000 brown 0.6666", "focal": 0.7188884491448521, "width": 4000, "height": 3000, "capture_time": 1778230121.0, "translation": [342472.8009120148, 4703511.937381653, 26.604719591603327], "rotation": [2.306865614251303, 0.5506754450933572, -0.23117285711603122]}, "geometry": {"type": "Point", "coordinates": [-70.91616836194908, 42.46793903324016, 26.604719591603327]}}, {"type": "Feature", "properties": {"filename": "DJI_20260508085904_1661_V.JPG", "camera": "v2 dji m3t 4000 3000 brown 0.6666", "focal": 0.7188884491448521, "width": 4000, "height": 3000, "capture_time": 1778230744.0, "translation": [342404.61480370036, 4703630.868553497, 26.699704173481273], "rotation": [0.658438218855749, -2.6644821425900176, 1.0956747245300635]}, "geometry": {"type": "Point", "coordinates": [-70.91703000594642, 42.4689956518376, 26.699704173481273]}}, {"type": "Feature", "properties": {"filename": "DJI_20260508085934_1704_V.JPG", "camera": "v2 dji m3t 4000 3000 brown 0.6666", "focal": 0.7188884491448521, "width": 4000, "height": 3000, "capture_time": 1778230774.0, "translation": [342389.84800737357, 4703632.201934212, 26.66612703832621], "rotation": [0.662431754615269, -2.662211895017901, 1.0934875097259271]}, "geometry": {"type": "Point", "coordinates": [-70.91720990163624, 42.46900464951912, 26.66612703832621]}}, {"type": "Feature", "properties": {"filename": "DJI_20260508084843_0822_V.JPG", "camera": "v2 dji m3t 4000 3000 brown 0.6666", "focal": 0.7188884491448521, "width": 4000, "height": 3000, "capture_time": 1778230123.0, "translation": [342476.46814650105, 4703516.007683966, 26.647276525311337], "rotation": [2.3085785440525934, 0.5513457583376763, -0.22796820013490654]}, "geometry": {"type": "Point", "coordinates": [-70.91612489554419, 42.4679764151698, 26.647276525311337]}}, {"type": "Feature", "properties": {"filename": "DJI_20260508084324_0389_V.JPG", "camera": "v2 dji m3t 4000 3000 brown 0.6666", "focal": 0.7188884491448521, "width": 4000, "height": 3000, "capture_time": 1778229804.0, "translation": [342448.7734054729, 4703621.984321047, 26.495765825953153], "rotation": [1.3396552650582194, 2.2160703988216217, -0.900430819436252]}, "geometry": {"type": "Point", "coordinates": [-70.91649070137389, 42.46892466714221, 26.495765825953153]}}, {"type": "Feature", "properties": {"filename": "DJI_20260508084844_0823_V.JPG", "camera": "v2 dji m3t 4000 3000 brown 0.6666", "focal": 0.7188884491448521, "width": 4000, "height": 3000, "capture_time": 1778230124.0, "translation": [342475.4650018303, 4703518.331035096, 26.622857693528367], "rotation": [2.3112924938760058, 0.5515246291649545, -0.22751398973884251]}, "geometry": {"type": "Point", "coordinates": [-70.91613772925133, 42.46799712343073, 26.622857693528367]}}, {"type": "Feature", "properties": {"filename": "DJI_20260508084846_0826_V.JPG", "camera": "v2 dji m3t 4000 3000 brown 0.6666", "focal": 0.7188884491448521, "width": 4000, "height": 3000, "capture_time": 1778230126.0, "translation": [342469.634688086, 4703530.338725098, 26.65700057468869], "rotation": [2.3123983117849263, 0.5531778993403533, -0.22654583699994246]}, "geometry": {"type": "Point", "coordinates": [-70.91621190863509, 42.46810401783964, 26.65700057468869]}}, {"type": "Feature", "properties": {"filename": "DJI_20260508084906_0854_V.JPG", "camera": "v2 dji m3t 4000 3000 brown 0.6666", "focal": 0.7188884491448521, "width": 4000, "height": 3000, "capture_time": 1778230146.0, "translation": [342473.6678906041, 4703535.92986358, 26.65145518439359], "rotation": [2.3035476890305495, 0.5524337187516047, -0.2356686989068977]}, "geometry": {"type": "Point", "coordinates": [-70.91616441055459, 42.46815516306488, 26.65145518439359]}}, {"type": "Feature", "properties": {"filename": "DJI_20260508085034_0980_V.JPG", "camera": "v2 dji m3t 4000 3000 brown 0.6666", "focal": 0.7188884491448521, "width": 4000, "height": 3000, "capture_time": 1778230234.0, "translation": [342519.3010957363, 4703536.55702032, 26.675793403533763], "rotation": [2.3067506104639306, 0.5515136633361989, -0.23709108116619224]}, "geometry": {"type": "Point", "coordinates": [-70.91560979790476, 42.46817008478859, 26.675793403533763]}}, {"type": "Feature", "properties": {"filename": "DJI_20260508085901_1657_V.JPG", "camera": "v2 dji m3t 4000 3000 brown 0.6666", "focal": 0.7188884491448521, "width": 4000, "height": 3000, "capture_time": 1778230741.0, "translation": [342413.2575602086, 4703613.822565416, 26.678731036486273], "rotation": [0.6577337886067414, -2.662707462540579, 1.0992445891835987]}, "geometry": {"type": "Point", "coordinates": [-70.91692024727334, 42.46884398097414, 26.678731036486273]}}, {"type": "Feature", "properties": {"filename": "DJI_20260508084907_0856_V.JPG", "camera": "v2 dji m3t 4000 3000 brown 0.6666", "focal": 0.7188884491448521, "width": 4000, "height": 3000, "capture_time": 1778230147.0, "translation": [342477.9535656329, 4703527.355771187, 26.65406948956217], "rotation": [2.304959769077583, 0.5524276439508556, -0.23734275439353542]}, "geometry": {"type": "Point", "coordinates": [-70.91610995298095, 42.46807885999795, 26.65406948956217]}}, {"type": "Feature", "properties": {"filename": "DJI_20260508084610_0626_V.JPG", "camera": "v2 dji m3t 4000 3000 brown 0.6666", "focal": 0.7188884491448521, "width": 4000, "height": 3000, "capture_time": 1778229970.0, "translation": [342476.6155497995, 4703572.951005478, 26.412107338467884], "rotation": [1.350934269800879, 2.1994364158302164, -0.9127986049570759]}, "geometry": {"type": "Point", "coordinates": [-70.91613874119167, 42.46848898537622, 26.412107338467884]}}, {"type": "Feature", "properties": {"filename": "DJI_20260508084908_0857_V.JPG", "camera": "v2 dji m3t 4000 3000 brown 0.6666", "focal": 0.7188884491448521, "width": 4000, "height": 3000, "capture_time": 1778230148.0, "translation": [342480.05156055815, 4703523.263416801, 26.642859092419567], "rotation": [2.3057344790878416, 0.552358540638453, -0.23855392901513522]}, "geometry": {"type": "Point", "coordinates": [-70.91608332288081, 42.468042451735, 26.642859092419567]}}, {"type": "Feature", "properties": {"filename": "DJI_20260508084909_0858_V.JPG", "camera": "v2 dji m3t 4000 3000 brown 0.6666", "focal": 0.7188884491448521, "width": 4000, "height": 3000, "capture_time": 1778230149.0, "translation": [342482.4418208842, 4703519.621284073, 26.607020628356157], "rotation": [2.307415165309198, 0.5526961567566849, -0.23899981915049381]}, "geometry": {"type": "Point", "coordinates": [-70.91605326324331, 42.4680101552779, 26.607020628356157]}}, {"type": "Feature", "properties": {"filename": "DJI_20260508084911_0861_V.JPG", "camera": "v2 dji m3t 4000 3000 brown 0.6666", "focal": 0.7188884491448521, "width": 4000, "height": 3000, "capture_time": 1778230151.0, "translation": [342487.52101816575, 4703519.115330987, 26.571701121409003], "rotation": [2.3095203563387927, 0.5540960501136744, -0.23447960932436945]}, "geometry": {"type": "Point", "coordinates": [-70.91599137421662, 42.468006633870345, 26.571701121409003]}}, {"type": "Feature", "properties": {"filename": "DJI_20260508084506_0534_V.JPG", "camera": "v2 dji m3t 4000 3000 brown 0.6666", "focal": 0.7188884491448521, "width": 4000, "height": 3000, "capture_time": 1778229906.0, "translation": [342536.4393195304, 4703630.914793885, 26.51939597703472], "rotation": [1.3548867305322954, 2.212794540638331, -0.9033911345805229]}, "geometry": {"type": "Point", "coordinates": [-70.91542734322955, 42.469022871804555, 26.51939597703472]}}, {"type": "Feature", "properties": {"filename": "DJI_20260508084911_0862_V.JPG", "camera": "v2 dji m3t 4000 3000 brown 0.6666", "focal": 0.7188884491448521, "width": 4000, "height": 3000, "capture_time": 1778230151.0, "translation": [342487.8758874378, 4703520.871934367, 26.597558953032735], "rotation": [2.310136394540801, 0.5535067707645586, -0.23272216442812793]}, "geometry": {"type": "Point", "coordinates": [-70.91598754226702, 42.46802251700059, 26.597558953032735]}}, {"type": "Feature", "properties": {"filename": "DJI_20260508085751_1558_V.JPG", "camera": "v2 dji m3t 4000 3000 brown 0.6666", "focal": 0.7188884491448521, "width": 4000, "height": 3000, "capture_time": 1778230671.0, "translation": [342439.54754419555, 4703631.325105981, 26.60574839938048], "rotation": [0.6666033947366673, -2.6719201960350776, 1.0892812662284308]}, "geometry": {"type": "Point", "coordinates": [-70.91660543178129, 42.46900686623625, 26.60574839938048]}}, {"type": "Feature", "properties": {"filename": "DJI_20260508084913_0865_V.JPG", "camera": "v2 dji m3t 4000 3000 brown 0.6666", "focal": 0.7188884491448521, "width": 4000, "height": 3000, "capture_time": 1778230153.0, "translation": [342484.07863476867, 4703529.380509059, 26.617718638665224], "rotation": [2.313250782019387, 0.5543353943885154, -0.23043692374763322]}, "geometry": {"type": "Point", "coordinates": [-70.91603604367191, 42.46809832971206, 26.617718638665224]}}, {"type": "Feature", "properties": {"filename": "DJI_20260508084915_0867_V.JPG", "camera": "v2 dji m3t 4000 3000 brown 0.6666", "focal": 0.7188884491448521, "width": 4000, "height": 3000, "capture_time": 1778230155.0, "translation": [342479.65454910527, 4703538.174488636, 26.675400957672725], "rotation": [2.3139877427238433, 0.5545174757168484, -0.23102078312158647]}, "geometry": {"type": "Point", "coordinates": [-70.91609224428342, 42.46817658385402, 26.675400957672725]}}, {"type": "Feature", "properties": {"filename": "DJI_20260508084544_0588_V.JPG", "camera": "v2 dji m3t 4000 3000 brown 0.6666", "focal": 0.7188884491448521, "width": 4000, "height": 3000, "capture_time": 1778229944.0, "translation": [342538.77185717446, 4703618.066503687, 26.508549564694782], "rotation": [1.3590547397795143, 2.208129530678853, -0.9063493645014601]}, "geometry": {"type": "Point", "coordinates": [-70.91539545793032, 42.46890769986996, 26.508549564694782]}}, {"type": "Feature", "properties": {"filename": "DJI_20260508085126_1054_V.JPG", "camera": "v2 dji m3t 4000 3000 brown 0.6666", "focal": 0.7188884491448521, "width": 4000, "height": 3000, "capture_time": 1778230286.0, "translation": [342538.0845300052, 4703547.943817367, 26.635356040683586], "rotation": [2.3060898815316557, 0.5471584019209133, -0.23387243868970053]}, "geometry": {"type": "Point", "coordinates": [-70.91538456436524, 42.468276393772314, 26.635356040683586]}}, {"type": "Feature", "properties": {"filename": "DJI_20260508085045_0996_V.JPG", "camera": "v2 dji m3t 4000 3000 brown 0.6666", "focal": 0.7188884491448521, "width": 4000, "height": 3000, "capture_time": 1778230245.0, "translation": [342493.1846614466, 4703595.326776432, 26.582797630369917], "rotation": [2.308305996518222, 0.5512603886481475, -0.2291637939337382]}, "geometry": {"type": "Point", "coordinates": [-70.91594344575535, 42.468693755721795, 26.582797630369917]}}, {"type": "Feature", "properties": {"filename": "DJI_20260508084559_0610_V.JPG", "camera": "v2 dji m3t 4000 3000 brown 0.6666", "focal": 0.7188884491448521, "width": 4000, "height": 3000, "capture_time": 1778229959.0, "translation": [342491.2065714, 4703587.176629981, 26.45927325355051], "rotation": [1.3473754080307605, 2.207533174886251, -0.8966992490441381]}, "geometry": {"type": "Point", "coordinates": [-70.91596525652834, 42.468619995052975, 26.45927325355051]}}, {"type": "Feature", "properties": {"filename": "DJI_20260508085627_1438_V.JPG", "camera": "v2 dji m3t 4000 3000 brown 0.6666", "focal": 0.7188884491448521, "width": 4000, "height": 3000, "capture_time": 1778230587.0, "translation": [342472.24532975873, 4703650.472818484, 26.67401904683247], "rotation": [0.6732621033162439, -2.675127792888093, 1.0852085899547528]}, "geometry": {"type": "Point", "coordinates": [-70.91621316250529, 42.46918586157248, 26.67401904683247]}}, {"type": "Feature", "properties": {"filename": "DJI_20260508085047_0999_V.JPG", "camera": "v2 dji m3t 4000 3000 brown 0.6666", "focal": 0.7188884491448521, "width": 4000, "height": 3000, "capture_time": 1778230247.0, "translation": [342490.2504830958, 4703604.70986549, 26.62254288601472], "rotation": [2.307608330519971, 0.5517424557208719, -0.23407834940382877]}, "geometry": {"type": "Point", "coordinates": [-70.9159816948885, 42.4687776153018, 26.62254288601472]}}, {"type": "Feature", "properties": {"filename": "DJI_20260508084751_0747_V.JPG", "camera": "v2 dji m3t 4000 3000 brown 0.6666", "focal": 0.7188884491448521, "width": 4000, "height": 3000, "capture_time": 1778230071.0, "translation": [342441.1491268276, 4703530.588488531, 26.636573607991707], "rotation": [2.313061768181793, 0.5517598720349044, -0.2248132556047083]}, "geometry": {"type": "Point", "coordinates": [-70.9165582894896, 42.468100473613625, 26.636573607991707]}}, {"type": "Feature", "properties": {"filename": "DJI_20260508085048_1000_V.JPG", "camera": "v2 dji m3t 4000 3000 brown 0.6666", "focal": 0.7188884491448521, "width": 4000, "height": 3000, "capture_time": 1778230248.0, "translation": [342492.05460166367, 4703605.936971529, 26.63168988433432], "rotation": [2.307198675711087, 0.5515800598561627, -0.23403476796555367]}, "geometry": {"type": "Point", "coordinates": [-70.91596009809889, 42.46878902711995, 26.63168988433432]}}, {"type": "Feature", "properties": {"filename": "DJI_20260508084735_0724_V.JPG", "camera": "v2 dji m3t 4000 3000 brown 0.6666", "focal": 0.7188884491448521, "width": 4000, "height": 3000, "capture_time": 1778230055.0, "translation": [342425.246821268, 4703548.101090787, 26.589763489210767], "rotation": [2.304590251994316, 0.5478783623499648, -0.2270848501269128]}, "geometry": {"type": "Point", "coordinates": [-70.91675643203538, 42.468254868395746, 26.589763489210767]}}, {"type": "Feature", "properties": {"filename": "DJI_20260508085049_1001_V.JPG", "camera": "v2 dji m3t 4000 3000 brown 0.6666", "focal": 0.7188884491448521, "width": 4000, "height": 3000, "capture_time": 1778230249.0, "translation": [342493.92503417295, 4703605.969153839, 26.649307031767197], "rotation": [2.306812628331049, 0.5509940378133784, -0.2334845918377922]}, "geometry": {"type": "Point", "coordinates": [-70.91593736696106, 42.46878969704548, 26.649307031767197]}}, {"type": "Feature", "properties": {"filename": "DJI_20260508084748_0743_V.JPG", "camera": "v2 dji m3t 4000 3000 brown 0.6666", "focal": 0.7188884491448521, "width": 4000, "height": 3000, "capture_time": 1778230068.0, "translation": [342449.74289757834, 4703513.526844461, 26.72468283928723], "rotation": [2.3130953660464733, 0.5525839330582943, -0.2260899223786367]}, "geometry": {"type": "Point", "coordinates": [-70.91644912482445, 42.46794865134271, 26.72468283928723]}}, {"type": "Feature", "properties": {"filename": "DJI_20260508085049_1002_V.JPG", "camera": "v2 dji m3t 4000 3000 brown 0.6666", "focal": 0.7188884491448521, "width": 4000, "height": 3000, "capture_time": 1778230249.0, "translation": [342495.43499444536, 4703604.353333854, 26.6320941095113], "rotation": [2.306523238436, 0.5505380801654726, -0.23356473467181582]}, "geometry": {"type": "Point", "coordinates": [-70.91591856577018, 42.468775460206146, 26.6320941095113]}}, {"type": "Feature", "properties": {"filename": "DJI_20260508084642_0671_V.JPG", "camera": "v2 dji m3t 4000 3000 brown 0.6666", "focal": 0.7188884491448521, "width": 4000, "height": 3000, "capture_time": 1778230002.0, "translation": [342467.03124222904, 4703561.15072912, 26.534272782602237], "rotation": [1.3486331193197494, 2.2077915166255173, -0.9066097108624119]}, "geometry": {"type": "Point", "coordinates": [-70.91625202201237, 42.468380823750294, 26.534272782602237]}}, {"type": "Feature", "properties": {"filename": "DJI_20260508085051_1004_V.JPG", "camera": "v2 dji m3t 4000 3000 brown 0.6666", "focal": 0.7188884491448521, "width": 4000, "height": 3000, "capture_time": 1778230251.0, "translation": [342498.2809117607, 4703598.953814884, 26.627692715751245], "rotation": [2.3042700525177784, 0.5508557235701173, -0.2356667865485939]}, "geometry": {"type": "Point", "coordinates": [-70.91588248360152, 42.46872743831554, 26.627692715751245]}}, {"type": "Feature", "properties": {"filename": "DJI_20260508085751_1557_V.JPG", "camera": "v2 dji m3t 4000 3000 brown 0.6666", "focal": 0.7188884491448521, "width": 4000, "height": 3000, "capture_time": 1778230671.0, "translation": [342437.3071044449, 4703635.722255577, 26.598713222283912], "rotation": [0.6667903121033469, -2.6713720986877494, 1.0894068576175204]}, "geometry": {"type": "Point", "coordinates": [-70.91663387812986, 42.469045988813626, 26.598713222283912]}}, {"type": "Feature", "properties": {"filename": "DJI_20260508084532_0572_V.JPG", "camera": "v2 dji m3t 4000 3000 brown 0.6666", "focal": 0.7188884491448521, "width": 4000, "height": 3000, "capture_time": 1778229932.0, "translation": [342471.49378007866, 4703584.349916687, 26.441857392203396], "rotation": [1.3491228459318276, 2.2045917531060306, -0.9080616180312302]}, "geometry": {"type": "Point", "coordinates": [-70.91620413982953, 42.46859054428234, 26.441857392203396]}}, {"type": "Feature", "properties": {"filename": "DJI_20260508085052_1006_V.JPG", "camera": "v2 dji m3t 4000 3000 brown 0.6666", "focal": 0.7188884491448521, "width": 4000, "height": 3000, "capture_time": 1778230252.0, "translation": [342502.48655522533, 4703590.430186409, 26.591103820841006], "rotation": [2.3035676706273924, 0.5516393805629287, -0.2369927628769667]}, "geometry": {"type": "Point", "coordinates": [-70.9158290126901, 42.468651573075554, 26.591103820841006]}}, {"type": "Feature", "properties": {"filename": "DJI_20260508084946_0911_V.JPG", "camera": "v2 dji m3t 4000 3000 brown 0.6666", "focal": 0.7188884491448521, "width": 4000, "height": 3000, "capture_time": 1778230186.0, "translation": [342482.7303422215, 4703559.91054279, 26.652115939576184], "rotation": [2.3119258279542825, 0.5548181794964543, -0.22988556379210046]}, "geometry": {"type": "Point", "coordinates": [-70.91606081928632, 42.46837285290304, 26.652115939576184]}}, {"type": "Feature", "properties": {"filename": "DJI_20260508084951_0919_V.JPG", "camera": "v2 dji m3t 4000 3000 brown 0.6666", "focal": 0.7188884491448521, "width": 4000, "height": 3000, "capture_time": 1778230191.0, "translation": [342467.50641789206, 4703592.310971772, 26.589518752074177], "rotation": [2.3058182663598794, 0.551285154951889, -0.23095937067203168]}, "geometry": {"type": "Point", "coordinates": [-70.91625480285639, 42.46866139006612, 26.589518752074177]}}, {"type": "Feature", "properties": {"filename": "DJI_20260508085026_0969_V.JPG", "camera": "v2 dji m3t 4000 3000 brown 0.6666", "focal": 0.7188884491448521, "width": 4000, "height": 3000, "capture_time": 1778230226.0, "translation": [342496.3060410239, 4703574.791616338, 26.60224862281745], "rotation": [2.3006754867789065, 0.5494283566112724, -0.23533358238030205]}, "geometry": {"type": "Point", "coordinates": [-70.91589985858194, 42.46850955567592, 26.60224862281745]}}, {"type": "Feature", "properties": {"filename": "DJI_20260508083937_0087_V.JPG", "camera": "v2 dji m3t 4000 3000 brown 0.6666", "focal": 0.7188884491448521, "width": 4000, "height": 3000, "capture_time": 1778229577.0, "translation": [342494.6193939093, 4703595.7389806975, 26.446825386370282], "rotation": [-1.6661561582310866, -2.648746819257197, -0.0010715284048106015]}, "geometry": {"type": "Point", "coordinates": [-70.91592611606335, 42.46869775760116, 26.446825386370282]}}, {"type": "Feature", "properties": {"filename": "DJI_20260508084934_0894_V.JPG", "camera": "v2 dji m3t 4000 3000 brown 0.6666", "focal": 0.7188884491448521, "width": 4000, "height": 3000, "capture_time": 1778230174.0, "translation": [342484.2943338501, 4703542.789445632, 26.614799981171252], "rotation": [2.302668602183053, 0.5540718942833751, -0.2376401701999174]}, "geometry": {"type": "Point", "coordinates": [-70.91603710346718, 42.468219065857106, 26.614799981171252]}}, {"type": "Feature", "properties": {"filename": "DJI_20260508083904_0040_V.JPG", "camera": "v2 dji m3t 4000 3000 brown 0.6666", "focal": 0.7188884491448521, "width": 4000, "height": 3000, "capture_time": 1778229544.0, "translation": [342470.87514531217, 4703570.112606995, 26.481686585525317], "rotation": [-1.6411476965766167, -2.6710917555521, -0.02578729497945332]}, "geometry": {"type": "Point", "coordinates": [-70.91620775088937, 42.468462270136285, 26.481686585525317]}}, {"type": "Feature", "properties": {"filename": "DJI_20260508084805_0768_V.JPG", "camera": "v2 dji m3t 4000 3000 brown 0.6666", "focal": 0.7188884491448521, "width": 4000, "height": 3000, "capture_time": 1778230085.0, "translation": [342442.398761185, 4703542.060641116, 26.617522227439235], "rotation": [2.3071587212678244, 0.5438677259943829, -0.23179836976546392]}, "geometry": {"type": "Point", "coordinates": [-70.91654624824123, 42.46820398723125, 26.617522227439235]}}, {"type": "Feature", "properties": {"filename": "DJI_20260508085339_1219_V.JPG", "camera": "v2 dji m3t 4000 3000 brown 0.6666", "focal": 0.7188884491448521, "width": 4000, "height": 3000, "capture_time": 1778230419.0, "translation": [342462.42168956436, 4703594.86412039, 26.460112204203337], "rotation": [2.068818751073621, -1.251200263471883, 0.5100459436053557]}, "geometry": {"type": "Point", "coordinates": [-70.91631732204473, 42.46868333675936, 26.460112204203337]}}, {"type": "Feature", "properties": {"filename": "DJI_20260508085000_0931_V.JPG", "camera": "v2 dji m3t 4000 3000 brown 0.6666", "focal": 0.7188884491448521, "width": 4000, "height": 3000, "capture_time": 1778230200.0, "translation": [342488.89692337206, 4703561.563635871, 26.634912861003222], "rotation": [2.3028616735526244, 0.5459157036703504, -0.2374885621010163]}, "geometry": {"type": "Point", "coordinates": [-70.91598630288134, 42.46838898589929, 26.634912861003222]}}, {"type": "Feature", "properties": {"filename": "DJI_20260508084137_0259_V.JPG", "camera": "v2 dji m3t 4000 3000 brown 0.6666", "focal": 0.7188884491448521, "width": 4000, "height": 3000, "capture_time": 1778229697.0, "translation": [342455.5524165353, 4703618.320346177, 26.542644426308055], "rotation": [-1.6816172493218429, -2.6360379527149345, -0.007440105882232371]}, "geometry": {"type": "Point", "coordinates": [-70.9164072783327, 42.46889306666525, 26.542644426308055]}}, {"type": "Feature", "properties": {"filename": "DJI_20260508084944_0908_V.JPG", "camera": "v2 dji m3t 4000 3000 brown 0.6666", "focal": 0.7188884491448521, "width": 4000, "height": 3000, "capture_time": 1778230184.0, "translation": [342488.43135704607, 4703548.696408436, 26.632503297772573], "rotation": [2.313834536668475, 0.5558281678647895, -0.2305581779647741]}, "geometry": {"type": "Point", "coordinates": [-70.91598842968286, 42.468273074818654, 26.632503297772573]}}, {"type": "Feature", "properties": {"filename": "DJI_20260508083923_0068_V.JPG", "camera": "v2 dji m3t 4000 3000 brown 0.6666", "focal": 0.7188884491448521, "width": 4000, "height": 3000, "capture_time": 1778229563.0, "translation": [342468.25374715624, 4703575.705424125, 26.451928940324674], "rotation": [-2.6524275050001997, 1.6387543617509692, -0.026364590079593728]}, "geometry": {"type": "Point", "coordinates": [-70.91624115662802, 42.468512077429935, 26.451928940324674]}}, {"type": "Feature", "properties": {"filename": "DJI_20260508084452_0515_V.JPG", "camera": "v2 dji m3t 4000 3000 brown 0.6666", "focal": 0.7188884491448521, "width": 4000, "height": 3000, "capture_time": 1778229892.0, "translation": [342456.0246827218, 4703590.705890378, 26.418095880359054], "rotation": [1.3502115570558773, 2.2086295913497045, -0.9173013752461003]}, "geometry": {"type": "Point", "coordinates": [-70.9163939520593, 42.46864460824528, 26.418095880359054]}}, {"type": "Feature", "properties": {"filename": "DJI_20260508084937_0898_V.JPG", "camera": "v2 dji m3t 4000 3000 brown 0.6666", "focal": 0.7188884491448521, "width": 4000, "height": 3000, "capture_time": 1778230177.0, "translation": [342493.00368366536, 4703526.383790508, 26.620883668677884], "rotation": [2.3066314049486643, 0.5548100032110731, -0.23926374345281815]}, "geometry": {"type": "Point", "coordinates": [-70.9159267148058, 42.46807317104921, 26.620883668677884]}}, {"type": "Feature", "properties": {"filename": "DJI_20260508084939_0901_V.JPG", "camera": "v2 dji m3t 4000 3000 brown 0.6666", "focal": 0.7188884491448521, "width": 4000, "height": 3000, "capture_time": 1778230179.0, "translation": [342498.21758651646, 4703524.92434125, 26.619127471295972], "rotation": [2.308565878909628, 0.5558261935439799, -0.23589066811102646]}, "geometry": {"type": "Point", "coordinates": [-70.91586292623371, 42.46806109464817, 26.619127471295972]}}, {"type": "Feature", "properties": {"filename": "DJI_20260508085037_0984_V.JPG", "camera": "v2 dji m3t 4000 3000 brown 0.6666", "focal": 0.7188884491448521, "width": 4000, "height": 3000, "capture_time": 1778230237.0, "translation": [342518.5767967168, 4703544.852653998, 26.580189315874996], "rotation": [2.310445716190421, 0.5519384207697664, -0.23155994943398828]}, "geometry": {"type": "Point", "coordinates": [-70.91562088108498, 42.468244605627, 26.580189315874996]}}, {"type": "Feature", "properties": {"filename": "DJI_20260508085510_1349_V.JPG", "camera": "v2 dji m3t 4000 3000 brown 0.6666", "focal": 0.7188884491448521, "width": 4000, "height": 3000, "capture_time": 1778230510.0, "translation": [342395.9086204428, 4703595.588728121, 26.56067746764687], "rotation": [2.0615206519388294, -1.2646119623309295, 0.5038434190342334]}, "geometry": {"type": "Point", "coordinates": [-70.91712615878284, 42.468676331428654, 26.56067746764687]}}, {"type": "Feature", "properties": {"filename": "DJI_20260508084939_0902_V.JPG", "camera": "v2 dji m3t 4000 3000 brown 0.6666", "focal": 0.7188884491448521, "width": 4000, "height": 3000, "capture_time": 1778230179.0, "translation": [342498.88210699934, 4703526.6726839105, 26.607200739178985], "rotation": [2.308949249454773, 0.5552822941163218, -0.23401473441109852]}, "geometry": {"type": "Point", "coordinates": [-70.91585532740658, 42.468076966368685, 26.607200739178985]}}, {"type": "Feature", "properties": {"filename": "DJI_20260508085035_0981_V.JPG", "camera": "v2 dji m3t 4000 3000 brown 0.6666", "focal": 0.7188884491448521, "width": 4000, "height": 3000, "capture_time": 1778230235.0, "translation": [342520.7196583238, 4703537.995450538, 26.664274090029753], "rotation": [2.3072067952747615, 0.5512856355167683, -0.23498817636016328]}, "geometry": {"type": "Point", "coordinates": [-70.9155929466591, 42.468183320272566, 26.664274090029753]}}, {"type": "Feature", "properties": {"filename": "DJI_20260508085047_0998_V.JPG", "camera": "v2 dji m3t 4000 3000 brown 0.6666", "focal": 0.7188884491448521, "width": 4000, "height": 3000, "capture_time": 1778230247.0, "translation": [342490.25669915497, 4703602.986935695, 26.692128466183753], "rotation": [2.307798098432659, 0.5506707269893492, -0.23077249531504315]}, "geometry": {"type": "Point", "coordinates": [-70.9159811461956, 42.468762108674234, 26.692128466183753]}}, {"type": "Feature", "properties": {"filename": "DJI_20260508084941_0905_V.JPG", "camera": "v2 dji m3t 4000 3000 brown 0.6666", "focal": 0.7188884491448521, "width": 4000, "height": 3000, "capture_time": 1778230181.0, "translation": [342495.5673579173, 4703534.432256045, 26.627185567463634], "rotation": [2.312802094362318, 0.5554732507510772, -0.2318429418689632]}, "geometry": {"type": "Point", "coordinates": [-70.91589775700633, 42.468146135540245, 26.627185567463634]}}, {"type": "Feature", "properties": {"filename": "DJI_20260508084740_0731_V.JPG", "camera": "v2 dji m3t 4000 3000 brown 0.6666", "focal": 0.7188884491448521, "width": 4000, "height": 3000, "capture_time": 1778230060.0, "translation": [342440.0364385075, 4703518.811243727, 26.63002439413679], "rotation": [2.3048594793257666, 0.5483284705866573, -0.23313177758577872]}, "geometry": {"type": "Point", "coordinates": [-70.91656858198813, 42.46799424174416, 26.63002439413679]}}, {"type": "Feature", "properties": {"filename": "DJI_20260508084943_0907_V.JPG", "camera": "v2 dji m3t 4000 3000 brown 0.6666", "focal": 0.7188884491448521, "width": 4000, "height": 3000, "capture_time": 1778230183.0, "translation": [342491.25536420004, 4703543.0665545, 26.660591050835677], "rotation": [2.3134900620949734, 0.5556361070587971, -0.23112666675087268]}, "geometry": {"type": "Point", "coordinates": [-70.91595255088856, 42.468222975268546, 26.660591050835677]}}, {"type": "Feature", "properties": {"filename": "DJI_20260508085001_0933_V.JPG", "camera": "v2 dji m3t 4000 3000 brown 0.6666", "focal": 0.7188884491448521, "width": 4000, "height": 3000, "capture_time": 1778230201.0, "translation": [342493.1111953733, 4703553.20329678, 26.656624798887485], "rotation": [2.3018898828172953, 0.5467931904604902, -0.2379168528170966]}, "geometry": {"type": "Point", "coordinates": [-70.91593277208565, 42.46831459220336, 26.656624798887485]}}, {"type": "Feature", "properties": {"filename": "DJI_20260508084453_0516_V.JPG", "camera": "v2 dji m3t 4000 3000 brown 0.6666", "focal": 0.7188884491448521, "width": 4000, "height": 3000, "capture_time": 1778229893.0, "translation": [342460.42165864847, 4703592.868737813, 26.41221148007126], "rotation": [1.3513493657030868, 2.208085455646305, -0.9154727600138516]}, "geometry": {"type": "Point", "coordinates": [-70.91634108954138, 42.46866496987224, 26.41221148007126]}}, {"type": "Feature", "properties": {"filename": "DJI_20260508085014_0951_V.JPG", "camera": "v2 dji m3t 4000 3000 brown 0.6666", "focal": 0.7188884491448521, "width": 4000, "height": 3000, "capture_time": 1778230214.0, "translation": [342493.4165988067, 4703566.542835891, 26.5725569502739], "rotation": [2.3113155693295924, 0.5494820957412635, -0.23006884073114048]}, "geometry": {"type": "Point", "coordinates": [-70.91593272206148, 42.46843472194689, 26.5725569502739]}}, {"type": "Feature", "properties": {"filename": "DJI_20260508085013_0950_V.JPG", "camera": "v2 dji m3t 4000 3000 brown 0.6666", "focal": 0.7188884491448521, "width": 4000, "height": 3000, "capture_time": 1778230213.0, "translation": [342495.59123547113, 4703562.41558286, 26.643562390965453], "rotation": [2.3110980516063853, 0.5495919256624592, -0.2296505101167178]}, "geometry": {"type": "Point", "coordinates": [-70.91590515054739, 42.46839801510785, 26.643562390965453]}}, {"type": "Feature", "properties": {"filename": "DJI_20260508085012_0949_V.JPG", "camera": "v2 dji m3t 4000 3000 brown 0.6666", "focal": 0.7188884491448521, "width": 4000, "height": 3000, "capture_time": 1778230212.0, "translation": [342497.7033111941, 4703558.361950833, 26.65340209030589], "rotation": [2.3122274316152605, 0.5500458162157488, -0.22910976039586464]}, "geometry": {"type": "Point", "coordinates": [-70.9158783598671, 42.46836195819754, 26.65340209030589]}}, {"type": "Feature", "properties": {"filename": "DJI_20260508085527_1373_V.JPG", "camera": "v2 dji m3t 4000 3000 brown 0.6666", "focal": 0.7188884491448521, "width": 4000, "height": 3000, "capture_time": 1778230527.0, "translation": [342370.5029118536, 4703589.740892272, 26.540046757822875], "rotation": [2.0753502628103977, -1.2637689721063667, 0.5038124122930533]}, "geometry": {"type": "Point", "coordinates": [-70.91743342344155, 42.46861852725763, 26.540046757822875]}}, {"type": "Feature", "properties": {"filename": "DJI_20260508085003_0936_V.JPG", "camera": "v2 dji m3t 4000 3000 brown 0.6666", "focal": 0.7188884491448521, "width": 4000, "height": 3000, "capture_time": 1778230203.0, "translation": [342499.4658418002, 4703540.574888391, 26.681898767556714], "rotation": [2.3030365083662283, 0.5474707249991817, -0.2379132142183203]}, "geometry": {"type": "Point", "coordinates": [-70.91585204790312, 42.46820221718742, 26.681898767556714]}}, {"type": "Feature", "properties": {"filename": "DJI_20260508085004_0937_V.JPG", "camera": "v2 dji m3t 4000 3000 brown 0.6666", "focal": 0.7188884491448521, "width": 4000, "height": 3000, "capture_time": 1778230204.0, "translation": [342501.62024409196, 4703536.378656251, 26.674925968222578], "rotation": [2.30414103181199, 0.547958210642498, -0.23723867382000105]}, "geometry": {"type": "Point", "coordinates": [-70.91582470360169, 42.468164885338176, 26.674925968222578]}}, {"type": "Feature", "properties": {"filename": "DJI_20260508084845_0825_V.JPG", "camera": "v2 dji m3t 4000 3000 brown 0.6666", "focal": 0.7188884491448521, "width": 4000, "height": 3000, "capture_time": 1778230125.0, "translation": [342471.71902811044, 4703526.053388109, 26.722518295687912], "rotation": [2.312586536917343, 0.5530421922220773, -0.22615081596097525]}, "geometry": {"type": "Point", "coordinates": [-70.91618539147662, 42.46806586981159, 26.722518295687912]}}, {"type": "Feature", "properties": {"filename": "DJI_20260508085005_0938_V.JPG", "camera": "v2 dji m3t 4000 3000 brown 0.6666", "focal": 0.7188884491448521, "width": 4000, "height": 3000, "capture_time": 1778230205.0, "translation": [342504.04463434644, 4703532.481146737, 26.67551756164803], "rotation": [2.306147937198704, 0.5478279530507071, -0.23783813790745376]}, "geometry": {"type": "Point", "coordinates": [-70.91579415898136, 42.46813029713294, 26.67551756164803]}}, {"type": "Feature", "properties": {"filename": "DJI_20260508085120_1045_V.JPG", "camera": "v2 dji m3t 4000 3000 brown 0.6666", "focal": 0.7188884491448521, "width": 4000, "height": 3000, "capture_time": 1778230280.0, "translation": [342521.87409189634, 4703578.99381287, 26.58761928170614], "rotation": [2.3011770501961375, 0.5462049736082681, -0.2358421114925999]}, "geometry": {"type": "Point", "coordinates": [-70.91559016740354, 42.46855257653706, 26.58761928170614]}}, {"type": "Feature", "properties": {"filename": "DJI_20260508085006_0940_V.JPG", "camera": "v2 dji m3t 4000 3000 brown 0.6666", "focal": 0.7188884491448521, "width": 4000, "height": 3000, "capture_time": 1778230206.0, "translation": [342507.52149548876, 4703530.220446349, 26.64602487456937], "rotation": [2.307158318814573, 0.5481501968531335, -0.23604699799165604]}, "geometry": {"type": "Point", "coordinates": [-70.91575126841927, 42.46811065559317, 26.64602487456937]}}, {"type": "Feature", "properties": {"filename": "DJI_20260508085007_0941_V.JPG", "camera": "v2 dji m3t 4000 3000 brown 0.6666", "focal": 0.7188884491448521, "width": 4000, "height": 3000, "capture_time": 1778230207.0, "translation": [342509.23508133617, 4703531.276098065, 26.665501044712464], "rotation": [2.307822125075041, 0.5486622659521696, -0.23359413160942263]}, "geometry": {"type": "Point", "coordinates": [-70.91573072538594, 42.468120505721664, 26.665501044712464]}}, {"type": "Feature", "properties": {"filename": "DJI_20260508085359_1248_V.JPG", "camera": "v2 dji m3t 4000 3000 brown 0.6666", "focal": 0.7188884491448521, "width": 4000, "height": 3000, "capture_time": 1778230439.0, "translation": [342359.0465846194, 4703550.9425067045, 26.561521909775486], "rotation": [2.0746087110579774, -1.2573868574158653, 0.500186012391883]}, "geometry": {"type": "Point", "coordinates": [-70.9175620415862, 42.46826697685593, 26.561521909775486]}}, {"type": "Feature", "properties": {"filename": "DJI_20260508085007_0942_V.JPG", "camera": "v2 dji m3t 4000 3000 brown 0.6666", "focal": 0.7188884491448521, "width": 4000, "height": 3000, "capture_time": 1778230207.0, "translation": [342509.8293589518, 4703533.120292022, 26.654738092374032], "rotation": [2.308232859821721, 0.5485270004846421, -0.23104666962539225]}, "geometry": {"type": "Point", "coordinates": [-70.91572400681139, 42.46813722590228, 26.654738092374032]}}, {"type": "Feature", "properties": {"filename": "DJI_20260508085008_0943_V.JPG", "camera": "v2 dji m3t 4000 3000 brown 0.6666", "focal": 0.7188884491448521, "width": 4000, "height": 3000, "capture_time": 1778230208.0, "translation": [342509.16368066287, 4703535.288413371, 26.6751737693262], "rotation": [2.308143935734556, 0.5478831100611403, -0.23165960002506383]}, "geometry": {"type": "Point", "coordinates": [-70.91573269506135, 42.468156605601905, 26.6751737693262]}}, {"type": "Feature", "properties": {"filename": "DJI_20260508085845_1634_V.JPG", "camera": "v2 dji m3t 4000 3000 brown 0.6666", "focal": 0.7188884491448521, "width": 4000, "height": 3000, "capture_time": 1778230725.0, "translation": [342406.0360464827, 4703641.86884581, 26.643851960274592], "rotation": [0.6614811148001272, -2.6722342976369386, 1.0917566003507881]}, "geometry": {"type": "Point", "coordinates": [-70.91701574935844, 42.469094953227994, 26.643851960274592]}}, {"type": "Feature", "properties": {"filename": "DJI_20260508084849_0830_V.JPG", "camera": "v2 dji m3t 4000 3000 brown 0.6666", "focal": 0.7188884491448521, "width": 4000, "height": 3000, "capture_time": 1778230129.0, "translation": [342461.14139661996, 4703546.914685894, 26.618242068994313], "rotation": [2.3114117995298136, 0.5515812447104953, -0.22652535379748806]}, "geometry": {"type": "Point", "coordinates": [-70.91631971805127, 42.468251489191495, 26.618242068994313]}}, {"type": "Feature", "properties": {"filename": "DJI_20260508084956_0926_V.JPG", "camera": "v2 dji m3t 4000 3000 brown 0.6666", "focal": 0.7188884491448521, "width": 4000, "height": 3000, "capture_time": 1778230196.0, "translation": [342478.26563767996, 4703582.620420184, 26.584355576286256], "rotation": [2.3027763349309605, 0.5461697449472264, -0.23757616452947242]}, "geometry": {"type": "Point", "coordinates": [-70.91612133559086, 42.46857635414342, 26.584355576286256]}}, {"type": "Feature", "properties": {"filename": "DJI_20260508085012_0948_V.JPG", "camera": "v2 dji m3t 4000 3000 brown 0.6666", "focal": 0.7188884491448521, "width": 4000, "height": 3000, "capture_time": 1778230212.0, "translation": [342499.83210949163, 4703554.082318042, 26.64266974718788], "rotation": [2.3127674774836406, 0.5497329627000266, -0.2293010799027319]}, "geometry": {"type": "Point", "coordinates": [-70.91585130385803, 42.468323870472624, 26.64266974718788]}}, {"type": "Feature", "properties": {"filename": "DJI_20260508085011_0947_V.JPG", "camera": "v2 dji m3t 4000 3000 brown 0.6666", "focal": 0.7188884491448521, "width": 4000, "height": 3000, "capture_time": 1778230211.0, "translation": [342501.8872263417, 4703549.921482403, 26.65735677876113], "rotation": [2.311991879846904, 0.5493621906766546, -0.22981475142986335]}, "geometry": {"type": "Point", "coordinates": [-70.91582517628379, 42.46828683704176, 26.65735677876113]}}, {"type": "Feature", "properties": {"filename": "DJI_20260508085032_0977_V.JPG", "camera": "v2 dji m3t 4000 3000 brown 0.6666", "focal": 0.7188884491448521, "width": 4000, "height": 3000, "capture_time": 1778230232.0, "translation": [342513.4084268655, 4703541.262322712, 26.646071305377312], "rotation": [2.304437297096366, 0.5503735692096909, -0.23849112725114313]}, "geometry": {"type": "Point", "coordinates": [-70.91568272979572, 42.46821123891378, 26.646071305377312]}}, {"type": "Feature", "properties": {"filename": "DJI_20260508084625_0647_V.JPG", "camera": "v2 dji m3t 4000 3000 brown 0.6666", "focal": 0.7188884491448521, "width": 4000, "height": 3000, "capture_time": 1778229985.0, "translation": [342557.0647796238, 4703610.226808303, 26.465949164102668], "rotation": [1.3562159114563734, 2.206600665971004, -0.8953641895241947]}, "geometry": {"type": "Point", "coordinates": [-70.91517090744034, 42.46884085329312, 26.465949164102668]}}, {"type": "Feature", "properties": {"filename": "DJI_20260508084255_0348_V.JPG", "camera": "v2 dji m3t 4000 3000 brown 0.6666", "focal": 0.7188884491448521, "width": 4000, "height": 3000, "capture_time": 1778229775.0, "translation": [342447.03539803263, 4703628.200617363, 26.548845470733745], "rotation": [1.3505250656045376, 2.2111332838294673, -0.9157789302227007]}, "geometry": {"type": "Point", "coordinates": [-70.91651353890971, 42.46898026584814, 26.548845470733745]}}, {"type": "Feature", "properties": {"filename": "DJI_20260508084037_0174_V.JPG", "camera": "v2 dji m3t 4000 3000 brown 0.6666", "focal": 0.7188884491448521, "width": 4000, "height": 3000, "capture_time": 1778229637.0, "translation": [342433.8831582239, 4703586.545607549, 26.45897386574649], "rotation": [-2.653496128678127, 1.6502338721088357, -0.017747102604306477]}, "geometry": {"type": "Point", "coordinates": [-70.91666199636924, 42.46860265934618, 26.45897386574649]}}, {"type": "Feature", "properties": {"filename": "DJI_20260508085033_0978_V.JPG", "camera": "v2 dji m3t 4000 3000 brown 0.6666", "focal": 0.7188884491448521, "width": 4000, "height": 3000, "capture_time": 1778230233.0, "translation": [342515.7832375147, 4703537.8528551785, 26.606179694515642], "rotation": [2.3056447193063447, 0.5507526584735387, -0.23838832036962074]}, "geometry": {"type": "Point", "coordinates": [-70.91565292198382, 42.46818103340263, 26.606179694515642]}}, {"type": "Feature", "properties": {"filename": "DJI_20260508085947_1723_V.JPG", "camera": "v2 dji m3t 4000 3000 brown 0.6666", "focal": 0.7188884491448521, "width": 4000, "height": 3000, "capture_time": 1778230787.0, "translation": [342397.80864509096, 4703602.299254435, 26.623555481617785], "rotation": [0.6693802898676927, -2.672485243525882, 1.089657678195179]}, "geometry": {"type": "Point", "coordinates": [-70.91710490289697, 42.46873711856533, 26.623555481617785]}}, {"type": "Feature", "properties": {"filename": "DJI_20260508085035_0982_V.JPG", "camera": "v2 dji m3t 4000 3000 brown 0.6666", "focal": 0.7188884491448521, "width": 4000, "height": 3000, "capture_time": 1778230235.0, "translation": [342520.7225681987, 4703539.865428413, 26.686058852099304], "rotation": [2.3074121916528902, 0.551008445464886, -0.23345187008359528]}, "geometry": {"type": "Point", "coordinates": [-70.91559342466823, 42.46820015232357, 26.686058852099304]}}, {"type": "Feature", "properties": {"filename": "DJI_20260508084127_0244_V.JPG", "camera": "v2 dji m3t 4000 3000 brown 0.6666", "focal": 0.7188884491448521, "width": 4000, "height": 3000, "capture_time": 1778229687.0, "translation": [342483.34917224274, 4703625.292919292, 26.466305894624792], "rotation": [-2.6534702547989935, 1.6681518648443718, 0.018071865156306374]}, "geometry": {"type": "Point", "coordinates": [-70.91607125069336, 42.46896147788845, 26.466305894624792]}}, {"type": "Feature", "properties": {"filename": "DJI_20260508085128_1057_V.JPG", "camera": "v2 dji m3t 4000 3000 brown 0.6666", "focal": 0.7188884491448521, "width": 4000, "height": 3000, "capture_time": 1778230288.0, "translation": [342538.2392811905, 4703547.267338611, 26.69474991901642], "rotation": [2.30787848417652, 0.5480091073595241, -0.2338187900967581]}, "geometry": {"type": "Point", "coordinates": [-70.91538249727519, 42.46827033631393, 26.69474991901642]}}, {"type": "Feature", "properties": {"filename": "DJI_20260508085745_1549_V.JPG", "camera": "v2 dji m3t 4000 3000 brown 0.6666", "focal": 0.7188884491448521, "width": 4000, "height": 3000, "capture_time": 1778230665.0, "translation": [342421.89453947125, 4703666.933561679, 26.64499554048268], "rotation": [0.662422464483295, -2.665963178173483, 1.0930540330853402]}, "geometry": {"type": "Point", "coordinates": [-70.9168298332405, 42.469323783360615, 26.64499554048268]}}, {"type": "Feature", "properties": {"filename": "DJI_20260508084117_0230_V.JPG", "camera": "v2 dji m3t 4000 3000 brown 0.6666", "focal": 0.7188884491448521, "width": 4000, "height": 3000, "capture_time": 1778229677.0, "translation": [342424.42028921493, 4703595.819743303, 26.444676961648405], "rotation": [-2.6431588497628753, 1.6583715888223982, -0.021259897383115546]}, "geometry": {"type": "Point", "coordinates": [-70.91677958952086, 42.46868421017497, 26.444676961648405]}}, {"type": "Feature", "properties": {"filename": "DJI_20260508084848_0829_V.JPG", "camera": "v2 dji m3t 4000 3000 brown 0.6666", "focal": 0.7188884491448521, "width": 4000, "height": 3000, "capture_time": 1778230128.0, "translation": [342463.2351013584, 4703542.817212315, 26.623479543637664], "rotation": [2.3119225866438042, 0.5519485988811333, -0.2265169332310692]}, "geometry": {"type": "Point", "coordinates": [-70.91629313850638, 42.468215034032646, 26.623479543637664]}}, {"type": "Feature", "properties": {"filename": "DJI_20260508085127_1055_V.JPG", "camera": "v2 dji m3t 4000 3000 brown 0.6666", "focal": 0.7188884491448521, "width": 4000, "height": 3000, "capture_time": 1778230287.0, "translation": [342538.3813767892, 4703547.359372133, 26.662245789814182], "rotation": [2.3074213452084047, 0.547905108499274, -0.2333523044783994]}, "geometry": {"type": "Point", "coordinates": [-70.91538079501134, 42.468271193576356, 26.662245789814182]}}, {"type": "Feature", "properties": {"filename": "DJI_20260508085356_1244_V.JPG", "camera": "v2 dji m3t 4000 3000 brown 0.6666", "focal": 0.7188884491448521, "width": 4000, "height": 3000, "capture_time": 1778230436.0, "translation": [342373.6461047047, 4703556.284762484, 26.576405186298878], "rotation": [2.071665700621856, -1.2563143398456351, 0.4997783599484343]}, "geometry": {"type": "Point", "coordinates": [-70.91738601609963, 42.46831803223858, 26.576405186298878]}}, {"type": "Feature", "properties": {"filename": "DJI_20260508084021_0150_V.JPG", "camera": "v2 dji m3t 4000 3000 brown 0.6666", "focal": 0.7188884491448521, "width": 4000, "height": 3000, "capture_time": 1778229621.0, "translation": [342454.4791940434, 4703589.936827504, 26.44487295638742], "rotation": [-1.6615792637967983, -2.6499886285523964, -0.011523201027914723]}, "geometry": {"type": "Point", "coordinates": [-70.91641253021501, 42.4686373717318, 26.44487295638742]}}, {"type": "Feature", "properties": {"filename": "DJI_20260508085127_1056_V.JPG", "camera": "v2 dji m3t 4000 3000 brown 0.6666", "focal": 0.7188884491448521, "width": 4000, "height": 3000, "capture_time": 1778230287.0, "translation": [342538.3085028804, 4703547.272696703, 26.70082580430561], "rotation": [2.307745294195457, 0.5480063236319648, -0.2333743927228228]}, "geometry": {"type": "Point", "coordinates": [-70.91538165718293, 42.468270398609896, 26.70082580430561]}}, {"type": "Feature", "properties": {"filename": "DJI_20260508085627_1437_V.JPG", "camera": "v2 dji m3t 4000 3000 brown 0.6666", "focal": 0.7188884491448521, "width": 4000, "height": 3000, "capture_time": 1778230587.0, "translation": [342470.1039123298, 4703654.688264333, 26.665337537432418], "rotation": [0.6739043215570865, -2.674416981327587, 1.0851720054412646]}, "geometry": {"type": "Point", "coordinates": [-70.91624035491216, 42.46922336888972, 26.665337537432418]}}, {"type": "Feature", "properties": {"filename": "DJI_20260508085125_1053_V.JPG", "camera": "v2 dji m3t 4000 3000 brown 0.6666", "focal": 0.7188884491448521, "width": 4000, "height": 3000, "capture_time": 1778230285.0, "translation": [342537.4932613298, 4703549.15053132, 26.643683284936365], "rotation": [2.3055617522865552, 0.5465775203298484, -0.2342203073877473]}, "geometry": {"type": "Point", "coordinates": [-70.91539208397734, 42.46828713510158, 26.643683284936365]}}, {"type": "Feature", "properties": {"filename": "DJI_20260508085124_1052_V.JPG", "camera": "v2 dji m3t 4000 3000 brown 0.6666", "focal": 0.7188884491448521, "width": 4000, "height": 3000, "capture_time": 1778230284.0, "translation": [342536.4227125039, 4703551.269205304, 26.655750322301866], "rotation": [2.3051562071034963, 0.5462634342680905, -0.23501732500323774]}, "geometry": {"type": "Point", "coordinates": [-70.91540568079293, 42.46830598747192, 26.655750322301866]}}, {"type": "Feature", "properties": {"filename": "DJI_20260508085053_1007_V.JPG", "camera": "v2 dji m3t 4000 3000 brown 0.6666", "focal": 0.7188884491448521, "width": 4000, "height": 3000, "capture_time": 1778230253.0, "translation": [342504.5670140618, 4703586.326225268, 26.59472078640632], "rotation": [2.3038329531287967, 0.5520109410594094, -0.23651489844109816]}, "geometry": {"type": "Point", "coordinates": [-70.91580259250475, 42.4686150567165, 26.59472078640632]}}, {"type": "Feature", "properties": {"filename": "DJI_20260508084304_0361_V.JPG", "camera": "v2 dji m3t 4000 3000 brown 0.6666", "focal": 0.7188884491448521, "width": 4000, "height": 3000, "capture_time": 1778229784.0, "translation": [342501.537850837, 4703655.601749773, 26.591724255084912], "rotation": [1.3523623010743655, 2.2199262585258785, -0.9075159602033763]}, "geometry": {"type": "Point", "coordinates": [-70.91585844177753, 42.46923798192927, 26.591724255084912]}}, {"type": "Feature", "properties": {"filename": "DJI_20260508083924_0069_V.JPG", "camera": "v2 dji m3t 4000 3000 brown 0.6666", "focal": 0.7188884491448521, "width": 4000, "height": 3000, "capture_time": 1778229564.0, "translation": [342472.4095403612, 4703577.774329956, 26.443332069119293], "rotation": [-2.6538049833587776, 1.6396874322284407, -0.023178634370222325]}, "geometry": {"type": "Point", "coordinates": [-70.91619120056008, 42.46853154439013, 26.443332069119293]}}, {"type": "Feature", "properties": {"filename": "DJI_20260508085101_1019_V.JPG", "camera": "v2 dji m3t 4000 3000 brown 0.6666", "focal": 0.7188884491448521, "width": 4000, "height": 3000, "capture_time": 1778230261.0, "translation": [342529.4530459372, 4703542.563883355, 26.65197512479925], "rotation": [2.3092017881311815, 0.5560067566112946, -0.2368746873504373]}, "geometry": {"type": "Point", "coordinates": [-70.91548802475518, 42.4682262153088, 26.65197512479925]}}, {"type": "Feature", "properties": {"filename": "DJI_20260508085236_1129_V.JPG", "camera": "v2 dji m3t 4000 3000 brown 0.6666", "focal": 0.7188884491448521, "width": 4000, "height": 3000, "capture_time": 1778230356.0, "translation": [342407.69534680987, 4703545.2230074825, 26.643522061174803], "rotation": [2.0746049827858486, -1.247424848094324, 0.4975462712700236]}, "geometry": {"type": "Point", "coordinates": [-70.91696902322923, 42.46822539325825, 26.643522061174803]}}, {"type": "Feature", "properties": {"filename": "DJI_20260508085103_1022_V.JPG", "camera": "v2 dji m3t 4000 3000 brown 0.6666", "focal": 0.7188884491448521, "width": 4000, "height": 3000, "capture_time": 1778230263.0, "translation": [342531.09978943487, 4703547.489612474, 26.66610083089456], "rotation": [2.310022586248645, 0.5545575506768852, -0.23060881023089125]}, "geometry": {"type": "Point", "coordinates": [-70.91546935670634, 42.46827088593761, 26.66610083089456]}}, {"type": "Feature", "properties": {"filename": "DJI_20260508084520_0555_V.JPG", "camera": "v2 dji m3t 4000 3000 brown 0.6666", "focal": 0.7188884491448521, "width": 4000, "height": 3000, "capture_time": 1778229920.0, "translation": [342483.90014999546, 4703597.649378619, 26.442519438640606], "rotation": [1.3491932475108515, 2.212661717070685, -0.8961611496585548]}, "geometry": {"type": "Point", "coordinates": [-70.91605696079405, 42.46871277361915, 26.442519438640606]}}, {"type": "Feature", "properties": {"filename": "DJI_20260508085059_1016_V.JPG", "camera": "v2 dji m3t 4000 3000 brown 0.6666", "focal": 0.7188884491448521, "width": 4000, "height": 3000, "capture_time": 1778230259.0, "translation": [342523.640416428, 4703548.563560537, 26.66639864357631], "rotation": [2.3061321471637304, 0.5551951971767011, -0.23802715185614767]}, "geometry": {"type": "Point", "coordinates": [-70.91556033891084, 42.468279036301155, 26.66639864357631]}}, {"type": "Feature", "properties": {"filename": "DJI_20260508084819_0787_V.JPG", "camera": "v2 dji m3t 4000 3000 brown 0.6666", "focal": 0.7188884491448521, "width": 4000, "height": 3000, "capture_time": 1778230099.0, "translation": [342454.7712422717, 4703531.633217118, 26.649209993881765], "rotation": [2.3176085479883204, 0.5490082131293206, -0.22639571046041143]}, "geometry": {"type": "Point", "coordinates": [-70.91639296602737, 42.46811264717517, 26.649209993881765]}}, {"type": "Feature", "properties": {"filename": "DJI_20260508085657_1480_V.JPG", "camera": "v2 dji m3t 4000 3000 brown 0.6666", "focal": 0.7188884491448521, "width": 4000, "height": 3000, "capture_time": 1778230617.0, "translation": [342466.1228474038, 4703634.416636893, 26.65826068809816], "rotation": [0.6686176464759555, -2.6765624808057358, 1.0839999328819303]}, "geometry": {"type": "Point", "coordinates": [-70.9162831878512, 42.469040096881, 26.65826068809816]}}, {"type": "Feature", "properties": {"filename": "DJI_20260508085038_0985_V.JPG", "camera": "v2 dji m3t 4000 3000 brown 0.6666", "focal": 0.7188884491448521, "width": 4000, "height": 3000, "capture_time": 1778230238.0, "translation": [342516.5198097291, 4703548.722052214, 26.713553391138348], "rotation": [2.3113726319417456, 0.5522073148313799, -0.230254992351338]}, "geometry": {"type": "Point", "coordinates": [-70.91564695124409, 42.46827901553215, 26.713553391138348]}}, {"type": "Feature", "properties": {"filename": "DJI_20260508083954_0112_V.JPG", "camera": "v2 dji m3t 4000 3000 brown 0.6666", "focal": 0.7188884491448521, "width": 4000, "height": 3000, "capture_time": 1778229594.0, "translation": [342415.023085755, 4703562.795635941, 26.418871397019778], "rotation": [-2.681683524969791, 1.6042908196334529, -0.025625219257851644]}, "geometry": {"type": "Point", "coordinates": [-70.91688476401575, 42.46838505284025, 26.418871397019778]}}, {"type": "Feature", "properties": {"filename": "DJI_20260508084323_0387_V.JPG", "camera": "v2 dji m3t 4000 3000 brown 0.6666", "focal": 0.7188884491448521, "width": 4000, "height": 3000, "capture_time": 1778229803.0, "translation": [342456.9564739435, 4703626.142397059, 26.491680745937735], "rotation": [1.3407378163731871, 2.2166638980870768, -0.9007698223144532]}, "geometry": {"type": "Point", "coordinates": [-70.91639235676173, 42.46896375752982, 26.491680745937735]}}, {"type": "Feature", "properties": {"filename": "DJI_20260508085747_1551_V.JPG", "camera": "v2 dji m3t 4000 3000 brown 0.6666", "focal": 0.7188884491448521, "width": 4000, "height": 3000, "capture_time": 1778230667.0, "translation": [342424.6043810851, 4703661.231096599, 26.631585683574688], "rotation": [0.6653448056692238, -2.668857729165176, 1.0903581648598988]}, "geometry": {"type": "Point", "coordinates": [-70.91679532119468, 42.46927300732394, 26.631585683574688]}}, {"type": "Feature", "properties": {"filename": "DJI_20260508085031_0975_V.JPG", "camera": "v2 dji m3t 4000 3000 brown 0.6666", "focal": 0.7188884491448521, "width": 4000, "height": 3000, "capture_time": 1778230231.0, "translation": [342509.1636472119, 4703549.550497242, 26.627321914282113], "rotation": [2.303445686493904, 0.5507987320197167, -0.23754998418373924]}, "geometry": {"type": "Point", "coordinates": [-70.9157366112901, 42.4682849769891, 26.627321914282113]}}, {"type": "Feature", "properties": {"filename": "DJI_20260508085105_1024_V.JPG", "camera": "v2 dji m3t 4000 3000 brown 0.6666", "focal": 0.7188884491448521, "width": 4000, "height": 3000, "capture_time": 1778230265.0, "translation": [342528.32340354327, 4703553.300773053, 26.631079098266827], "rotation": [2.3133825822575793, 0.5544455203892137, -0.22798607354328534]}, "geometry": {"type": "Point", "coordinates": [-70.91550470596722, 42.46832262724549, 26.631079098266827]}}, {"type": "Feature", "properties": {"filename": "DJI_20260508085030_0974_V.JPG", "camera": "v2 dji m3t 4000 3000 brown 0.6666", "focal": 0.7188884491448521, "width": 4000, "height": 3000, "capture_time": 1778230230.0, "translation": [342507.1189083684, 4703553.559408033, 26.635910503864096], "rotation": [2.3031168722779456, 0.5508439091983112, -0.23718690908616047]}, "geometry": {"type": "Point", "coordinates": [-70.91576257092777, 42.46832064509262, 26.635910503864096]}}, {"type": "Feature", "properties": {"filename": "DJI_20260508085038_0986_V.JPG", "camera": "v2 dji m3t 4000 3000 brown 0.6666", "focal": 0.7188884491448521, "width": 4000, "height": 3000, "capture_time": 1778230238.0, "translation": [342514.23468629544, 4703553.249578279, 26.69624755648211], "rotation": [2.3113070840551284, 0.5522637748949937, -0.22983961182770243]}, "geometry": {"type": "Point", "coordinates": [-70.91567597569568, 42.468319302791826, 26.69624755648211]}}, {"type": "Feature", "properties": {"filename": "DJI_20260508084224_0326_V.JPG", "camera": "v2 dji m3t 4000 3000 brown 0.6666", "focal": 0.7188884491448521, "width": 4000, "height": 3000, "capture_time": 1778229744.0, "translation": [342407.70494266076, 4703608.406082412, 26.510211597839692], "rotation": [-1.6815882675457314, -2.641540605085061, -0.01658132504724073]}, "geometry": {"type": "Point", "coordinates": [-70.91698626564718, 42.468794098435325, 26.510211597839692]}}, {"type": "Feature", "properties": {"filename": "DJI_20260508085123_1050_V.JPG", "camera": "v2 dji m3t 4000 3000 brown 0.6666", "focal": 0.7188884491448521, "width": 4000, "height": 3000, "capture_time": 1778230283.0, "translation": [342532.83460405096, 4703558.292057524, 26.664761644761764], "rotation": [2.303617250227534, 0.5453745040135676, -0.23691669728276413]}, "geometry": {"type": "Point", "coordinates": [-70.91545123119481, 42.46836847012251, 26.664761644761764]}}, {"type": "Feature", "properties": {"filename": "DJI_20260508084858_0843_V.JPG", "camera": "v2 dji m3t 4000 3000 brown 0.6666", "focal": 0.7188884491448521, "width": 4000, "height": 3000, "capture_time": 1778230138.0, "translation": [342451.06484683056, 4703580.38551901, 26.594004956060704], "rotation": [2.306077759048456, 0.5473635360847741, -0.22884891129802226]}, "geometry": {"type": "Point", "coordinates": [-70.91645141693857, 42.468550707227216, 26.594004956060704]}}, {"type": "Feature", "properties": {"filename": "DJI_20260508085027_0970_V.JPG", "camera": "v2 dji m3t 4000 3000 brown 0.6666", "focal": 0.7188884491448521, "width": 4000, "height": 3000, "capture_time": 1778230227.0, "translation": [342498.34898048744, 4703570.54367811, 26.61613921709136], "rotation": [2.30157002454336, 0.5496123304345779, -0.23681609191042]}, "geometry": {"type": "Point", "coordinates": [-70.91587385502831, 42.468471735783474, 26.61613921709136]}}, {"type": "Feature", "properties": {"filename": "DJI_20260508085029_0973_V.JPG", "camera": "v2 dji m3t 4000 3000 brown 0.6666", "focal": 0.7188884491448521, "width": 4000, "height": 3000, "capture_time": 1778230229.0, "translation": [342504.78312422434, 4703558.107328524, 26.62147921748886], "rotation": [2.302291985558207, 0.5507472514201759, -0.236983747386837]}, "geometry": {"type": "Point", "coordinates": [-70.91579221698106, 42.46836110559042, 26.62147921748886]}}, {"type": "Feature", "properties": {"filename": "DJI_20260508085028_0972_V.JPG", "camera": "v2 dji m3t 4000 3000 brown 0.6666", "focal": 0.7188884491448521, "width": 4000, "height": 3000, "capture_time": 1778230228.0, "translation": [342502.6716314385, 4703562.330606439, 26.639412013871752], "rotation": [2.301771049428241, 0.5506775641220728, -0.23637213510204158]}, "geometry": {"type": "Point", "coordinates": [-70.91581904710577, 42.46839868960359, 26.639412013871752]}}, {"type": "Feature", "properties": {"filename": "DJI_20260508084002_0124_V.JPG", "camera": "v2 dji m3t 4000 3000 brown 0.6666", "focal": 0.7188884491448521, "width": 4000, "height": 3000, "capture_time": 1778229602.0, "translation": [342465.3398461395, 4703588.25002612, 26.50891060560696], "rotation": [-2.6484909982641573, 1.6530759033803046, -0.014443367341284276]}, "geometry": {"type": "Point", "coordinates": [-70.91628002780173, 42.46862439743753, 26.50891060560696]}}, {"type": "Feature", "properties": {"filename": "DJI_20260508085039_0987_V.JPG", "camera": "v2 dji m3t 4000 3000 brown 0.6666", "focal": 0.7188884491448521, "width": 4000, "height": 3000, "capture_time": 1778230239.0, "translation": [342512.21231133887, 4703557.228226032, 26.626047904403812], "rotation": [2.3118281382676487, 0.5524402882820191, -0.22943698987189992]}, "geometry": {"type": "Point", "coordinates": [-70.91570165511594, 42.468354703061046, 26.626047904403812]}}, {"type": "Feature", "properties": {"filename": "DJI_20260508084410_0455_V.JPG", "camera": "v2 dji m3t 4000 3000 brown 0.6666", "focal": 0.7188884491448521, "width": 4000, "height": 3000, "capture_time": 1778229850.0, "translation": [342435.7836099994, 4703595.310703494, 26.479733867039833], "rotation": [1.349656479397059, 2.213007104385661, -0.9041874106083724]}, "geometry": {"type": "Point", "coordinates": [-70.9166412992422, 42.468681939429, 26.479733867039833]}}, {"type": "Feature", "properties": {"filename": "DJI_20260508084744_0738_V.JPG", "camera": "v2 dji m3t 4000 3000 brown 0.6666", "focal": 0.7188884491448521, "width": 4000, "height": 3000, "capture_time": 1778230064.0, "translation": [342454.14328998997, 4703499.848965581, 26.63471834250486], "rotation": [2.309027891724866, 0.5526803420112966, -0.23275138879121035]}, "geometry": {"type": "Point", "coordinates": [-70.91639187066323, 42.467826433152055, 26.63471834250486]}}, {"type": "Feature", "properties": {"filename": "DJI_20260508085106_1025_V.JPG", "camera": "v2 dji m3t 4000 3000 brown 0.6666", "focal": 0.7188884491448521, "width": 4000, "height": 3000, "capture_time": 1778230266.0, "translation": [342526.1292853472, 4703557.767698283, 26.716223416555668], "rotation": [2.3137029476843103, 0.5544354359775596, -0.22705479378072138]}, "geometry": {"type": "Point", "coordinates": [-70.91553260731479, 42.468362387578146, 26.716223416555668]}}, {"type": "Feature", "properties": {"filename": "DJI_20260508084216_0314_V.JPG", "camera": "v2 dji m3t 4000 3000 brown 0.6666", "focal": 0.7188884491448521, "width": 4000, "height": 3000, "capture_time": 1778229736.0, "translation": [342458.3948842835, 4703633.868292738, 26.517061503109513], "rotation": [-1.67300341928383, -2.6352390512780346, 0.0017837437238983212]}, "geometry": {"type": "Point", "coordinates": [-70.91637699109906, 42.4690335898962, 26.517061503109513]}}, {"type": "Feature", "properties": {"filename": "DJI_20260508085833_1618_V.JPG", "camera": "v2 dji m3t 4000 3000 brown 0.6666", "focal": 0.7188884491448521, "width": 4000, "height": 3000, "capture_time": 1778230713.0, "translation": [342420.20915106917, 4703627.86734833, 26.64966196579003], "rotation": [0.6536534215954207, -2.6636339445528567, 1.0975918774601945]}, "geometry": {"type": "Point", "coordinates": [-70.91683959103796, 42.468971810305355, 26.64966196579003]}}, {"type": "Feature", "properties": {"filename": "DJI_20260508085106_1026_V.JPG", "camera": "v2 dji m3t 4000 3000 brown 0.6666", "focal": 0.7188884491448521, "width": 4000, "height": 3000, "capture_time": 1778230266.0, "translation": [342523.9573019435, 4703562.135903813, 26.628378952654923], "rotation": [2.3135776974347575, 0.5540730398586718, -0.2270014940247396]}, "geometry": {"type": "Point", "coordinates": [-70.91556021249158, 42.468401263837215, 26.628378952654923]}}, {"type": "Feature", "properties": {"filename": "DJI_20260508085057_1013_V.JPG", "camera": "v2 dji m3t 4000 3000 brown 0.6666", "focal": 0.7188884491448521, "width": 4000, "height": 3000, "capture_time": 1778230257.0, "translation": [342517.33338940213, 4703561.075480948, 26.646152493914872], "rotation": [2.304362552147538, 0.5545214341108848, -0.23796365217691515]}, "geometry": {"type": "Point", "coordinates": [-70.91564045176662, 42.46839037271399, 26.646152493914872]}}, {"type": "Feature", "properties": {"filename": "DJI_20260508085424_1283_V.JPG", "camera": "v2 dji m3t 4000 3000 brown 0.6666", "focal": 0.7188884491448521, "width": 4000, "height": 3000, "capture_time": 1778230464.0, "translation": [342439.9253296017, 4703603.536883737, 26.501586889392907], "rotation": [2.063684052825678, -1.2487858716987463, 0.5069873858890558]}, "geometry": {"type": "Point", "coordinates": [-70.91659320561088, 42.46875682459487, 26.501586889392907]}}, {"type": "Feature", "properties": {"filename": "DJI_20260508084457_0522_V.JPG", "camera": "v2 dji m3t 4000 3000 brown 0.6666", "focal": 0.7188884491448521, "width": 4000, "height": 3000, "capture_time": 1778229897.0, "translation": [342485.66863529186, 4703605.482780413, 26.51038481884101], "rotation": [1.3550876083622867, 2.207857306865888, -0.9114310341047475]}, "geometry": {"type": "Point", "coordinates": [-70.91603761141074, 42.468783640706654, 26.51038481884101]}}, {"type": "Feature", "properties": {"filename": "DJI_20260508084619_0638_V.JPG", "camera": "v2 dji m3t 4000 3000 brown 0.6666", "focal": 0.7188884491448521, "width": 4000, "height": 3000, "capture_time": 1778229979.0, "translation": [342527.0867948125, 4703598.216228411, 26.521452697155777], "rotation": [1.356233479383138, 2.2054144421315924, -0.9028015543866857]}, "geometry": {"type": "Point", "coordinates": [-70.91553207090863, 42.46872665483462, 26.521452697155777]}}, {"type": "Feature", "properties": {"filename": "DJI_20260508085615_1421_V.JPG", "camera": "v2 dji m3t 4000 3000 brown 0.6666", "focal": 0.7188884491448521, "width": 4000, "height": 3000, "capture_time": 1778230575.0, "translation": [342469.2188648749, 4703670.5946941655, 26.67365843931404], "rotation": [0.6676870731746425, -2.661661748198585, 1.0908188806164616]}, "geometry": {"type": "Point", "coordinates": [-70.91625548368238, 42.469366360825994, 26.67365843931404]}}, {"type": "Feature", "properties": {"filename": "DJI_20260508085403_1254_V.JPG", "camera": "v2 dji m3t 4000 3000 brown 0.6666", "focal": 0.7188884491448521, "width": 4000, "height": 3000, "capture_time": 1778230443.0, "translation": [342367.1221332966, 4703559.992276373, 26.56157551381151], "rotation": [2.0794644485637526, -1.2561738415774646, 0.49635066628593255]}, "geometry": {"type": "Point", "coordinates": [-70.91746635015147, 42.46835007579042, 26.56157551381151]}}, {"type": "Feature", "properties": {"filename": "DJI_20260508083853_0025_V.JPG", "camera": "v2 dji m3t 4000 3000 brown 0.6666", "focal": 0.7188884491448521, "width": 4000, "height": 3000, "capture_time": 1778229533.0, "translation": [342515.88804937224, 4703586.988891827, 26.41262624612998], "rotation": [-2.7372322594157334, 1.5138103444897484, -0.004674534679519182]}, "geometry": {"type": "Point", "coordinates": [-70.91566513815789, 42.46862332258737, 26.41262624612998]}}, {"type": "Feature", "properties": {"filename": "DJI_20260508084028_0160_V.JPG", "camera": "v2 dji m3t 4000 3000 brown 0.6666", "focal": 0.7188884491448521, "width": 4000, "height": 3000, "capture_time": 1778229628.0, "translation": [342412.18838394596, 4703568.742527387, 26.429614454827313], "rotation": [-1.6643174773521916, -2.6534831094165168, -0.01931801522550072]}, "geometry": {"type": "Point", "coordinates": [-70.91692086076199, 42.46843800352145, 26.429614454827313]}}, {"type": "Feature", "properties": {"filename": "DJI_20260508084645_0675_V.JPG", "camera": "v2 dji m3t 4000 3000 brown 0.6666", "focal": 0.7188884491448521, "width": 4000, "height": 3000, "capture_time": 1778230005.0, "translation": [342464.3329704572, 4703559.88582126, 26.46525926368205], "rotation": [1.3504116041707643, 2.2077138337201387, -0.9083259528336977]}, "geometry": {"type": "Point", "coordinates": [-70.91628447891173, 42.468368889820475, 26.46525926368205]}}, {"type": "Feature", "properties": {"filename": "DJI_20260508085040_0989_V.JPG", "camera": "v2 dji m3t 4000 3000 brown 0.6666", "focal": 0.7188884491448521, "width": 4000, "height": 3000, "capture_time": 1778230240.0, "translation": [342507.9179333074, 4703565.863826798, 26.633805893058437], "rotation": [2.3113537634132397, 0.552508438363885, -0.22899363266522132]}, "geometry": {"type": "Point", "coordinates": [-70.91575623514716, 42.46843155818447, 26.633805893058437]}}, {"type": "Feature", "properties": {"filename": "DJI_20260508084044_0184_V.JPG", "camera": "v2 dji m3t 4000 3000 brown 0.6666", "focal": 0.7188884491448521, "width": 4000, "height": 3000, "capture_time": 1778229644.0, "translation": [342475.89104140236, 4703607.52298246, 26.50403021666965], "rotation": [-2.657916361870222, 1.6504949630455998, 0.00971919917556506]}, "geometry": {"type": "Point", "coordinates": [-70.91615704378398, 42.46880001640221, 26.50403021666965]}}, {"type": "Feature", "properties": {"filename": "DJI_20260508085042_0991_V.JPG", "camera": "v2 dji m3t 4000 3000 brown 0.6666", "focal": 0.7188884491448521, "width": 4000, "height": 3000, "capture_time": 1778230242.0, "translation": [342503.72056075727, 4703574.31758617, 26.623317807476674], "rotation": [2.3101703536477936, 0.5522966364236982, -0.2292987029552835]}, "geometry": {"type": "Point", "coordinates": [-70.91580958603646, 42.46850679626423, 26.623317807476674]}}, {"type": "Feature", "properties": {"filename": "DJI_20260508084702_0678_V.JPG", "camera": "v2 dji m3t 4000 3000 brown 0.6666", "focal": 0.7188884491448521, "width": 4000, "height": 3000, "capture_time": 1778230022.0, "translation": [342404.79137073725, 4703546.8007737715, 26.4925290606498], "rotation": [2.310095572918448, 0.5546232426212124, -0.21575521510532644]}, "geometry": {"type": "Point", "coordinates": [-70.917004761759, 42.46823900385486, 26.4925290606498]}}, {"type": "Feature", "properties": {"filename": "DJI_20260508085054_1009_V.JPG", "camera": "v2 dji m3t 4000 3000 brown 0.6666", "focal": 0.7188884491448521, "width": 4000, "height": 3000, "capture_time": 1778230254.0, "translation": [342508.7892831983, 4703577.981766194, 26.61229750890473], "rotation": [2.3041067548562677, 0.5529978294155452, -0.23696300890220812]}, "geometry": {"type": "Point", "coordinates": [-70.9157489688556, 42.46854080749687, 26.61229750890473]}}, {"type": "Feature", "properties": {"filename": "DJI_20260508085036_0983_V.JPG", "camera": "v2 dji m3t 4000 3000 brown 0.6666", "focal": 0.7188884491448521, "width": 4000, "height": 3000, "capture_time": 1778230236.0, "translation": [342519.84927637083, 4703542.066038293, 26.661292363812006], "rotation": [2.3086999392607552, 0.551182228461421, -0.23340214972808762]}, "geometry": {"type": "Point", "coordinates": [-70.91560464586765, 42.46821978225964, 26.661292363812006]}}, {"type": "Feature", "properties": {"filename": "DJI_20260508085056_1012_V.JPG", "camera": "v2 dji m3t 4000 3000 brown 0.6666", "focal": 0.7188884491448521, "width": 4000, "height": 3000, "capture_time": 1778230256.0, "translation": [342515.1691952947, 4703565.361670443, 26.642777528495017], "rotation": [2.3038518423216097, 0.5540424838497593, -0.2382709691952834]}, "geometry": {"type": "Point", "coordinates": [-70.9156679398057, 42.46842851231161, 26.642777528495017]}}, {"type": "Feature", "properties": {"filename": "DJI_20260508085056_1011_V.JPG", "camera": "v2 dji m3t 4000 3000 brown 0.6666", "focal": 0.7188884491448521, "width": 4000, "height": 3000, "capture_time": 1778230256.0, "translation": [342513.0350305121, 4703569.626099056, 26.633445899598215], "rotation": [2.3042264604498137, 0.5537335214098821, -0.23765980175968063]}, "geometry": {"type": "Point", "coordinates": [-70.91569505682136, 42.468466462138586, 26.633445899598215]}}, {"type": "Feature", "properties": {"filename": "DJI_20260508085107_1027_V.JPG", "camera": "v2 dji m3t 4000 3000 brown 0.6666", "focal": 0.7188884491448521, "width": 4000, "height": 3000, "capture_time": 1778230267.0, "translation": [342521.7676520925, 4703566.4649734255, 26.647553312324174], "rotation": [2.31395556274312, 0.5536344474194139, -0.22701518327438247]}, "geometry": {"type": "Point", "coordinates": [-70.91558802173921, 42.46843978423986, 26.647553312324174]}}, {"type": "Feature", "properties": {"filename": "DJI_20260508085121_1047_V.JPG", "camera": "v2 dji m3t 4000 3000 brown 0.6666", "focal": 0.7188884491448521, "width": 4000, "height": 3000, "capture_time": 1778230281.0, "translation": [342526.4400852233, 4703570.88178083, 26.616112940918967], "rotation": [2.301767843148025, 0.5454783011389092, -0.2362417232335179]}, "geometry": {"type": "Point", "coordinates": [-70.915532429025, 42.46848048912368, 26.616112940918967]}}, {"type": "Feature", "properties": {"filename": "DJI_20260508084558_0609_V.JPG", "camera": "v2 dji m3t 4000 3000 brown 0.6666", "focal": 0.7188884491448521, "width": 4000, "height": 3000, "capture_time": 1778229958.0, "translation": [342495.45453464176, 4703589.301230039, 26.451959076145947], "rotation": [1.3478733072315792, 2.2086421991736866, -0.8961428856450915]}, "geometry": {"type": "Point", "coordinates": [-70.91591419501495, 42.46863998193091, 26.451959076145947]}}, {"type": "Feature", "properties": {"filename": "DJI_20260508085120_1046_V.JPG", "camera": "v2 dji m3t 4000 3000 brown 0.6666", "focal": 0.7188884491448521, "width": 4000, "height": 3000, "capture_time": 1778230280.0, "translation": [342524.30269616446, 4703574.855691913, 26.609445347447732], "rotation": [2.301264765290021, 0.5457493891300362, -0.23643797564979904]}, "geometry": {"type": "Point", "coordinates": [-70.91555950542431, 42.468515823412865, 26.609445347447732]}}, {"type": "Feature", "properties": {"filename": "DJI_20260508085831_1615_V.JPG", "camera": "v2 dji m3t 4000 3000 brown 0.6666", "focal": 0.7188884491448521, "width": 4000, "height": 3000, "capture_time": 1778230711.0, "translation": [342426.4921365551, 4703615.430980579, 26.60811477477208], "rotation": [0.6529560086645575, -2.663022387336736, 1.0984587989893375]}, "geometry": {"type": "Point", "coordinates": [-70.91675978835, 42.468861149950015, 26.60811477477208]}}, {"type": "Feature", "properties": {"filename": "DJI_20260508083903_0039_V.JPG", "camera": "v2 dji m3t 4000 3000 brown 0.6666", "focal": 0.7188884491448521, "width": 4000, "height": 3000, "capture_time": 1778229543.0, "translation": [342474.9546664847, 4703572.139379348, 26.46779995287856], "rotation": [-1.6398601552336138, -2.669948353287614, -0.025109110814090882]}, "geometry": {"type": "Point", "coordinates": [-70.9161587105591, 42.468481342335366, 26.46779995287856]}}, {"type": "Feature", "properties": {"filename": "DJI_20260508085108_1028_V.JPG", "camera": "v2 dji m3t 4000 3000 brown 0.6666", "focal": 0.7188884491448521, "width": 4000, "height": 3000, "capture_time": 1778230268.0, "translation": [342519.7472334262, 4703570.5194010725, 26.681730886956117], "rotation": [2.3136883463961855, 0.5536070398145913, -0.22687821854294024]}, "geometry": {"type": "Point", "coordinates": [-70.91561369818379, 42.46847586701197, 26.681730886956117]}}, {"type": "Feature", "properties": {"filename": "DJI_20260508085146_1058_V.JPG", "camera": "v2 dji m3t 4000 3000 brown 0.6666", "focal": 0.7188884491448521, "width": 4000, "height": 3000, "capture_time": 1778230306.0, "translation": [342476.93880582013, 4703565.992974757, 26.437015829018296], "rotation": [2.067115965995705, -1.256249722751883, 0.5253410802051256]}, "geometry": {"type": "Point", "coordinates": [-70.91613290037012, 42.46842642267427, 26.437015829018296]}}, {"type": "Feature", "properties": {"filename": "DJI_20260508085149_1062_V.JPG", "camera": "v2 dji m3t 4000 3000 brown 0.6666", "focal": 0.7188884491448521, "width": 4000, "height": 3000, "capture_time": 1778230309.0, "translation": [342469.9893385045, 4703562.375324253, 26.51609978629694], "rotation": [2.0641378881631938, -1.2580473042792915, 0.5228987254862483]}, "geometry": {"type": "Point", "coordinates": [-70.91621639520663, 42.46839244764997, 26.51609978629694]}}, {"type": "Feature", "properties": {"filename": "DJI_20260508084924_0880_V.JPG", "camera": "v2 dji m3t 4000 3000 brown 0.6666", "focal": 0.7188884491448521, "width": 4000, "height": 3000, "capture_time": 1778230164.0, "translation": [342456.96555940184, 4703588.354104119, 26.551523381291304], "rotation": [2.3078880390695433, 0.5526449637613788, -0.23313316667377362]}, "geometry": {"type": "Point", "coordinates": [-70.91638186734588, 42.46862363141658, 26.551523381291304]}}, {"type": "Feature", "properties": {"filename": "DJI_20260508085055_1010_V.JPG", "camera": "v2 dji m3t 4000 3000 brown 0.6666", "focal": 0.7188884491448521, "width": 4000, "height": 3000, "capture_time": 1778230255.0, "translation": [342510.9585700727, 4703573.710691653, 26.62138690259963], "rotation": [2.3040566791563064, 0.5532243823944057, -0.23738167031546265]}, "geometry": {"type": "Point", "coordinates": [-70.9157214229508, 42.46850280500457, 26.62138690259963]}}, {"type": "Feature", "properties": {"filename": "DJI_20260508085100_1017_V.JPG", "camera": "v2 dji m3t 4000 3000 brown 0.6666", "focal": 0.7188884491448521, "width": 4000, "height": 3000, "capture_time": 1778230260.0, "translation": [342525.91342174966, 4703544.94501323, 26.634684776362953], "rotation": [2.3081551036000794, 0.5555000288511794, -0.2385810688777311]}, "geometry": {"type": "Point", "coordinates": [-70.91553171142236, 42.468246928162316, 26.634684776362953]}}, {"type": "Feature", "properties": {"filename": "DJI_20260508084742_0735_V.JPG", "camera": "v2 dji m3t 4000 3000 brown 0.6666", "focal": 0.7188884491448521, "width": 4000, "height": 3000, "capture_time": 1778230062.0, "translation": [342448.78179795103, 4703502.079159834, 26.65260509631514], "rotation": [2.3078057082615717, 0.5511712312237841, -0.23575701446890707]}, "geometry": {"type": "Point", "coordinates": [-70.91645766508333, 42.4678454166352, 26.65260509631514]}}, {"type": "Feature", "properties": {"filename": "DJI_20260508085659_1483_V.JPG", "camera": "v2 dji m3t 4000 3000 brown 0.6666", "focal": 0.7188884491448521, "width": 4000, "height": 3000, "capture_time": 1778230619.0, "translation": [342472.50191869464, 4703621.779426185, 26.631836770491766], "rotation": [0.6667887870033509, -2.674267576882554, 1.0869823911910226]}, "geometry": {"type": "Point", "coordinates": [-70.91620216270451, 42.46892764789426, 26.631836770491766]}}, {"type": "Feature", "properties": {"filename": "DJI_20260508084444_0503_V.JPG", "camera": "v2 dji m3t 4000 3000 brown 0.6666", "focal": 0.7188884491448521, "width": 4000, "height": 3000, "capture_time": 1778229884.0, "translation": [342461.0012469236, 4703600.109241414, 26.374661446447455], "rotation": [1.3406128872683125, 2.214816630638115, -0.9059514028660732]}, "geometry": {"type": "Point", "coordinates": [-70.91633603177402, 42.46873025864601, 26.374661446447455]}}, {"type": "Feature", "properties": {"filename": "DJI_20260508085108_1029_V.JPG", "camera": "v2 dji m3t 4000 3000 brown 0.6666", "focal": 0.7188884491448521, "width": 4000, "height": 3000, "capture_time": 1778230268.0, "translation": [342517.6122905652, 4703574.74676246, 26.653959555890367], "rotation": [2.313193926133766, 0.5533415072375768, -0.22669624927632995]}, "geometry": {"type": "Point", "coordinates": [-70.91564081447132, 42.468513483055695, 26.653959555890367]}}, {"type": "Feature", "properties": {"filename": "DJI_20260508083939_0090_V.JPG", "camera": "v2 dji m3t 4000 3000 brown 0.6666", "focal": 0.7188884491448521, "width": 4000, "height": 3000, "capture_time": 1778229579.0, "translation": [342482.01421310444, 4703589.506584053, 26.482208468230425], "rotation": [-1.662201021905836, -2.651141654984803, -0.005193426931536359]}, "geometry": {"type": "Point", "coordinates": [-70.91607765309895, 42.46863909784077, 26.482208468230425]}}, {"type": "Feature", "properties": {"filename": "DJI_20260508084837_0813_V.JPG", "camera": "v2 dji m3t 4000 3000 brown 0.6666", "focal": 0.7188884491448521, "width": 4000, "height": 3000, "capture_time": 1778230117.0, "translation": [342462.1021246086, 4703530.795475453, 26.572202302778685], "rotation": [2.3022936044991105, 0.5485814789923215, -0.23168770657899418]}, "geometry": {"type": "Point", "coordinates": [-70.91630361097421, 42.468106597409864, 26.572202302778685]}}, {"type": "Feature", "properties": {"filename": "DJI_20260508085024_0965_V.JPG", "camera": "v2 dji m3t 4000 3000 brown 0.6666", "focal": 0.7188884491448521, "width": 4000, "height": 3000, "capture_time": 1778230224.0, "translation": [342487.765929102, 4703591.676708367, 26.64126640025534], "rotation": [2.300071521411678, 0.548054571265608, -0.23399466636885563]}, "geometry": {"type": "Point", "coordinates": [-70.91600832211932, 42.4686598002479, 26.64126640025534]}}, {"type": "Feature", "properties": {"filename": "DJI_20260508085110_1031_V.JPG", "camera": "v2 dji m3t 4000 3000 brown 0.6666", "focal": 0.7188884491448521, "width": 4000, "height": 3000, "capture_time": 1778230270.0, "translation": [342513.2327288757, 4703583.392976251, 26.613563377338238], "rotation": [2.31222020192751, 0.5526296272507777, -0.22658930802736205]}, "geometry": {"type": "Point", "coordinates": [-70.9156964331141, 42.46859041641608, 26.613563377338238]}}, {"type": "Feature", "properties": {"filename": "DJI_20260508085110_1032_V.JPG", "camera": "v2 dji m3t 4000 3000 brown 0.6666", "focal": 0.7188884491448521, "width": 4000, "height": 3000, "capture_time": 1778230270.0, "translation": [342511.2130696986, 4703587.370076725, 26.614351700518036], "rotation": [2.3115505880581027, 0.5524929494282202, -0.22673979098727468]}, "geometry": {"type": "Point", "coordinates": [-70.91572207922007, 42.46862580330184, 26.614351700518036]}}, {"type": "Feature", "properties": {"filename": "DJI_20260508085801_1572_V.JPG", "camera": "v2 dji m3t 4000 3000 brown 0.6666", "focal": 0.7188884491448521, "width": 4000, "height": 3000, "capture_time": 1778230681.0, "translation": [342442.76642871083, 4703611.159328001, 26.621539932416233], "rotation": [0.6550916596837005, -2.664045150170742, 1.0965695685178178]}, "geometry": {"type": "Point", "coordinates": [-70.91656075846164, 42.4688260110884, 26.621539932416233]}}, {"type": "Feature", "properties": {"filename": "DJI_20260508085111_1033_V.JPG", "camera": "v2 dji m3t 4000 3000 brown 0.6666", "focal": 0.7188884491448521, "width": 4000, "height": 3000, "capture_time": 1778230271.0, "translation": [342508.90744234, 4703591.914889292, 26.60102657248164], "rotation": [2.3109836255429212, 0.5522776260151103, -0.22675980113778096]}, "geometry": {"type": "Point", "coordinates": [-70.91575135791204, 42.46866624196184, 26.60102657248164]}}, {"type": "Feature", "properties": {"filename": "DJI_20260508084955_0925_V.JPG", "camera": "v2 dji m3t 4000 3000 brown 0.6666", "focal": 0.7188884491448521, "width": 4000, "height": 3000, "capture_time": 1778230195.0, "translation": [342476.0631779857, 4703587.030382342, 26.602684710227493], "rotation": [2.3027476500573747, 0.5472379736261946, -0.23680509768377084]}, "geometry": {"type": "Point", "coordinates": [-70.91614932321087, 42.46861559990017, 26.602684710227493]}}, {"type": "Feature", "properties": {"filename": "DJI_20260508084557_0607_V.JPG", "camera": "v2 dji m3t 4000 3000 brown 0.6666", "focal": 0.7188884491448521, "width": 4000, "height": 3000, "capture_time": 1778229957.0, "translation": [342504.0392166748, 4703593.672649229, 26.440115832614353], "rotation": [1.3484509576477732, 2.2105311585151703, -0.8960188445674757]}, "geometry": {"type": "Point", "coordinates": [-70.9158110263945, 42.46868107374263, 26.440115832614353]}}, {"type": "Feature", "properties": {"filename": "DJI_20260508085201_1080_V.JPG", "camera": "v2 dji m3t 4000 3000 brown 0.6666", "focal": 0.7188884491448521, "width": 4000, "height": 3000, "capture_time": 1778230321.0, "translation": [342393.60050406895, 4703524.272620071, 26.582325864266316], "rotation": [2.079265009309542, -1.25282013269098, 0.5005548088275862]}, "geometry": {"type": "Point", "coordinates": [-70.91713462470604, 42.468033954272556, 26.582325864266316]}}, {"type": "Feature", "properties": {"filename": "DJI_20260508085114_1037_V.JPG", "camera": "v2 dji m3t 4000 3000 brown 0.6666", "focal": 0.7188884491448521, "width": 4000, "height": 3000, "capture_time": 1778230274.0, "translation": [342504.9285988617, 4703601.851420586, 26.59561289083274], "rotation": [2.3077422697914165, 0.5504531801982379, -0.23004046229889297]}, "geometry": {"type": "Point", "coordinates": [-70.91580245935171, 42.46875487071992, 26.59561289083274]}}, {"type": "Feature", "properties": {"filename": "DJI_20260508085723_1517_V.JPG", "camera": "v2 dji m3t 4000 3000 brown 0.6666", "focal": 0.7188884491448521, "width": 4000, "height": 3000, "capture_time": 1778230643.0, "translation": [342448.8804167656, 4703640.67722554, 26.63462652532899], "rotation": [0.6639977546982628, -2.675974791110585, 1.0886511041539562]}, "geometry": {"type": "Point", "coordinates": [-70.91649453489617, 42.4690929415121, 26.63462652532899]}}, {"type": "Feature", "properties": {"filename": "DJI_20260508083904_0041_V.JPG", "camera": "v2 dji m3t 4000 3000 brown 0.6666", "focal": 0.7188884491448521, "width": 4000, "height": 3000, "capture_time": 1778229544.0, "translation": [342466.45698260627, 4703567.920291583, 26.46036450998479], "rotation": [-1.6419251613123247, -2.6726352882710835, -0.025547725537627297]}, "geometry": {"type": "Point", "coordinates": [-70.91626086277041, 42.46844163902699, 26.46036450998479]}}, {"type": "Feature", "properties": {"filename": "DJI_20260508084532_0571_V.JPG", "camera": "v2 dji m3t 4000 3000 brown 0.6666", "focal": 0.7188884491448521, "width": 4000, "height": 3000, "capture_time": 1778229932.0, "translation": [342467.36514450004, 4703582.268817953, 26.432583926736314], "rotation": [1.3486008817314117, 2.204823489145415, -0.9082442171893578]}, "geometry": {"type": "Point", "coordinates": [-70.91625376242047, 42.46857097309089, 26.432583926736314]}}, {"type": "Feature", "properties": {"filename": "DJI_20260508085113_1036_V.JPG", "camera": "v2 dji m3t 4000 3000 brown 0.6666", "focal": 0.7188884491448521, "width": 4000, "height": 3000, "capture_time": 1778230273.0, "translation": [342505.21845612506, 4703601.022443859, 26.566744958581957], "rotation": [2.3087142584663876, 0.5511778079195485, -0.22821558158016444]}, "geometry": {"type": "Point", "coordinates": [-70.91579870776683, 42.46874746811867, 26.566744958581957]}}, {"type": "Feature", "properties": {"filename": "DJI_20260508085504_1341_V.JPG", "camera": "v2 dji m3t 4000 3000 brown 0.6666", "focal": 0.7188884491448521, "width": 4000, "height": 3000, "capture_time": 1778230504.0, "translation": [342429.60625677655, 4703612.375878185, 26.486073935435485], "rotation": [2.0630898193103904, -1.2560023123082629, 0.5064382383800584]}, "geometry": {"type": "Point", "coordinates": [-70.91672108882368, 42.46883428469864, 26.486073935435485]}}, {"type": "Feature", "properties": {"filename": "DJI_20260508085113_1035_V.JPG", "camera": "v2 dji m3t 4000 3000 brown 0.6666", "focal": 0.7188884491448521, "width": 4000, "height": 3000, "capture_time": 1778230273.0, "translation": [342505.6609450182, 4703599.230296311, 26.675549453360173], "rotation": [2.309025461832457, 0.5512668109435662, -0.2279552706232697]}, "geometry": {"type": "Point", "coordinates": [-70.91579283608682, 42.46873142715467, 26.675549453360173]}}, {"type": "Feature", "properties": {"filename": "DJI_20260508085306_1172_V.JPG", "camera": "v2 dji m3t 4000 3000 brown 0.6666", "focal": 0.7188884491448521, "width": 4000, "height": 3000, "capture_time": 1778230386.0, "translation": [342450.24128061085, 4703580.541027801, 26.501497990822543], "rotation": [2.0676793259907686, -1.2526511044736948, 0.5048958121863252]}, "geometry": {"type": "Point", "coordinates": [-70.91646147220177, 42.468551939470046, 26.501497990822543]}}, {"type": "Feature", "properties": {"filename": "DJI_20260508085115_1039_V.JPG", "camera": "v2 dji m3t 4000 3000 brown 0.6666", "focal": 0.7188884491448521, "width": 4000, "height": 3000, "capture_time": 1778230275.0, "translation": [342507.2731018629, 4703599.792101684, 26.527712890894158], "rotation": [2.306740395749828, 0.5491158520850443, -0.23086616919646927]}, "geometry": {"type": "Point", "coordinates": [-70.9157733903969, 42.46873681162084, 26.527712890894158]}}, {"type": "Feature", "properties": {"filename": "DJI_20260508083854_0026_V.JPG", "camera": "v2 dji m3t 4000 3000 brown 0.6666", "focal": 0.7188884491448521, "width": 4000, "height": 3000, "capture_time": 1778229534.0, "translation": [342516.77503062354, 4703589.575898378, 26.436717295676207], "rotation": [-3.064805232038694, 0.6589545917542828, 0.0025494955010247097]}, "geometry": {"type": "Point", "coordinates": [-70.91565506489263, 42.46864678823264, 26.436717295676207]}}, {"type": "Feature", "properties": {"filename": "DJI_20260508085155_1071_V.JPG", "camera": "v2 dji m3t 4000 3000 brown 0.6666", "focal": 0.7188884491448521, "width": 4000, "height": 3000, "capture_time": 1778230315.0, "translation": [342431.79543158977, 4703543.355251369, 26.623621598578147], "rotation": [2.0705704059494496, -1.2599025116968126, 0.5091089583000292]}, "geometry": {"type": "Point", "coordinates": [-70.91667551367955, 42.468213483501955, 26.623621598578147]}}, {"type": "Feature", "properties": {"filename": "DJI_20260508083951_0107_V.JPG", "camera": "v2 dji m3t 4000 3000 brown 0.6666", "focal": 0.7188884491448521, "width": 4000, "height": 3000, "capture_time": 1778229591.0, "translation": [342412.00812639133, 4703555.965588885, 26.417698706242813], "rotation": [-1.8561003061670442, -2.5238935143377814, -0.020898734900296874]}, "geometry": {"type": "Point", "coordinates": [-70.91691954199838, 42.46832296317052, 26.417698706242813]}}, {"type": "Feature", "properties": {"filename": "DJI_20260508085112_1034_V.JPG", "camera": "v2 dji m3t 4000 3000 brown 0.6666", "focal": 0.7188884491448521, "width": 4000, "height": 3000, "capture_time": 1778230272.0, "translation": [342507.0592585719, 4703595.622341267, 26.63531130943705], "rotation": [2.3099696616753893, 0.5521641629570473, -0.22706504002769218]}, "geometry": {"type": "Point", "coordinates": [-70.91577484531592, 42.46869923661593, 26.63531130943705]}}, {"type": "Feature", "properties": {"filename": "DJI_20260508085445_1314_V.JPG", "camera": "v2 dji m3t 4000 3000 brown 0.6666", "focal": 0.7188884491448521, "width": 4000, "height": 3000, "capture_time": 1778230485.0, "translation": [342372.5544171211, 4703576.834557463, 26.568235979197727], "rotation": [2.08239099296978, -1.2625300082101947, 0.5030572830972965]}, "geometry": {"type": "Point", "coordinates": [-70.91740493542592, 42.468502776314374, 26.568235979197727]}}, {"type": "Feature", "properties": {"filename": "DJI_20260508085046_0997_V.JPG", "camera": "v2 dji m3t 4000 3000 brown 0.6666", "focal": 0.7188884491448521, "width": 4000, "height": 3000, "capture_time": 1778230246.0, "translation": [342491.3118752035, 4703599.329577687, 26.642572067247666], "rotation": [2.3081799183191207, 0.5506314132768225, -0.2306402438279051]}, "geometry": {"type": "Point", "coordinates": [-70.91596731347926, 42.46872940373711, 26.642572067247666]}}, {"type": "Feature", "properties": {"filename": "DJI_20260508084442_0500_V.JPG", "camera": "v2 dji m3t 4000 3000 brown 0.6666", "focal": 0.7188884491448521, "width": 4000, "height": 3000, "capture_time": 1778229882.0, "translation": [342473.9073943444, 4703606.54660475, 26.395916362013395], "rotation": [1.339806760024539, 2.216180927943351, -0.9065497236433772]}, "geometry": {"type": "Point", "coordinates": [-70.91618089203365, 42.46879082482167, 26.395916362013395]}}, {"type": "Feature", "properties": {"filename": "DJI_20260508085159_1077_V.JPG", "camera": "v2 dji m3t 4000 3000 brown 0.6666", "focal": 0.7188884491448521, "width": 4000, "height": 3000, "capture_time": 1778230319.0, "translation": [342406.4925556554, 4703530.689252497, 26.627757564639136], "rotation": [2.076628338383598, -1.254290713545425, 0.5015311165260169]}, "geometry": {"type": "Point", "coordinates": [-70.9169796531454, 42.46809433202329, 26.627757564639136]}}, {"type": "Feature", "properties": {"filename": "DJI_20260508085355_1242_V.JPG", "camera": "v2 dji m3t 4000 3000 brown 0.6666", "focal": 0.7188884491448521, "width": 4000, "height": 3000, "capture_time": 1778230435.0, "translation": [342381.9803252095, 4703560.5033878535, 26.594746017586107], "rotation": [2.0712087806016393, -1.257713931634291, 0.5010696663211758]}, "geometry": {"type": "Point", "coordinates": [-70.91728585201514, 42.468357699116154, 26.594746017586107]}}, {"type": "Feature", "properties": {"filename": "DJI_20260508085116_1040_V.JPG", "camera": "v2 dji m3t 4000 3000 brown 0.6666", "focal": 0.7188884491448521, "width": 4000, "height": 3000, "capture_time": 1778230276.0, "translation": [342508.7870628272, 4703597.762348151, 26.553181016618595], "rotation": [2.303213672531057, 0.5475569290674438, -0.23336309262352664]}, "geometry": {"type": "Point", "coordinates": [-70.91575442696629, 42.468718849798286, 26.553181016618595]}}, {"type": "Feature", "properties": {"filename": "DJI_20260508085831_1614_V.JPG", "camera": "v2 dji m3t 4000 3000 brown 0.6666", "focal": 0.7188884491448521, "width": 4000, "height": 3000, "capture_time": 1778230711.0, "translation": [342428.5577323511, 4703611.374761881, 26.584222089140514], "rotation": [0.6532232929227538, -2.663138600595014, 1.09814226774847]}, "geometry": {"type": "Point", "coordinates": [-70.91673356135286, 42.46882506052062, 26.584222089140514]}}, {"type": "Feature", "properties": {"filename": "DJI_20260508084932_0892_V.JPG", "camera": "v2 dji m3t 4000 3000 brown 0.6666", "focal": 0.7188884491448521, "width": 4000, "height": 3000, "capture_time": 1778230172.0, "translation": [342479.99996503576, 4703551.278035995, 26.608025423820322], "rotation": [2.3024391426178776, 0.5534469747475369, -0.2372876834252479]}, "geometry": {"type": "Point", "coordinates": [-70.91609164329611, 42.468294597594806, 26.608025423820322]}}, {"type": "Feature", "properties": {"filename": "DJI_20260508083925_0071_V.JPG", "camera": "v2 dji m3t 4000 3000 brown 0.6666", "focal": 0.7188884491448521, "width": 4000, "height": 3000, "capture_time": 1778229565.0, "translation": [342480.79709206807, 4703581.985998949, 26.447201793625336], "rotation": [-2.6571058170615083, 1.6406112734947231, -0.017306100129824694]}, "geometry": {"type": "Point", "coordinates": [-70.91609038505933, 42.46857115847285, 26.447201793625336]}}, {"type": "Feature", "properties": {"filename": "DJI_20260508083939_0091_V.JPG", "camera": "v2 dji m3t 4000 3000 brown 0.6666", "focal": 0.7188884491448521, "width": 4000, "height": 3000, "capture_time": 1778229579.0, "translation": [342477.9207075815, 4703587.484892596, 26.48363868780552], "rotation": [-1.6618087636529244, -2.6511531712753276, -0.007522575850853868]}, "geometry": {"type": "Point", "coordinates": [-70.91612686498762, 42.46862006856322, 26.48363868780552]}}, {"type": "Feature", "properties": {"filename": "DJI_20260508085117_1041_V.JPG", "camera": "v2 dji m3t 4000 3000 brown 0.6666", "focal": 0.7188884491448521, "width": 4000, "height": 3000, "capture_time": 1778230277.0, "translation": [342511.0122140352, 4703594.723307868, 26.56528017828184], "rotation": [2.3025780689262008, 0.5469135183524897, -0.23502368578085744]}, "geometry": {"type": "Point", "coordinates": [-70.91572654007437, 42.46869194806514, 26.56528017828184]}}, {"type": "Feature", "properties": {"filename": "DJI_20260508083842_0009_V.JPG", "camera": "v2 dji m3t 4000 3000 brown 0.6666", "focal": 0.7188884491448521, "width": 4000, "height": 3000, "capture_time": 1778229522.0, "translation": [342450.12924884516, 4703552.37753232, 26.52895894177972], "rotation": [-2.6663556131108046, 1.624524714925024, -0.00427677269786867]}, "geometry": {"type": "Point", "coordinates": [-70.91645509863869, 42.46829842038663, 26.52895894177972]}}, {"type": "Feature", "properties": {"filename": "DJI_20260508083927_0074_V.JPG", "camera": "v2 dji m3t 4000 3000 brown 0.6666", "focal": 0.7188884491448521, "width": 4000, "height": 3000, "capture_time": 1778229567.0, "translation": [342493.41139536386, 4703588.290785436, 26.466459566109975], "rotation": [-2.6617811600952304, 1.6440031794916785, -0.007095112619386022]}, "geometry": {"type": "Point", "coordinates": [-70.91593875716843, 42.46863047167441, 26.466459566109975]}}, {"type": "Feature", "properties": {"filename": "DJI_20260508083928_0075_V.JPG", "camera": "v2 dji m3t 4000 3000 brown 0.6666", "focal": 0.7188884491448521, "width": 4000, "height": 3000, "capture_time": 1778229568.0, "translation": [342497.6611247797, 4703590.426686999, 26.460754954219293], "rotation": [-2.663433971391807, 1.645334736758487, -0.004571411110436296]}, "geometry": {"type": "Point", "coordinates": [-70.91588767726864, 42.468650560623445, 26.460754954219293]}}, {"type": "Feature", "properties": {"filename": "DJI_20260508083929_0076_V.JPG", "camera": "v2 dji m3t 4000 3000 brown 0.6666", "focal": 0.7188884491448521, "width": 4000, "height": 3000, "capture_time": 1778229569.0, "translation": [342502.45833707077, 4703592.822575292, 26.454524047026915], "rotation": [-2.6652973282320884, 1.6461624478295243, -0.0017977056196002519]}, "geometry": {"type": "Point", "coordinates": [-70.91583001265556, 42.468673100956444, 26.454524047026915]}}, {"type": "Feature", "properties": {"filename": "DJI_20260508083930_0078_V.JPG", "camera": "v2 dji m3t 4000 3000 brown 0.6666", "focal": 0.7188884491448521, "width": 4000, "height": 3000, "capture_time": 1778229570.0, "translation": [342509.9576896609, 4703596.84859766, 26.45346558965986], "rotation": [-2.6677636651675347, 1.648001009133453, -0.0003200903206135549]}, "geometry": {"type": "Point", "coordinates": [-70.91573994407884, 42.46871086319627, 26.45346558965986]}}, {"type": "Feature", "properties": {"filename": "DJI_20260508084016_0144_V.JPG", "camera": "v2 dji m3t 4000 3000 brown 0.6666", "focal": 0.7188884491448521, "width": 4000, "height": 3000, "capture_time": 1778229616.0, "translation": [342479.8977604109, 4703602.405463124, 26.463180510182248], "rotation": [-1.6639905249608413, -2.648542403477738, 0.0009303627696077406]}, "geometry": {"type": "Point", "coordinates": [-70.91610692630775, 42.468754768846196, 26.463180510182248]}}, {"type": "Feature", "properties": {"filename": "DJI_20260508083936_0086_V.JPG", "camera": "v2 dji m3t 4000 3000 brown 0.6666", "focal": 0.7188884491448521, "width": 4000, "height": 3000, "capture_time": 1778229576.0, "translation": [342499.0883954363, 4703597.950538988, 26.409983267469702], "rotation": [-1.6783376454573415, -2.6404829408836745, -0.0015533349250094917]}, "geometry": {"type": "Point", "coordinates": [-70.9158723910594, 42.46871857209889, 26.409983267469702]}}, {"type": "Feature", "properties": {"filename": "DJI_20260508085726_1521_V.JPG", "camera": "v2 dji m3t 4000 3000 brown 0.6666", "focal": 0.7188884491448521, "width": 4000, "height": 3000, "capture_time": 1778230646.0, "translation": [342457.35919559025, 4703623.782313705, 26.63842624459604], "rotation": [0.662672350705056, -2.6750072710257147, 1.0893296079118977]}, "geometry": {"type": "Point", "coordinates": [-70.91638681239395, 42.46894259659082, 26.63842624459604]}}, {"type": "Feature", "properties": {"filename": "DJI_20260508083932_0081_V.JPG", "camera": "v2 dji m3t 4000 3000 brown 0.6666", "focal": 0.7188884491448521, "width": 4000, "height": 3000, "capture_time": 1778229572.0, "translation": [342512.465610739, 4703602.013427335, 26.429795041525335], "rotation": [3.091415098800652, 0.554763764965448, -0.0027778558100685965]}, "geometry": {"type": "Point", "coordinates": [-70.91571087187695, 42.46875786103338, 26.429795041525335]}}, {"type": "Feature", "properties": {"filename": "DJI_20260508085809_1583_V.JPG", "camera": "v2 dji m3t 4000 3000 brown 0.6666", "focal": 0.7188884491448521, "width": 4000, "height": 3000, "capture_time": 1778230689.0, "translation": [342419.3793751408, 4703657.5924811, 26.63931440177952], "rotation": [0.661935364824603, -2.6623904259903766, 1.097930213360238]}, "geometry": {"type": "Point", "coordinates": [-70.91685784554964, 42.46923919385456, 26.63931440177952]}}, {"type": "Feature", "properties": {"filename": "DJI_20260508084200_0292_V.JPG", "camera": "v2 dji m3t 4000 3000 brown 0.6666", "focal": 0.7188884491448521, "width": 4000, "height": 3000, "capture_time": 1778229720.0, "translation": [342437.36197565903, 4703616.3241019705, 26.506160170230526], "rotation": [-2.6393122604718147, 1.6703241894376923, -0.005070064488772784]}, "geometry": {"type": "Point", "coordinates": [-70.9166278824075, 42.46887139951374, 26.506160170230526]}}, {"type": "Feature", "properties": {"filename": "DJI_20260508085021_0962_V.JPG", "camera": "v2 dji m3t 4000 3000 brown 0.6666", "focal": 0.7188884491448521, "width": 4000, "height": 3000, "capture_time": 1778230221.0, "translation": [342483.2656876221, 4703599.654252041, 26.634291438307987], "rotation": [2.3029858302330997, 0.5484537836830395, -0.23096986152710594]}, "geometry": {"type": "Point", "coordinates": [-70.91606522489148, 42.468730690258944, 26.634291438307987]}}, {"type": "Feature", "properties": {"filename": "DJI_20260508083933_0082_V.JPG", "camera": "v2 dji m3t 4000 3000 brown 0.6666", "focal": 0.7188884491448521, "width": 4000, "height": 3000, "capture_time": 1778229573.0, "translation": [342510.7460691679, 4703602.9264914505, 26.432099734326137], "rotation": [2.889071384504985, 1.2330006448131146, -0.0014739669775314813]}, "geometry": {"type": "Point", "coordinates": [-70.915732028069, 42.468765729880154, 26.432099734326137]}}, {"type": "Feature", "properties": {"filename": "DJI_20260508084556_0606_V.JPG", "camera": "v2 dji m3t 4000 3000 brown 0.6666", "focal": 0.7188884491448521, "width": 4000, "height": 3000, "capture_time": 1778229956.0, "translation": [342508.14295635483, 4703595.7457411, 26.421152105137935], "rotation": [1.3489560886495386, 2.211417598291447, -0.8957436160940812]}, "geometry": {"type": "Point", "coordinates": [-70.9157617040484, 42.468700567616786, 26.421152105137935]}}, {"type": "Feature", "properties": {"filename": "DJI_20260508084555_0605_V.JPG", "camera": "v2 dji m3t 4000 3000 brown 0.6666", "focal": 0.7188884491448521, "width": 4000, "height": 3000, "capture_time": 1778229955.0, "translation": [342512.418916349, 4703597.902766236, 26.452446680479685], "rotation": [1.349329223142754, 2.2118624679797696, -0.8962612044019147]}, "geometry": {"type": "Point", "coordinates": [-70.91571031093198, 42.46872085195173, 26.452446680479685]}}, {"type": "Feature", "properties": {"filename": "DJI_20260508084319_0382_V.JPG", "camera": "v2 dji m3t 4000 3000 brown 0.6666", "focal": 0.7188884491448521, "width": 4000, "height": 3000, "capture_time": 1778229799.0, "translation": [342478.0968353807, 4703636.713254335, 26.484662557337586], "rotation": [1.3424019348089526, 2.2208736343234343, -0.8984628143279678]}, "geometry": {"type": "Point", "coordinates": [-70.91613824301723, 42.46906320310407, 26.484662557337586]}}, {"type": "Feature", "properties": {"filename": "DJI_20260508084439_0496_V.JPG", "camera": "v2 dji m3t 4000 3000 brown 0.6666", "focal": 0.7188884491448521, "width": 4000, "height": 3000, "capture_time": 1778229879.0, "translation": [342490.7716465014, 4703615.056614416, 26.423739524948672], "rotation": [1.3382627709948445, 2.218216177989767, -0.902117403137389]}, "geometry": {"type": "Point", "coordinates": [-70.91597820003219, 42.46887085114185, 26.423739524948672]}}, {"type": "Feature", "properties": {"filename": "DJI_20260508084639_0667_V.JPG", "camera": "v2 dji m3t 4000 3000 brown 0.6666", "focal": 0.7188884491448521, "width": 4000, "height": 3000, "capture_time": 1778229999.0, "translation": [342481.43265991466, 4703568.346037173, 26.4681607860699], "rotation": [1.3464399920048775, 2.208439585698145, -0.9037056057136598]}, "geometry": {"type": "Point", "coordinates": [-70.91607891238006, 42.4684485159789, 26.4681607860699]}}, {"type": "Feature", "properties": {"filename": "DJI_20260508084611_0627_V.JPG", "camera": "v2 dji m3t 4000 3000 brown 0.6666", "focal": 0.7188884491448521, "width": 4000, "height": 3000, "capture_time": 1778229971.0, "translation": [342480.9194000611, 4703575.055486536, 26.431479469812114], "rotation": [1.351664240088395, 2.1996912119830467, -0.9120786772357599]}, "geometry": {"type": "Point", "coordinates": [-70.9160869948673, 42.4685088026024, 26.431479469812114]}}, {"type": "Feature", "properties": {"filename": "DJI_20260508084007_0131_V.JPG", "camera": "v2 dji m3t 4000 3000 brown 0.6666", "focal": 0.7188884491448521, "width": 4000, "height": 3000, "capture_time": 1778229607.0, "translation": [342494.75535572733, 4703603.021925926, 26.448379180289116], "rotation": [-2.654494973055747, 1.6569529757894652, 0.0034743140247678246]}, "geometry": {"type": "Point", "coordinates": [-70.91592646294863, 42.46876333818972, 26.448379180289116]}}, {"type": "Feature", "properties": {"filename": "DJI_20260508084445_0504_V.JPG", "camera": "v2 dji m3t 4000 3000 brown 0.6666", "focal": 0.7188884491448521, "width": 4000, "height": 3000, "capture_time": 1778229885.0, "translation": [342456.9051328311, 4703598.106700323, 26.389595772053777], "rotation": [1.3409101809686754, 2.2147398465723036, -0.9059263896777519]}, "geometry": {"type": "Point", "coordinates": [-70.9163852806245, 42.46871140109762, 26.389595772053777]}}, {"type": "Feature", "properties": {"filename": "DJI_20260508084638_0666_V.JPG", "camera": "v2 dji m3t 4000 3000 brown 0.6666", "focal": 0.7188884491448521, "width": 4000, "height": 3000, "capture_time": 1778229998.0, "translation": [342485.8100851275, 4703570.54594614, 26.44534893474791], "rotation": [1.346681343012779, 2.2084117178325697, -0.903628783220791]}, "geometry": {"type": "Point", "coordinates": [-70.91602629778333, 42.468469207071685, 26.44534893474791]}}, {"type": "Feature", "properties": {"filename": "DJI_20260508085441_1308_V.JPG", "camera": "v2 dji m3t 4000 3000 brown 0.6666", "focal": 0.7188884491448521, "width": 4000, "height": 3000, "capture_time": 1778230481.0, "translation": [342350.40962897864, 4703565.4141746145, 26.49403888589506], "rotation": [2.081995822973534, -1.2618133898306578, 0.5040693847040144]}, "geometry": {"type": "Point", "coordinates": [-70.91767102267478, 42.46839547715253, 26.49403888589506]}}, {"type": "Feature", "properties": {"filename": "DJI_20260508084614_0631_V.JPG", "camera": "v2 dji m3t 4000 3000 brown 0.6666", "focal": 0.7188884491448521, "width": 4000, "height": 3000, "capture_time": 1778229974.0, "translation": [342497.6389301338, 4703583.368587533, 26.459924829912044], "rotation": [1.353970033647084, 2.201870046178427, -0.9093109411762431]}, "geometry": {"type": "Point", "coordinates": [-70.9158860090369, 42.46858702697141, 26.459924829912044]}}, {"type": "Feature", "properties": {"filename": "DJI_20260508085234_1127_V.JPG", "camera": "v2 dji m3t 4000 3000 brown 0.6666", "focal": 0.7188884491448521, "width": 4000, "height": 3000, "capture_time": 1778230354.0, "translation": [342416.0674405163, 4703549.387406428, 26.642943846564457], "rotation": [2.0728084967806955, -1.2476335384520771, 0.49995148272368084]}, "geometry": {"type": "Point", "coordinates": [-70.91686838367308, 42.468264579391764, 26.642943846564457]}}, {"type": "Feature", "properties": {"filename": "DJI_20260508085805_1578_V.JPG", "camera": "v2 dji m3t 4000 3000 brown 0.6666", "focal": 0.7188884491448521, "width": 4000, "height": 3000, "capture_time": 1778230685.0, "translation": [342429.95664388774, 4703636.564545152, 26.717995904408653], "rotation": [0.6571470422254868, -2.6627198429910424, 1.0970929852216609]}, "geometry": {"type": "Point", "coordinates": [-70.91672347382011, 42.46905207524631, 26.717995904408653]}}, {"type": "Feature", "properties": {"filename": "DJI_20260508085706_1493_V.JPG", "camera": "v2 dji m3t 4000 3000 brown 0.6666", "focal": 0.7188884491448521, "width": 4000, "height": 3000, "capture_time": 1778230626.0, "translation": [342461.9745277571, 4703628.748930209, 26.61602398846683], "rotation": [0.6519174151251289, -2.6651478941751057, 1.094602789188117]}, "geometry": {"type": "Point", "coordinates": [-70.9163320649989, 42.46898823901328, 26.61602398846683]}}, {"type": "Feature", "properties": {"filename": "DJI_20260508085031_0976_V.JPG", "camera": "v2 dji m3t 4000 3000 brown 0.6666", "focal": 0.7188884491448521, "width": 4000, "height": 3000, "capture_time": 1778230231.0, "translation": [342511.3473657739, 4703545.276026706, 26.635329471096863], "rotation": [2.3036971785104283, 0.5508273631478972, -0.2381128278805635]}, "geometry": {"type": "Point", "coordinates": [-70.91570888912494, 42.468246946856404, 26.635329471096863]}}, {"type": "Feature", "properties": {"filename": "DJI_20260508084318_0381_V.JPG", "camera": "v2 dji m3t 4000 3000 brown 0.6666", "focal": 0.7188884491448521, "width": 4000, "height": 3000, "capture_time": 1778229798.0, "translation": [342482.37089574157, 4703638.826463311, 26.501513562453326], "rotation": [1.3427373717313802, 2.221823612880111, -0.8976927494428886]}, "geometry": {"type": "Point", "coordinates": [-70.91608686079834, 42.46908309283988, 26.501513562453326]}}, {"type": "Feature", "properties": {"filename": "DJI_20260508085321_1193_V.JPG", "camera": "v2 dji m3t 4000 3000 brown 0.6666", "focal": 0.7188884491448521, "width": 4000, "height": 3000, "capture_time": 1778230401.0, "translation": [342366.0929817852, 4703542.5831070775, 26.502908685911585], "rotation": [2.0848459514460025, -1.2520925713422941, 0.4989254999523059]}, "geometry": {"type": "Point", "coordinates": [-70.91747407782377, 42.468193168610114, 26.502908685911585]}}, {"type": "Feature", "properties": {"filename": "DJI_20260508084635_0662_V.JPG", "camera": "v2 dji m3t 4000 3000 brown 0.6666", "focal": 0.7188884491448521, "width": 4000, "height": 3000, "capture_time": 1778229995.0, "translation": [342502.5783543372, 4703578.961328081, 26.442340550059676], "rotation": [1.3478774199873294, 2.2089543540680108, -0.9017026691732994]}, "geometry": {"type": "Point", "coordinates": [-70.91582474753363, 42.46854836186063, 26.442340550059676]}}, {"type": "Feature", "properties": {"filename": "DJI_20260508084042_0181_V.JPG", "camera": "v2 dji m3t 4000 3000 brown 0.6666", "focal": 0.7188884491448521, "width": 4000, "height": 3000, "capture_time": 1778229642.0, "translation": [342463.2213591663, 4703601.189616396, 26.473311157686176], "rotation": [-2.656410570611998, 1.6494558008314886, 0.0001488608463287539]}, "geometry": {"type": "Point", "coordinates": [-70.91630933728685, 42.46874043440732, 26.473311157686176]}}, {"type": "Feature", "properties": {"filename": "DJI_20260508084614_0632_V.JPG", "camera": "v2 dji m3t 4000 3000 brown 0.6666", "focal": 0.7188884491448521, "width": 4000, "height": 3000, "capture_time": 1778229974.0, "translation": [342501.8701177227, 4703585.476500855, 26.487700363234786], "rotation": [1.354617405411812, 2.20251589116576, -0.9080557204360917]}, "geometry": {"type": "Point", "coordinates": [-70.9158351468927, 42.46860686020845, 26.487700363234786]}}, {"type": "Feature", "properties": {"filename": "DJI_20260508085340_1220_V.JPG", "camera": "v2 dji m3t 4000 3000 brown 0.6666", "focal": 0.7188884491448521, "width": 4000, "height": 3000, "capture_time": 1778230420.0, "translation": [342463.2345988975, 4703596.125427227, 26.417108262441847], "rotation": [2.0680702156784414, -1.2525352891461763, 0.5131619562199426]}, "geometry": {"type": "Point", "coordinates": [-70.9163077854507, 42.468694854928266, 26.417108262441847]}}, {"type": "Feature", "properties": {"filename": "DJI_20260508084635_0661_V.JPG", "camera": "v2 dji m3t 4000 3000 brown 0.6666", "focal": 0.7188884491448521, "width": 4000, "height": 3000, "capture_time": 1778229995.0, "translation": [342506.80856875906, 4703581.086485961, 26.44439999992158], "rotation": [1.3484197662475959, 2.209144422705121, -0.9007224133548598]}, "geometry": {"type": "Point", "coordinates": [-70.91577390196616, 42.46856835008882, 26.44439999992158]}}, {"type": "Feature", "properties": {"filename": "DJI_20260508084615_0633_V.JPG", "camera": "v2 dji m3t 4000 3000 brown 0.6666", "focal": 0.7188884491448521, "width": 4000, "height": 3000, "capture_time": 1778229975.0, "translation": [342506.0873505271, 4703587.578176682, 26.50323303433955], "rotation": [1.3554124455810064, 2.2030754669455956, -0.9070248583946127]}, "geometry": {"type": "Point", "coordinates": [-70.91578445265945, 42.46862663444378, 26.50323303433955]}}, {"type": "Feature", "properties": {"filename": "DJI_20260508084634_0660_V.JPG", "camera": "v2 dji m3t 4000 3000 brown 0.6666", "focal": 0.7188884491448521, "width": 4000, "height": 3000, "capture_time": 1778229994.0, "translation": [342511.04958469124, 4703583.191608955, 26.446783587098004], "rotation": [1.3493550216645103, 2.2096754673917696, -0.899536773186594]}, "geometry": {"type": "Point", "coordinates": [-70.91572291954485, 42.46858816015897, 26.446783587098004]}}, {"type": "Feature", "properties": {"filename": "DJI_20260508085921_1686_V.JPG", "camera": "v2 dji m3t 4000 3000 brown 0.6666", "focal": 0.7188884491448521, "width": 4000, "height": 3000, "capture_time": 1778230761.0, "translation": [342418.2800108513, 4703589.609796132, 26.583618382778408], "rotation": [0.6681502461178634, -2.6720046616732773, 1.093015874468798]}, "geometry": {"type": "Point", "coordinates": [-70.91685253438618, 42.46862706631514, 26.583618382778408]}}, {"type": "Feature", "properties": {"filename": "DJI_20260508084633_0659_V.JPG", "camera": "v2 dji m3t 4000 3000 brown 0.6666", "focal": 0.7188884491448521, "width": 4000, "height": 3000, "capture_time": 1778229993.0, "translation": [342515.1224252008, 4703585.179385639, 26.45409002987622], "rotation": [1.3502836053512015, 2.209804789454951, -0.8987573599886403]}, "geometry": {"type": "Point", "coordinates": [-70.91567394947687, 42.46860687980148, 26.45409002987622]}}, {"type": "Feature", "properties": {"filename": "DJI_20260508084204_0298_V.JPG", "camera": "v2 dji m3t 4000 3000 brown 0.6666", "focal": 0.7188884491448521, "width": 4000, "height": 3000, "capture_time": 1778229724.0, "translation": [342462.5375216244, 4703628.948059445, 26.523974707340017], "rotation": [-2.644483092167774, 1.6746612340618416, 0.008273456945581889]}, "geometry": {"type": "Point", "coordinates": [-70.91632527501466, 42.468990145830986, 26.523974707340017]}}, {"type": "Feature", "properties": {"filename": "DJI_20260508084459_0524_V.JPG", "camera": "v2 dji m3t 4000 3000 brown 0.6666", "focal": 0.7188884491448521, "width": 4000, "height": 3000, "capture_time": 1778229899.0, "translation": [342494.276171062, 4703609.760190269, 26.54561934008845], "rotation": [1.3551766724850498, 2.208314472924883, -0.9105073899655932]}, "geometry": {"type": "Point", "coordinates": [-70.9159341389811, 42.46882389111063, 26.54561934008845]}}, {"type": "Feature", "properties": {"filename": "DJI_20260508084342_0414_V.JPG", "camera": "v2 dji m3t 4000 3000 brown 0.6666", "focal": 0.7188884491448521, "width": 4000, "height": 3000, "capture_time": 1778229822.0, "translation": [342490.20943346835, 4703635.788051079, 26.590172321939676], "rotation": [1.3509822696789178, 2.2133327509852116, -0.9100291860063128]}, "geometry": {"type": "Point", "coordinates": [-70.9159907281623, 42.469057338092995, 26.590172321939676]}}, {"type": "Feature", "properties": {"filename": "DJI_20260508084258_0352_V.JPG", "camera": "v2 dji m3t 4000 3000 brown 0.6666", "focal": 0.7188884491448521, "width": 4000, "height": 3000, "capture_time": 1778229778.0, "translation": [342463.50304710027, 4703636.564070047, 26.564658250166342], "rotation": [1.3537886550878075, 2.215138105451939, -0.9127044166294243]}, "geometry": {"type": "Point", "coordinates": [-70.91631562826115, 42.469058892971525, 26.564658250166342]}}, {"type": "Feature", "properties": {"filename": "DJI_20260508084621_0641_V.JPG", "camera": "v2 dji m3t 4000 3000 brown 0.6666", "focal": 0.7188884491448521, "width": 4000, "height": 3000, "capture_time": 1778229981.0, "translation": [342539.7776538289, 4703604.559462828, 26.563167980363605], "rotation": [1.3566153187896257, 2.206128348270541, -0.9013483278167785]}, "geometry": {"type": "Point", "coordinates": [-70.91537952191348, 42.46878632893823, 26.563167980363605]}}, {"type": "Feature", "properties": {"filename": "DJI_20260508084616_0634_V.JPG", "camera": "v2 dji m3t 4000 3000 brown 0.6666", "focal": 0.7188884491448521, "width": 4000, "height": 3000, "capture_time": 1778229976.0, "translation": [342510.2741117168, 4703589.708798288, 26.509483459136572], "rotation": [1.3556607792749085, 2.203604784726938, -0.9059991223515607]}, "geometry": {"type": "Point", "coordinates": [-70.91573413680219, 42.46864666300075, 26.509483459136572]}}, {"type": "Feature", "properties": {"filename": "DJI_20260508084259_0353_V.JPG", "camera": "v2 dji m3t 4000 3000 brown 0.6666", "focal": 0.7188884491448521, "width": 4000, "height": 3000, "capture_time": 1778229779.0, "translation": [342467.7464551507, 4703638.688444808, 26.591232614315544], "rotation": [1.354043999718191, 2.2156771312606405, -0.912707020360493]}, "geometry": {"type": "Point", "coordinates": [-70.91626462183173, 42.46907887705501, 26.591232614315544]}}, {"type": "Feature", "properties": {"filename": "DJI_20260508084523_0558_V.JPG", "camera": "v2 dji m3t 4000 3000 brown 0.6666", "focal": 0.7188884491448521, "width": 4000, "height": 3000, "capture_time": 1778229923.0, "translation": [342471.306304741, 4703591.3339193445, 26.426578108005913], "rotation": [1.3486037980724188, 2.2106102312594635, -0.8977733572122071]}, "geometry": {"type": "Point", "coordinates": [-70.91620833711221, 42.4686533683553, 26.426578108005913]}}, {"type": "Feature", "properties": {"filename": "DJI_20260508085300_1163_V.JPG", "camera": "v2 dji m3t 4000 3000 brown 0.6666", "focal": 0.7188884491448521, "width": 4000, "height": 3000, "capture_time": 1778230380.0, "translation": [342467.91658560286, 4703583.19598516, 26.472316275875436], "rotation": [2.074567903816798, -1.2508951853571377, 0.5107517574624546]}, "geometry": {"type": "Point", "coordinates": [-70.91624731287904, 42.468579430538774, 26.472316275875436]}}, {"type": "Feature", "properties": {"filename": "DJI_20260508085658_1482_V.JPG", "camera": "v2 dji m3t 4000 3000 brown 0.6666", "focal": 0.7188884491448521, "width": 4000, "height": 3000, "capture_time": 1778230618.0, "translation": [342470.3564029002, 4703626.044441006, 26.637952763102195], "rotation": [0.6675499015725956, -2.6751368050600384, 1.0863881659343817]}, "geometry": {"type": "Point", "coordinates": [-70.91622941842749, 42.46896560054926, 26.637952763102195]}}, {"type": "Feature", "properties": {"filename": "DJI_20260508084800_0760_V.JPG", "camera": "v2 dji m3t 4000 3000 brown 0.6666", "focal": 0.7188884491448521, "width": 4000, "height": 3000, "capture_time": 1778230080.0, "translation": [342427.1421297476, 4703571.528525361, 26.57355027491498], "rotation": [2.3088116606431632, 0.5451503129635555, -0.22912436829790225]}, "geometry": {"type": "Point", "coordinates": [-70.91673982550572, 42.46846612140936, 26.57355027491498]}}, {"type": "Feature", "properties": {"filename": "DJI_20260508084906_0855_V.JPG", "camera": "v2 dji m3t 4000 3000 brown 0.6666", "focal": 0.7188884491448521, "width": 4000, "height": 3000, "capture_time": 1778230146.0, "translation": [342475.81636130845, 4703531.613724164, 26.63668533392543], "rotation": [2.304242291442797, 0.5524970840707295, -0.2364780318775795]}, "geometry": {"type": "Point", "coordinates": [-70.91613710527604, 42.468116750815724, 26.63668533392543]}}, {"type": "Feature", "properties": {"filename": "DJI_20260508085743_1546_V.JPG", "camera": "v2 dji m3t 4000 3000 brown 0.6666", "focal": 0.7188884491448521, "width": 4000, "height": 3000, "capture_time": 1778230663.0, "translation": [342423.9654449334, 4703671.47941133, 26.59443600914274], "rotation": [0.6609855573501809, -2.662905889280314, 1.0932091533172166]}, "geometry": {"type": "Point", "coordinates": [-70.91680590465613, 42.46936512120953, 26.59443600914274]}}, {"type": "Feature", "properties": {"filename": "DJI_20260508085434_1298_V.JPG", "camera": "v2 dji m3t 4000 3000 brown 0.6666", "focal": 0.7188884491448521, "width": 4000, "height": 3000, "capture_time": 1778230474.0, "translation": [342376.68770502263, 4703571.959155696, 26.575586525858423], "rotation": [2.0734491446103998, -1.2585174681494875, 0.5023044225037568]}, "geometry": {"type": "Point", "coordinates": [-70.91735334508344, 42.46845973433588, 26.575586525858423]}}, {"type": "Feature", "properties": {"filename": "DJI_20260508085658_1481_V.JPG", "camera": "v2 dji m3t 4000 3000 brown 0.6666", "focal": 0.7188884491448521, "width": 4000, "height": 3000, "capture_time": 1778230618.0, "translation": [342468.2994456258, 4703630.110330903, 26.650378868715308], "rotation": [0.6677099983908775, -2.675753578859215, 1.0852400645495177]}, "geometry": {"type": "Point", "coordinates": [-70.91625554283283, 42.46900177890367, 26.650378868715308]}}, {"type": "Feature", "properties": {"filename": "DJI_20260508085837_1623_V.JPG", "camera": "v2 dji m3t 4000 3000 brown 0.6666", "focal": 0.7188884491448521, "width": 4000, "height": 3000, "capture_time": 1778230717.0, "translation": [342409.61045568704, 4703649.062870355, 26.602640965174174], "rotation": [0.6550029309501398, -2.6650828471818366, 1.098013903335402]}, "geometry": {"type": "Point", "coordinates": [-70.91697426946995, 42.4691604328399, 26.602640965174174]}}, {"type": "Feature", "properties": {"filename": "DJI_20260508084549_0596_V.JPG", "camera": "v2 dji m3t 4000 3000 brown 0.6666", "focal": 0.7188884491448521, "width": 4000, "height": 3000, "capture_time": 1778229949.0, "translation": [342549.16369946813, 4703616.447025193, 26.48007866527616], "rotation": [1.3576818758638447, 2.2151313551610015, -0.8971680038815808]}, "geometry": {"type": "Point", "coordinates": [-70.91526867320702, 42.468895235098174, 26.48007866527616]}}, {"type": "Feature", "properties": {"filename": "DJI_20260508083920_0063_V.JPG", "camera": "v2 dji m3t 4000 3000 brown 0.6666", "focal": 0.7188884491448521, "width": 4000, "height": 3000, "capture_time": 1778229560.0, "translation": [342447.0613501196, 4703565.14804461, 26.503928558316826], "rotation": [-2.649825672265662, 1.6377305417707892, -0.03448094634450827]}, "geometry": {"type": "Point", "coordinates": [-70.91649590432866, 42.46841274239627, 26.503928558316826]}}, {"type": "Feature", "properties": {"filename": "DJI_20260508085707_1495_V.JPG", "camera": "v2 dji m3t 4000 3000 brown 0.6666", "focal": 0.7188884491448521, "width": 4000, "height": 3000, "capture_time": 1778230627.0, "translation": [342457.7501023092, 4703637.094587388, 26.67789583705883], "rotation": [0.6522673737226177, -2.6652073018580094, 1.0957266351134431]}, "geometry": {"type": "Point", "coordinates": [-70.91638571627385, 42.46906249827855, 26.67789583705883]}}, {"type": "Feature", "properties": {"filename": "DJI_20260508084005_0128_V.JPG", "camera": "v2 dji m3t 4000 3000 brown 0.6666", "focal": 0.7188884491448521, "width": 4000, "height": 3000, "capture_time": 1778229605.0, "translation": [342482.05901831004, 4703596.670994011, 26.47865523231604], "rotation": [-2.651291479661392, 1.654235981830164, -0.0022624553267915548]}, "geometry": {"type": "Point", "coordinates": [-70.91607907583257, 42.468703592970904, 26.47865523231604]}}, {"type": "Feature", "properties": {"filename": "DJI_20260508085558_1396_V.JPG", "camera": "v2 dji m3t 4000 3000 brown 0.6666", "focal": 0.7188884491448521, "width": 4000, "height": 3000, "capture_time": 1778230558.0, "translation": [342482.30716128316, 4703658.799868744, 26.573097046526264], "rotation": [0.6636299135444753, -2.6716078910957486, 1.0905727337104691]}, "geometry": {"type": "Point", "coordinates": [-70.91609312079302, 42.46926285816383, 26.573097046526264]}}, {"type": "Feature", "properties": {"filename": "DJI_20260508085811_1586_V.JPG", "camera": "v2 dji m3t 4000 3000 brown 0.6666", "focal": 0.7188884491448521, "width": 4000, "height": 3000, "capture_time": 1778230691.0, "translation": [342413.18784298794, 4703665.932046103, 26.61122358641597], "rotation": [0.6644551636018, -2.66376669264502, 1.093162720026449]}, "geometry": {"type": "Point", "coordinates": [-70.91693541147623, 42.469312997901476, 26.61122358641597]}}, {"type": "Feature", "properties": {"filename": "DJI_20260508085632_1444_V.JPG", "camera": "v2 dji m3t 4000 3000 brown 0.6666", "focal": 0.7188884491448521, "width": 4000, "height": 3000, "capture_time": 1778230592.0, "translation": [342484.71038119146, 4703625.378744966, 26.599078925452066], "rotation": [0.6703572241987178, -2.6744921751831336, 1.088432916566469]}, "geometry": {"type": "Point", "coordinates": [-70.9160547251807, 42.468962527144576, 26.599078925452066]}}, {"type": "Feature", "properties": {"filename": "DJI_20260508085605_1406_V.JPG", "camera": "v2 dji m3t 4000 3000 brown 0.6666", "focal": 0.7188884491448521, "width": 4000, "height": 3000, "capture_time": 1778230565.0, "translation": [342496.8500867239, 4703627.468168378, 26.676673400673565], "rotation": [0.6605248347232975, -2.6710781765676312, 1.0807068895345435]}, "geometry": {"type": "Point", "coordinates": [-70.91590770880141, 42.46898380183706, 26.676673400673565]}}, {"type": "Feature", "properties": {"filename": "DJI_20260508084953_0921_V.JPG", "camera": "v2 dji m3t 4000 3000 brown 0.6666", "focal": 0.7188884491448521, "width": 4000, "height": 3000, "capture_time": 1778230193.0, "translation": [342469.9264195726, 4703594.804380377, 26.546121227180862], "rotation": [2.3050466726214864, 0.551759096347644, -0.2331852892850954]}, "geometry": {"type": "Point", "coordinates": [-70.9162260662834, 42.46868432500152, 26.546121227180862]}}, {"type": "Feature", "properties": {"filename": "DJI_20260508085606_1408_V.JPG", "camera": "v2 dji m3t 4000 3000 brown 0.6666", "focal": 0.7188884491448521, "width": 4000, "height": 3000, "capture_time": 1778230566.0, "translation": [342494.3197617396, 4703625.032571767, 26.70718010108719], "rotation": [0.6604802119762159, -2.6707719747240923, 1.0804094860131437]}, "geometry": {"type": "Point", "coordinates": [-70.91593780277228, 42.46896136490813, 26.70718010108719]}}, {"type": "Feature", "properties": {"filename": "DJI_20260508085436_1301_V.JPG", "camera": "v2 dji m3t 4000 3000 brown 0.6666", "focal": 0.7188884491448521, "width": 4000, "height": 3000, "capture_time": 1778230476.0, "translation": [342364.0818914733, 4703565.567986665, 26.547490168912883], "rotation": [2.0757445509731456, -1.2586094782694464, 0.5034722072966806]}, "geometry": {"type": "Point", "coordinates": [-70.91750484420956, 42.4683996435039, 26.547490168912883]}}, {"type": "Feature", "properties": {"filename": "DJI_20260508085423_1282_V.JPG", "camera": "v2 dji m3t 4000 3000 brown 0.6666", "focal": 0.7188884491448521, "width": 4000, "height": 3000, "capture_time": 1778230463.0, "translation": [342444.30846211227, 4703605.748760754, 26.465589847016645], "rotation": [2.0646577004946582, -1.2477523616697914, 0.5068625815890149]}, "geometry": {"type": "Point", "coordinates": [-70.91654052483803, 42.468777624808226, 26.465589847016645]}}, {"type": "Feature", "properties": {"filename": "DJI_20260508084825_0796_V.JPG", "camera": "v2 dji m3t 4000 3000 brown 0.6666", "focal": 0.7188884491448521, "width": 4000, "height": 3000, "capture_time": 1778230105.0, "translation": [342435.6295784826, 4703569.443493435, 26.581244406302538], "rotation": [2.312705327149077, 0.5480798558395135, -0.22243090701552048]}, "geometry": {"type": "Point", "coordinates": [-70.91663606630746, 42.468449080426446, 26.581244406302538]}}, {"type": "Feature", "properties": {"filename": "DJI_20260508084003_0125_V.JPG", "camera": "v2 dji m3t 4000 3000 brown 0.6666", "focal": 0.7188884491448521, "width": 4000, "height": 3000, "capture_time": 1778229603.0, "translation": [342469.41542013275, 4703590.325276564, 26.511989199436123], "rotation": [-2.6486947669352547, 1.6527129181395004, -0.010817159658786544]}, "geometry": {"type": "Point", "coordinates": [-70.91623104867168, 42.46864390521218, 26.511989199436123]}}, {"type": "Feature", "properties": {"filename": "DJI_20260508085601_1401_V.JPG", "camera": "v2 dji m3t 4000 3000 brown 0.6666", "focal": 0.7188884491448521, "width": 4000, "height": 3000, "capture_time": 1778230561.0, "translation": [342488.08275168703, 4703647.298847242, 26.645516458035846], "rotation": [0.6648240079464882, -2.672271382024093, 1.082076071317892]}, "geometry": {"type": "Point", "coordinates": [-70.91601974461307, 42.46916051306015, 26.645516458035846]}}, {"type": "Feature", "properties": {"filename": "DJI_20260508085608_1410_V.JPG", "camera": "v2 dji m3t 4000 3000 brown 0.6666", "focal": 0.7188884491448521, "width": 4000, "height": 3000, "capture_time": 1778230568.0, "translation": [342491.3936294059, 4703627.19773396, 26.59538313965087], "rotation": [0.6592796163833408, -2.670279931702021, 1.0808920731362264]}, "geometry": {"type": "Point", "coordinates": [-70.91597397218364, 42.468980258398766, 26.59538313965087]}}, {"type": "Feature", "properties": {"filename": "DJI_20260508090021_1771_V.JPG", "camera": "v2 dji m3t 4000 3000 brown 0.6666", "focal": 0.7188884491448521, "width": 4000, "height": 3000, "capture_time": 1778230821.0, "translation": [342358.065813758, 4703639.150163827, 26.681520728057016], "rotation": [0.6618205811318908, -2.6673948293641767, 1.0929775083978432]}, "geometry": {"type": "Point", "coordinates": [-70.91759820751548, 42.46906072346261, 26.681520728057016]}}, {"type": "Feature", "properties": {"filename": "DJI_20260508085630_1442_V.JPG", "camera": "v2 dji m3t 4000 3000 brown 0.6666", "focal": 0.7188884491448521, "width": 4000, "height": 3000, "capture_time": 1778230590.0, "translation": [342480.712782734, 4703633.615001993, 26.61464742783461], "rotation": [0.6720288500149919, -2.676071350167267, 1.086531896940937]}, "geometry": {"type": "Point", "coordinates": [-70.91610558838254, 42.469035847966715, 26.61464742783461]}}, {"type": "Feature", "properties": {"filename": "DJI_20260508085505_1342_V.JPG", "camera": "v2 dji m3t 4000 3000 brown 0.6666", "focal": 0.7188884491448521, "width": 4000, "height": 3000, "capture_time": 1778230505.0, "translation": [342425.40117256757, 4703610.32292253, 26.49505699886355], "rotation": [2.0620587388833616, -1.2574659277222193, 0.5059373715334211]}, "geometry": {"type": "Point", "coordinates": [-70.91677164859851, 42.46881495104729, 26.49505699886355]}}, {"type": "Feature", "properties": {"filename": "DJI_20260508085025_0967_V.JPG", "camera": "v2 dji m3t 4000 3000 brown 0.6666", "focal": 0.7188884491448521, "width": 4000, "height": 3000, "capture_time": 1778230225.0, "translation": [342492.09293066367, 4703583.138878485, 26.59743499487224], "rotation": [2.3002061746761298, 0.5484509744896882, -0.23410020134134626]}, "geometry": {"type": "Point", "coordinates": [-70.91595337180023, 42.46858383191437, 26.59743499487224]}}, {"type": "Feature", "properties": {"filename": "DJI_20260508085356_1243_V.JPG", "camera": "v2 dji m3t 4000 3000 brown 0.6666", "focal": 0.7188884491448521, "width": 4000, "height": 3000, "capture_time": 1778230436.0, "translation": [342377.9395749996, 4703558.470216834, 26.592527208967503], "rotation": [2.071481205771537, -1.2570545498174828, 0.5003795979720979]}, "geometry": {"type": "Point", "coordinates": [-70.91733441877372, 42.46833857673702, 26.592527208967503]}}, {"type": "Feature", "properties": {"filename": "DJI_20260508085449_1319_V.JPG", "camera": "v2 dji m3t 4000 3000 brown 0.6666", "focal": 0.7188884491448521, "width": 4000, "height": 3000, "capture_time": 1778230489.0, "translation": [342393.7901427645, 4703587.491026674, 26.54410271245171], "rotation": [2.078309482096622, -1.2610526207486596, 0.5042099535576949]}, "geometry": {"type": "Point", "coordinates": [-70.91714968933385, 42.468603014055105, 26.54410271245171]}}, {"type": "Feature", "properties": {"filename": "DJI_20260508090007_1752_V.JPG", "camera": "v2 dji m3t 4000 3000 brown 0.6666", "focal": 0.7188884491448521, "width": 4000, "height": 3000, "capture_time": 1778230807.0, "translation": [342365.9553021818, 4703637.916882577, 26.560478985061437], "rotation": [0.6598162314258814, -2.671750314154891, 1.090064606183849]}, "geometry": {"type": "Point", "coordinates": [-70.91750195099131, 42.46905122812177, 26.560478985061437]}}, {"type": "Feature", "properties": {"filename": "DJI_20260508084349_0425_V.JPG", "camera": "v2 dji m3t 4000 3000 brown 0.6666", "focal": 0.7188884491448521, "width": 4000, "height": 3000, "capture_time": 1778229829.0, "translation": [342532.2619519124, 4703653.518740365, 26.60915975334472], "rotation": [1.3475466090009594, 2.218740294522058, -0.8971791877205347]}, "geometry": {"type": "Point", "coordinates": [-70.91548433576138, 42.469225478315764, 26.60915975334472]}}, {"type": "Feature", "properties": {"filename": "DJI_20260508085311_1179_V.JPG", "camera": "v2 dji m3t 4000 3000 brown 0.6666", "focal": 0.7188884491448521, "width": 4000, "height": 3000, "capture_time": 1778230391.0, "translation": [342420.3471299486, 4703565.668060509, 26.61838708467881], "rotation": [2.0680708214174204, -1.2533042438848578, 0.502268580195601]}, "geometry": {"type": "Point", "coordinates": [-70.91682082596225, 42.468411990062364, 26.61838708467881]}}, {"type": "Feature", "properties": {"filename": "DJI_20260508084904_0852_V.JPG", "camera": "v2 dji m3t 4000 3000 brown 0.6666", "focal": 0.7188884491448521, "width": 4000, "height": 3000, "capture_time": 1778230144.0, "translation": [342469.448971316, 4703544.31801426, 26.63971843193983], "rotation": [2.3034714581833238, 0.5525357982092269, -0.23399772886183054]}, "geometry": {"type": "Point", "coordinates": [-70.91621800561524, 42.468229806035716, 26.63971843193983]}}, {"type": "Feature", "properties": {"filename": "DJI_20260508085609_1412_V.JPG", "camera": "v2 dji m3t 4000 3000 brown 0.6666", "focal": 0.7188884491448521, "width": 4000, "height": 3000, "capture_time": 1778230569.0, "translation": [342488.43291933206, 4703632.961565606, 26.592962295949256], "rotation": [0.6593869705769838, -2.6670655808064168, 1.0852020850171644]}, "geometry": {"type": "Point", "coordinates": [-70.91601155022715, 42.46903153605211, 26.592962295949256]}}, {"type": "Feature", "properties": {"filename": "DJI_20260508084337_0408_V.JPG", "camera": "v2 dji m3t 4000 3000 brown 0.6666", "focal": 0.7188884491448521, "width": 4000, "height": 3000, "capture_time": 1778229817.0, "translation": [342465.0569394563, 4703623.3117166925, 26.562881636425764], "rotation": [1.3466546596401503, 2.210436678530093, -0.913277045680083]}, "geometry": {"type": "Point", "coordinates": [-70.91629309682669, 42.46893992606701, 26.562881636425764]}}, {"type": "Feature", "properties": {"filename": "DJI_20260508085819_1598_V.JPG", "camera": "v2 dji m3t 4000 3000 brown 0.6666", "focal": 0.7188884491448521, "width": 4000, "height": 3000, "capture_time": 1778230699.0, "translation": [342427.4910516348, 4703627.402874057, 26.624130233552115], "rotation": [0.667024373320934, -2.6738840077906736, 1.0909374714444375]}, "geometry": {"type": "Point", "coordinates": [-70.91675093277298, 42.46896911068738, 26.624130233552115]}}, {"type": "Feature", "properties": {"filename": "DJI_20260508084739_0730_V.JPG", "camera": "v2 dji m3t 4000 3000 brown 0.6666", "focal": 0.7188884491448521, "width": 4000, "height": 3000, "capture_time": 1778230059.0, "translation": [342437.9950281215, 4703522.897965809, 26.616365730314186], "rotation": [2.3048428394495897, 0.5478103244507123, -0.23229563042227444]}, "geometry": {"type": "Point", "coordinates": [-70.91659452287318, 42.468030610700936, 26.616365730314186]}}, {"type": "Feature", "properties": {"filename": "DJI_20260508084957_0927_V.JPG", "camera": "v2 dji m3t 4000 3000 brown 0.6666", "focal": 0.7188884491448521, "width": 4000, "height": 3000, "capture_time": 1778230197.0, "translation": [342480.45154364005, 4703578.263181948, 26.573771619680066], "rotation": [2.302760548729096, 0.5455743273230451, -0.23720143381171055]}, "geometry": {"type": "Point", "coordinates": [-70.91609356373822, 42.46853757957517, 26.573771619680066]}}, {"type": "Feature", "properties": {"filename": "DJI_20260508085601_1400_V.JPG", "camera": "v2 dji m3t 4000 3000 brown 0.6666", "focal": 0.7188884491448521, "width": 4000, "height": 3000, "capture_time": 1778230561.0, "translation": [342485.9255629852, 4703651.661615134, 26.614177828178445], "rotation": [0.6651908334786428, -2.6720461080705635, 1.082712639021547]}, "geometry": {"type": "Point", "coordinates": [-70.91604716909362, 42.46919934324801, 26.614177828178445]}}, {"type": "Feature", "properties": {"filename": "DJI_20260508084214_0311_V.JPG", "camera": "v2 dji m3t 4000 3000 brown 0.6666", "focal": 0.7188884491448521, "width": 4000, "height": 3000, "capture_time": 1778229734.0, "translation": [342471.04815136135, 4703640.130366715, 26.51041037527986], "rotation": [-1.685161446287921, -2.6299859939551706, 0.00517858219503934]}, "geometry": {"type": "Point", "coordinates": [-70.916224876953, 42.46909252696176, 26.51041037527986]}}, {"type": "Feature", "properties": {"filename": "DJI_20260508085726_1522_V.JPG", "camera": "v2 dji m3t 4000 3000 brown 0.6666", "focal": 0.7188884491448521, "width": 4000, "height": 3000, "capture_time": 1778230646.0, "translation": [342459.5059793064, 4703619.592313996, 26.63429831423627], "rotation": [0.6622020550681842, -2.6748175394976927, 1.0896726186592909]}, "geometry": {"type": "Point", "coordinates": [-70.91635956177626, 42.46890531943479, 26.63429831423627]}}, {"type": "Feature", "properties": {"filename": "DJI_20260508084607_0622_V.JPG", "camera": "v2 dji m3t 4000 3000 brown 0.6666", "focal": 0.7188884491448521, "width": 4000, "height": 3000, "capture_time": 1778229967.0, "translation": [342462.6167133695, 4703566.215849116, 26.41557229883273], "rotation": [1.3473455801079932, 2.2014093176029323, -0.9101794049960842]}, "geometry": {"type": "Point", "coordinates": [-70.91630708285165, 42.46842551668721, 26.41557229883273]}}, {"type": "Feature", "properties": {"filename": "DJI_20260508085629_1441_V.JPG", "camera": "v2 dji m3t 4000 3000 brown 0.6666", "focal": 0.7188884491448521, "width": 4000, "height": 3000, "capture_time": 1778230589.0, "translation": [342478.5304080968, 4703638.019168094, 26.612126270996058], "rotation": [0.6718613611124523, -2.675974508301791, 1.0857653161635743]}, "geometry": {"type": "Point", "coordinates": [-70.91613333042918, 42.46907504563448, 26.612126270996058]}}, {"type": "Feature", "properties": {"filename": "DJI_20260508084707_0684_V.JPG", "camera": "v2 dji m3t 4000 3000 brown 0.6666", "focal": 0.7188884491448521, "width": 4000, "height": 3000, "capture_time": 1778230027.0, "translation": [342399.9444279303, 4703559.654239861, 26.49004048426822], "rotation": [2.314987518782311, 0.5446120729459439, -0.21841279649270853]}, "geometry": {"type": "Point", "coordinates": [-70.9170672199386, 42.46835371042448, 26.49004048426822]}}, {"type": "Feature", "properties": {"filename": "DJI_20260508084128_0246_V.JPG", "camera": "v2 dji m3t 4000 3000 brown 0.6666", "focal": 0.7188884491448521, "width": 4000, "height": 3000, "capture_time": 1778229688.0, "translation": [342491.17269487405, 4703629.949584305, 26.499079085515078], "rotation": [-2.6446512038340715, 1.689218897094158, 0.019321891370418766]}, "geometry": {"type": "Point", "coordinates": [-70.91597741389467, 42.46900498256724, 26.499079085515078]}}, {"type": "Feature", "properties": {"filename": "DJI_20260508084206_0300_V.JPG", "camera": "v2 dji m3t 4000 3000 brown 0.6666", "focal": 0.7188884491448521, "width": 4000, "height": 3000, "capture_time": 1778229726.0, "translation": [342470.9919892452, 4703633.211138922, 26.521510789709506], "rotation": [-2.646190485021118, 1.6767732742085277, 0.010799998947143829]}, "geometry": {"type": "Point", "coordinates": [-70.91622365945629, 42.46903023638737, 26.521510789709506]}}, {"type": "Feature", "properties": {"filename": "DJI_20260508085838_1625_V.JPG", "camera": "v2 dji m3t 4000 3000 brown 0.6666", "focal": 0.7188884491448521, "width": 4000, "height": 3000, "capture_time": 1778230718.0, "translation": [342405.15211727476, 4703657.345819233, 26.55871288706002], "rotation": [0.6546437190869573, -2.6662417133208254, 1.0950885076541272]}, "geometry": {"type": "Point", "coordinates": [-70.9170307482577, 42.46923407977296, 26.55871288706002]}}, {"type": "Feature", "properties": {"filename": "DJI_20260508085628_1439_V.JPG", "camera": "v2 dji m3t 4000 3000 brown 0.6666", "focal": 0.7188884491448521, "width": 4000, "height": 3000, "capture_time": 1778230588.0, "translation": [342474.3814680227, 4703646.228770026, 26.65536118324379], "rotation": [0.6728595657186635, -2.6755117059650204, 1.0852590505332957]}, "geometry": {"type": "Point", "coordinates": [-70.91618602645852, 42.46914809572579, 26.65536118324379]}}, {"type": "Feature", "properties": {"filename": "DJI_20260508085655_1478_V.JPG", "camera": "v2 dji m3t 4000 3000 brown 0.6666", "focal": 0.7188884491448521, "width": 4000, "height": 3000, "capture_time": 1778230615.0, "translation": [342462.05389672244, 4703642.537767948, 26.681963080063532], "rotation": [0.6698657521020674, -2.676438884330849, 1.0829729486574962]}, "geometry": {"type": "Point", "coordinates": [-70.91633488723846, 42.4691123668501, 26.681963080063532]}}, {"type": "Feature", "properties": {"filename": "DJI_20260508085654_1476_V.JPG", "camera": "v2 dji m3t 4000 3000 brown 0.6666", "focal": 0.7188884491448521, "width": 4000, "height": 3000, "capture_time": 1778230614.0, "translation": [342457.72331788106, 4703651.207237146, 26.67949268033724], "rotation": [0.6707754184786455, -2.6766472528616934, 1.0825176191378711]}, "geometry": {"type": "Point", "coordinates": [-70.9163899181465, 42.4691895191179, 26.67949268033724]}}, {"type": "Feature", "properties": {"filename": "DJI_20260508085917_1680_V.JPG", "camera": "v2 dji m3t 4000 3000 brown 0.6666", "focal": 0.7188884491448521, "width": 4000, "height": 3000, "capture_time": 1778230757.0, "translation": [342405.6287159549, 4703614.884529664, 26.67006051519145], "rotation": [0.6700190980908378, -2.6737129303174605, 1.0893881377565122]}, "geometry": {"type": "Point", "coordinates": [-70.91701328752953, 42.46885198782684, 26.67006051519145]}}, {"type": "Feature", "properties": {"filename": "DJI_20260508085750_1556_V.JPG", "camera": "v2 dji m3t 4000 3000 brown 0.6666", "focal": 0.7188884491448521, "width": 4000, "height": 3000, "capture_time": 1778230670.0, "translation": [342435.2616560903, 4703639.739226963, 26.593437121463957], "rotation": [0.6666925656941476, -2.6711713374215837, 1.0894768406152315]}, "geometry": {"type": "Point", "coordinates": [-70.9166598494405, 42.46908172910096, 26.593437121463957]}}, {"type": "Feature", "properties": {"filename": "DJI_20260508090000_1742_V.JPG", "camera": "v2 dji m3t 4000 3000 brown 0.6666", "focal": 0.7188884491448521, "width": 4000, "height": 3000, "capture_time": 1778230800.0, "translation": [342381.0086713821, 4703621.487623948, 26.652990063876636], "rotation": [0.652562190853961, -2.6645100419447405, 1.098396183805264]}, "geometry": {"type": "Point", "coordinates": [-70.9173144228119, 42.46890641306871, 26.652990063876636]}}, {"type": "Feature", "properties": {"filename": "DJI_20260508084553_0601_V.JPG", "camera": "v2 dji m3t 4000 3000 brown 0.6666", "focal": 0.7188884491448521, "width": 4000, "height": 3000, "capture_time": 1778229953.0, "translation": [342529.2084275763, 4703606.263263445, 26.517220925687553], "rotation": [1.3525438146883355, 2.2157880777355583, -0.8950707414401645]}, "geometry": {"type": "Point", "coordinates": [-70.9155084861475, 42.46879951651177, 26.517220925687553]}}, {"type": "Feature", "properties": {"filename": "DJI_20260508084920_0875_V.JPG", "camera": "v2 dji m3t 4000 3000 brown 0.6666", "focal": 0.7188884491448521, "width": 4000, "height": 3000, "capture_time": 1778230160.0, "translation": [342462.9318366916, 4703571.492082917, 26.554254141379655], "rotation": [2.310582809170953, 0.5530313455391097, -0.23063456419154604]}, "geometry": {"type": "Point", "coordinates": [-70.91630470082423, 42.46847307152513, 26.554254141379655]}}, {"type": "Feature", "properties": {"filename": "DJI_20260508085653_1475_V.JPG", "camera": "v2 dji m3t 4000 3000 brown 0.6666", "focal": 0.7188884491448521, "width": 4000, "height": 3000, "capture_time": 1778230613.0, "translation": [342455.7009501702, 4703655.282087735, 26.6902294009656], "rotation": [0.6707365741627795, -2.67664121110141, 1.081833431592498]}, "geometry": {"type": "Point", "coordinates": [-70.91641562467312, 42.469225785118546, 26.6902294009656]}}, {"type": "Feature", "properties": {"filename": "DJI_20260508085312_1181_V.JPG", "camera": "v2 dji m3t 4000 3000 brown 0.6666", "focal": 0.7188884491448521, "width": 4000, "height": 3000, "capture_time": 1778230392.0, "translation": [342412.0359673227, 4703561.487237064, 26.605009745820382], "rotation": [2.0699472695266796, -1.252984421920735, 0.5008642860944815]}, "geometry": {"type": "Point", "coordinates": [-70.91692072049966, 42.46837266852472, 26.605009745820382]}}, {"type": "Feature", "properties": {"filename": "DJI_20260508085722_1516_V.JPG", "camera": "v2 dji m3t 4000 3000 brown 0.6666", "focal": 0.7188884491448521, "width": 4000, "height": 3000, "capture_time": 1778230642.0, "translation": [342446.75057194283, 4703644.943258084, 26.644908622862324], "rotation": [0.6644078307064554, -2.6760059165422416, 1.0886589078045512]}, "geometry": {"type": "Point", "coordinates": [-70.9165216006259, 42.46913090643879, 26.644908622862324]}}, {"type": "Feature", "properties": {"filename": "DJI_20260508084808_0771_V.JPG", "camera": "v2 dji m3t 4000 3000 brown 0.6666", "focal": 0.7188884491448521, "width": 4000, "height": 3000, "capture_time": 1778230088.0, "translation": [342448.7645020127, 4703529.357272196, 26.601840029336707], "rotation": [2.3075536721113825, 0.543885797049901, -0.23152708203672764]}, "geometry": {"type": "Point", "coordinates": [-70.91646536765711, 42.46809094020981, 26.601840029336707]}}, {"type": "Feature", "properties": {"filename": "DJI_20260508085641_1457_V.JPG", "camera": "v2 dji m3t 4000 3000 brown 0.6666", "focal": 0.7188884491448521, "width": 4000, "height": 3000, "capture_time": 1778230601.0, "translation": [342465.3967461385, 4703650.3212022055, 26.66251683977618], "rotation": [0.6617019867430939, -2.6649709927113476, 1.0944801472983958]}, "geometry": {"type": "Point", "coordinates": [-70.91629638373095, 42.46918310435221, 26.66251683977618]}}, {"type": "Feature", "properties": {"filename": "DJI_20260508085801_1571_V.JPG", "camera": "v2 dji m3t 4000 3000 brown 0.6666", "focal": 0.7188884491448521, "width": 4000, "height": 3000, "capture_time": 1778230681.0, "translation": [342444.9138882749, 4703606.9246190945, 26.59956477437814], "rotation": [0.65603847435846, -2.664131441980265, 1.0970704260980144]}, "geometry": {"type": "Point", "coordinates": [-70.91653348729784, 42.46878833168938, 26.59956477437814]}}, {"type": "Feature", "properties": {"filename": "DJI_20260508084226_0329_V.JPG", "camera": "v2 dji m3t 4000 3000 brown 0.6666", "focal": 0.7188884491448521, "width": 4000, "height": 3000, "capture_time": 1778229746.0, "translation": [342395.10510706523, 4703602.118917857, 26.498945650350592], "rotation": [-1.6831246219276998, -2.644542171318099, -0.017399000944189464]}, "geometry": {"type": "Point", "coordinates": [-70.91713772183705, 42.46873494541662, 26.498945650350592]}}, {"type": "Feature", "properties": {"filename": "DJI_20260508084537_0579_V.JPG", "camera": "v2 dji m3t 4000 3000 brown 0.6666", "focal": 0.7188884491448521, "width": 4000, "height": 3000, "capture_time": 1778229937.0, "translation": [342500.916424123, 4703599.111987787, 26.505444635271804], "rotation": [1.3545827148176586, 2.2050258324514456, -0.9062116806057272]}, "geometry": {"type": "Point", "coordinates": [-70.91585048555125, 42.468729397783925, 26.505444635271804]}}, {"type": "Feature", "properties": {"filename": "DJI_20260508084937_0899_V.JPG", "camera": "v2 dji m3t 4000 3000 brown 0.6666", "focal": 0.7188884491448521, "width": 4000, "height": 3000, "capture_time": 1778230177.0, "translation": [342494.7892785804, 4703524.344967899, 26.629462442015708], "rotation": [2.3073432799453784, 0.5545650400285451, -0.23690306370049938]}, "geometry": {"type": "Point", "coordinates": [-70.91590444667028, 42.468055182838, 26.629462442015708]}}, {"type": "Feature", "properties": {"filename": "DJI_20260508090016_1765_V.JPG", "camera": "v2 dji m3t 4000 3000 brown 0.6666", "focal": 0.7188884491448521, "width": 4000, "height": 3000, "capture_time": 1778230816.0, "translation": [342365.8409158154, 4703625.2802101085, 26.583450269897277], "rotation": [0.6568829618015833, -2.6684902872511085, 1.0896601757639557]}, "geometry": {"type": "Point", "coordinates": [-70.91749986882057, 42.46893746373032, 26.583450269897277]}}, {"type": "Feature", "properties": {"filename": "DJI_20260508085402_1252_V.JPG", "camera": "v2 dji m3t 4000 3000 brown 0.6666", "focal": 0.7188884491448521, "width": 4000, "height": 3000, "capture_time": 1778230442.0, "translation": [342360.1989710889, 4703556.292416091, 26.5204975008594], "rotation": [2.077511460714082, -1.2562615544011468, 0.49694853471964867]}, "geometry": {"type": "Point", "coordinates": [-70.91754950173349, 42.46831536520238, 26.5204975008594]}}, {"type": "Feature", "properties": {"filename": "DJI_20260508085639_1454_V.JPG", "camera": "v2 dji m3t 4000 3000 brown 0.6666", "focal": 0.7188884491448521, "width": 4000, "height": 3000, "capture_time": 1778230599.0, "translation": [342471.68416208855, 4703637.836284838, 26.642794052743675], "rotation": [0.6618764597936323, -2.6666450173951857, 1.0952971915301977]}, "geometry": {"type": "Point", "coordinates": [-70.91621651450676, 42.469072007519955, 26.642794052743675]}}, {"type": "Feature", "properties": {"filename": "DJI_20260508085041_0990_V.JPG", "camera": "v2 dji m3t 4000 3000 brown 0.6666", "focal": 0.7188884491448521, "width": 4000, "height": 3000, "capture_time": 1778230241.0, "translation": [342505.7428306674, 4703570.269001516, 26.610330497423817], "rotation": [2.3105676598089278, 0.5524657512023206, -0.2292614857452035]}, "geometry": {"type": "Point", "coordinates": [-70.91578388856534, 42.46847076650716, 26.610330497423817]}}, {"type": "Feature", "properties": {"filename": "DJI_20260508085906_1665_V.JPG", "camera": "v2 dji m3t 4000 3000 brown 0.6666", "focal": 0.7188884491448521, "width": 4000, "height": 3000, "capture_time": 1778230746.0, "translation": [342396.19504154485, 4703647.521567318, 26.685639961863483], "rotation": [0.6603366187577544, -2.6644715319823606, 1.0929522877083853]}, "geometry": {"type": "Point", "coordinates": [-70.91713694609092, 42.46914383083122, 26.685639961863483]}}, {"type": "Feature", "properties": {"filename": "DJI_20260508085652_1473_V.JPG", "camera": "v2 dji m3t 4000 3000 brown 0.6666", "focal": 0.7188884491448521, "width": 4000, "height": 3000, "capture_time": 1778230612.0, "translation": [342451.5057914575, 4703663.68522754, 26.615842232991703], "rotation": [0.6703998766445585, -2.6758479114725353, 1.0815311740998903]}, "geometry": {"type": "Point", "coordinates": [-70.91646893623177, 42.469300567681536, 26.615842232991703]}}, {"type": "Feature", "properties": {"filename": "DJI_20260508085714_1505_V.JPG", "camera": "v2 dji m3t 4000 3000 brown 0.6666", "focal": 0.7188884491448521, "width": 4000, "height": 3000, "capture_time": 1778230634.0, "translation": [342436.5601489009, 4703676.839902151, 26.67427476813465], "rotation": [0.6586178449900235, -2.6648010008953884, 1.092995841975741]}, "geometry": {"type": "Point", "coordinates": [-70.91665425446614, 42.469415931897785, 26.67427476813465]}}, {"type": "Feature", "properties": {"filename": "DJI_20260508085651_1472_V.JPG", "camera": "v2 dji m3t 4000 3000 brown 0.6666", "focal": 0.7188884491448521, "width": 4000, "height": 3000, "capture_time": 1778230611.0, "translation": [342449.36290267407, 4703668.0317293685, 26.616388545826727], "rotation": [0.6700750321051082, -2.6753592338165015, 1.0811497920114403]}, "geometry": {"type": "Point", "coordinates": [-70.91649618272837, 42.46933925425329, 26.616388545826727]}}, {"type": "Feature", "properties": {"filename": "DJI_20260508085849_1640_V.JPG", "camera": "v2 dji m3t 4000 3000 brown 0.6666", "focal": 0.7188884491448521, "width": 4000, "height": 3000, "capture_time": 1778230729.0, "translation": [342418.7539473129, 4703616.617416091, 26.64551301272697], "rotation": [0.6635473444760849, -2.672287130643633, 1.092656877610708]}, "geometry": {"type": "Point", "coordinates": [-70.91685419218568, 42.46887025504353, 26.64551301272697]}}, {"type": "Feature", "properties": {"filename": "DJI_20260508084510_0540_V.JPG", "camera": "v2 dji m3t 4000 3000 brown 0.6666", "focal": 0.7188884491448521, "width": 4000, "height": 3000, "capture_time": 1778229910.0, "translation": [342544.39202166407, 4703628.10296521, 26.492798583463234], "rotation": [1.3545551432957266, 2.2163449404909525, -0.8956161575814883]}, "geometry": {"type": "Point", "coordinates": [-70.91532988516609, 42.46899917915175, 26.492798583463234]}}, {"type": "Feature", "properties": {"filename": "DJI_20260508083947_0102_V.JPG", "camera": "v2 dji m3t 4000 3000 brown 0.6666", "focal": 0.7188884491448521, "width": 4000, "height": 3000, "capture_time": 1778229587.0, "translation": [342431.37110453175, 4703564.285401932, 26.447035496401348], "rotation": [-1.6669778721803212, -2.657785309718413, -0.02243318514227667]}, "geometry": {"type": "Point", "coordinates": [-70.91668642191044, 42.46840178700103, 26.447035496401348]}}, {"type": "Feature", "properties": {"filename": "DJI_20260508085946_1722_V.JPG", "camera": "v2 dji m3t 4000 3000 brown 0.6666", "focal": 0.7188884491448521, "width": 4000, "height": 3000, "capture_time": 1778230786.0, "translation": [342395.7113891006, 4703606.462818967, 26.635252097919647], "rotation": [0.6699058519926783, -2.672829785492745, 1.0891949632881597]}, "geometry": {"type": "Point", "coordinates": [-70.91713154447268, 42.46877416767299, 26.635252097919647]}}, {"type": "Feature", "properties": {"filename": "DJI_20260508084515_0547_V.JPG", "camera": "v2 dji m3t 4000 3000 brown 0.6666", "focal": 0.7188884491448521, "width": 4000, "height": 3000, "capture_time": 1778229915.0, "translation": [342517.26505679823, 4703614.266573876, 26.49386286077613], "rotation": [1.3525724670550714, 2.217916072181933, -0.8932308232566912]}, "geometry": {"type": "Point", "coordinates": [-70.91565588631244, 42.46886912578888, 26.49386286077613]}}, {"type": "Feature", "properties": {"filename": "DJI_20260508084406_0449_V.JPG", "camera": "v2 dji m3t 4000 3000 brown 0.6666", "focal": 0.7188884491448521, "width": 4000, "height": 3000, "capture_time": 1778229846.0, "translation": [342443.7176849554, 4703605.544580352, 26.393268222301685], "rotation": [1.34676326751506, 2.2136966472835704, -0.8973356554073614]}, "geometry": {"type": "Point", "coordinates": [-70.91654765118305, 42.46877566686328, 26.393268222301685]}}, {"type": "Feature", "properties": {"filename": "DJI_20260508085701_1486_V.JPG", "camera": "v2 dji m3t 4000 3000 brown 0.6666", "focal": 0.7188884491448521, "width": 4000, "height": 3000, "capture_time": 1778230621.0, "translation": [342474.01812100445, 4703613.409296985, 26.59670906001877], "rotation": [0.6645057888227022, -2.6692407406071426, 1.0881994225925722]}, "geometry": {"type": "Point", "coordinates": [-70.91618143057353, 42.46885261762422, 26.59670906001877]}}, {"type": "Feature", "properties": {"filename": "DJI_20260508085315_1185_V.JPG", "camera": "v2 dji m3t 4000 3000 brown 0.6666", "focal": 0.7188884491448521, "width": 4000, "height": 3000, "capture_time": 1778230395.0, "translation": [342395.1170001894, 4703552.987675249, 26.61265247791612], "rotation": [2.074128305353913, -1.2509957465141586, 0.4985424135960279]}, "geometry": {"type": "Point", "coordinates": [-70.91712407772174, 42.468292723496056, 26.61265247791612]}}, {"type": "Feature", "properties": {"filename": "DJI_20260508085646_1464_V.JPG", "camera": "v2 dji m3t 4000 3000 brown 0.6666", "focal": 0.7188884491448521, "width": 4000, "height": 3000, "capture_time": 1778230606.0, "translation": [342449.95638944407, 4703679.910220109, 26.657289848154864], "rotation": [0.6629787049534386, -2.664884251949568, 1.0852208414617637]}, "geometry": {"type": "Point", "coordinates": [-70.91649223009017, 42.46944629181803, 26.657289848154864]}}, {"type": "Feature", "properties": {"filename": "DJI_20260508084045_0185_V.JPG", "camera": "v2 dji m3t 4000 3000 brown 0.6666", "focal": 0.7188884491448521, "width": 4000, "height": 3000, "capture_time": 1778229645.0, "translation": [342480.3446070192, 4703609.778193613, 26.508045205007804], "rotation": [-2.658690201403123, 1.6515735107776601, 0.012073603207426674]}, "geometry": {"type": "Point", "coordinates": [-70.91610351842596, 42.46882122078408, 26.508045205007804]}}, {"type": "Feature", "properties": {"filename": "DJI_20260508085702_1488_V.JPG", "camera": "v2 dji m3t 4000 3000 brown 0.6666", "focal": 0.7188884491448521, "width": 4000, "height": 3000, "capture_time": 1778230622.0, "translation": [342470.56715287524, 4703612.9938833425, 26.5806619938112], "rotation": [0.6614650154973444, -2.6697748233579115, 1.0914323286228416]}, "geometry": {"type": "Point", "coordinates": [-70.91622327201995, 42.468848176864164, 26.5806619938112]}}, {"type": "Feature", "properties": {"filename": "DJI_20260508084358_0438_V.JPG", "camera": "v2 dji m3t 4000 3000 brown 0.6666", "focal": 0.7188884491448521, "width": 4000, "height": 3000, "capture_time": 1778229838.0, "translation": [342490.2006302095, 4703628.7468880415, 26.451505865075028], "rotation": [1.344252254662418, 2.218319436338865, -0.8927727207018952]}, "geometry": {"type": "Point", "coordinates": [-70.91598890164363, 42.46899395961439, 26.451505865075028]}}, {"type": "Feature", "properties": {"filename": "DJI_20260508085639_1455_V.JPG", "camera": "v2 dji m3t 4000 3000 brown 0.6666", "focal": 0.7188884491448521, "width": 4000, "height": 3000, "capture_time": 1778230599.0, "translation": [342469.614543116, 4703641.919667919, 26.634000960565146], "rotation": [0.6623048059733961, -2.665596769264555, 1.0954707076411223]}, "geometry": {"type": "Point", "coordinates": [-70.91624279769232, 42.469108340755504, 26.634000960565146]}}, {"type": "Feature", "properties": {"filename": "DJI_20260508090013_1760_V.JPG", "camera": "v2 dji m3t 4000 3000 brown 0.6666", "focal": 0.7188884491448521, "width": 4000, "height": 3000, "capture_time": 1778230813.0, "translation": [342376.58600850764, 4703612.905436278, 26.63135278134863], "rotation": [0.6654420776302695, -2.6708029268040394, 1.087189896193405]}, "geometry": {"type": "Point", "coordinates": [-70.91736583344486, 42.46882826608028, 26.63135278134863]}}, {"type": "Feature", "properties": {"filename": "DJI_20260508084431_0484_V.JPG", "camera": "v2 dji m3t 4000 3000 brown 0.6666", "focal": 0.7188884491448521, "width": 4000, "height": 3000, "capture_time": 1778229871.0, "translation": [342538.06371481763, 4703638.923420143, 26.51789905736308], "rotation": [1.343694546250418, 2.2249700901948772, -0.8951248798020284]}, "geometry": {"type": "Point", "coordinates": [-70.91540979295027, 42.469095286688514, 26.51789905736308]}}, {"type": "Feature", "properties": {"filename": "DJI_20260508084108_0218_V.JPG", "camera": "v2 dji m3t 4000 3000 brown 0.6666", "focal": 0.7188884491448521, "width": 4000, "height": 3000, "capture_time": 1778229668.0, "translation": [342396.9342457112, 4703575.979267788, 26.521222663686416], "rotation": [-1.6603689752113073, -2.657025553353039, -0.014740372307383679]}, "geometry": {"type": "Point", "coordinates": [-70.9171083017266, 42.46850003769627, 26.521222663686416]}}, {"type": "Feature", "properties": {"filename": "DJI_20260508090015_1763_V.JPG", "camera": "v2 dji m3t 4000 3000 brown 0.6666", "focal": 0.7188884491448521, "width": 4000, "height": 3000, "capture_time": 1778230815.0, "translation": [342371.69704320165, 4703617.78316698, 26.60635215613364], "rotation": [0.6591024450817726, -2.6692637414207927, 1.088813939743966]}, "geometry": {"type": "Point", "coordinates": [-70.91742661197733, 42.4688711752603, 26.60635215613364]}}, {"type": "Feature", "properties": {"filename": "DJI_20260508084852_0835_V.JPG", "camera": "v2 dji m3t 4000 3000 brown 0.6666", "focal": 0.7188884491448521, "width": 4000, "height": 3000, "capture_time": 1778230132.0, "translation": [342450.5726352048, 4703567.880132018, 26.52402986581696], "rotation": [2.309886324481485, 0.5500254500472422, -0.22521421442741293]}, "geometry": {"type": "Point", "coordinates": [-70.91645396620233, 42.46843804762293, 26.52402986581696]}}, {"type": "Feature", "properties": {"filename": "DJI_20260508084148_0274_V.JPG", "camera": "v2 dji m3t 4000 3000 brown 0.6666", "focal": 0.7188884491448521, "width": 4000, "height": 3000, "capture_time": 1778229708.0, "translation": [342392.05088810105, 4703586.8147897, 26.52897747865445], "rotation": [-1.689192222610564, -2.638757919251405, -0.022454495020369076]}, "geometry": {"type": "Point", "coordinates": [-70.91717064861264, 42.468596573518305, 26.52897747865445]}}, {"type": "Feature", "properties": {"filename": "DJI_20260508084812_0777_V.JPG", "camera": "v2 dji m3t 4000 3000 brown 0.6666", "focal": 0.7188884491448521, "width": 4000, "height": 3000, "capture_time": 1778230092.0, "translation": [342461.59684145346, 4703506.002247217, 26.60712245026537], "rotation": [2.312122857666323, 0.5445228809653251, -0.23408995407019653]}, "geometry": {"type": "Point", "coordinates": [-70.91630294469, 42.467883333708436, 26.60712245026537]}}, {"type": "Feature", "properties": {"filename": "DJI_20260508085719_1512_V.JPG", "camera": "v2 dji m3t 4000 3000 brown 0.6666", "focal": 0.7188884491448521, "width": 4000, "height": 3000, "capture_time": 1778230639.0, "translation": [342438.3404405829, 4703661.813050433, 26.672976833889773], "rotation": [0.664916042494404, -2.674554184009726, 1.089442908179211]}, "geometry": {"type": "Point", "coordinates": [-70.91662848229068, 42.46928103907928, 26.672976833889773]}}, {"type": "Feature", "properties": {"filename": "DJI_20260508084117_0231_V.JPG", "camera": "v2 dji m3t 4000 3000 brown 0.6666", "focal": 0.7188884491448521, "width": 4000, "height": 3000, "capture_time": 1778229677.0, "translation": [342428.8849343113, 4703598.128401455, 26.43600317330967], "rotation": [-2.641864072050318, 1.6595012271538847, -0.019982156359204122]}, "geometry": {"type": "Point", "coordinates": [-70.91672594446366, 42.46870589816533, 26.43600317330967]}}, {"type": "Feature", "properties": {"filename": "DJI_20260508083937_0088_V.JPG", "camera": "v2 dji m3t 4000 3000 brown 0.6666", "focal": 0.7188884491448521, "width": 4000, "height": 3000, "capture_time": 1778229577.0, "translation": [342490.55912593415, 4703593.707120433, 26.43690116290586], "rotation": [-1.662474018023333, -2.6509828532860746, -0.0019231008433215737]}, "geometry": {"type": "Point", "coordinates": [-70.9159749211651, 42.468678643616045, 26.43690116290586]}}, {"type": "Feature", "properties": {"filename": "DJI_20260508084108_0217_V.JPG", "camera": "v2 dji m3t 4000 3000 brown 0.6666", "focal": 0.7188884491448521, "width": 4000, "height": 3000, "capture_time": 1778229668.0, "translation": [342400.73582976597, 4703577.145229453, 26.428085531502862], "rotation": [-1.6713756279555312, -2.6491386162220554, -0.015960242230659637]}, "geometry": {"type": "Point", "coordinates": [-70.9170624041753, 42.46851130568655, 26.428085531502862]}}, {"type": "Feature", "properties": {"filename": "DJI_20260508084016_0143_V.JPG", "camera": "v2 dji m3t 4000 3000 brown 0.6666", "focal": 0.7188884491448521, "width": 4000, "height": 3000, "capture_time": 1778229616.0, "translation": [342484.2936589429, 4703604.639428566, 26.46252113309585], "rotation": [-1.6633075325099338, -2.6492510456166043, 0.0027193062518353368]}, "geometry": {"type": "Point", "coordinates": [-70.91605409622893, 42.46877577024992, 26.46252113309585]}}, {"type": "Feature", "properties": {"filename": "DJI_20260508085938_1710_V.JPG", "camera": "v2 dji m3t 4000 3000 brown 0.6666", "focal": 0.7188884491448521, "width": 4000, "height": 3000, "capture_time": 1778230778.0, "translation": [342377.72564925556, 4703648.544815356, 26.657989900987822], "rotation": [0.6644883911776883, -2.6661848164354, 1.0877110671332202]}, "geometry": {"type": "Point", "coordinates": [-70.91736177190327, 42.469149283586155, 26.657989900987822]}}, {"type": "Feature", "properties": {"filename": "DJI_20260508083847_0016_V.JPG", "camera": "v2 dji m3t 4000 3000 brown 0.6666", "focal": 0.7188884491448521, "width": 4000, "height": 3000, "capture_time": 1778229527.0, "translation": [342479.6618693522, 4703567.172131696, 26.44145801850367], "rotation": [-2.668221236616228, 1.618011295610348, -0.0010535027899543905]}, "geometry": {"type": "Point", "coordinates": [-70.91610011845577, 42.468437589768605, 26.44145801850367]}}, {"type": "Feature", "properties": {"filename": "DJI_20260508085911_1672_V.JPG", "camera": "v2 dji m3t 4000 3000 brown 0.6666", "focal": 0.7188884491448521, "width": 4000, "height": 3000, "capture_time": 1778230751.0, "translation": [342389.201234699, 4703647.782627051, 26.616141333290447], "rotation": [0.6661363008644715, -2.6725891444631134, 1.085880263999974]}, "geometry": {"type": "Point", "coordinates": [-70.91722204616732, 42.46914475784424, 26.616141333290447]}}, {"type": "Feature", "properties": {"filename": "DJI_20260508083957_0116_V.JPG", "camera": "v2 dji m3t 4000 3000 brown 0.6666", "focal": 0.7188884491448521, "width": 4000, "height": 3000, "capture_time": 1778229597.0, "translation": [342431.5430339846, 4703571.351468074, 26.478730414934038], "rotation": [-2.649890663947291, 1.6494050264679136, -0.02756681118372843]}, "geometry": {"type": "Point", "coordinates": [-70.91668627272227, 42.46846542278674, 26.478730414934038]}}, {"type": "Feature", "properties": {"filename": "DJI_20260508090010_1756_V.JPG", "camera": "v2 dji m3t 4000 3000 brown 0.6666", "focal": 0.7188884491448521, "width": 4000, "height": 3000, "capture_time": 1778230810.0, "translation": [342373.5552340497, 4703622.493967205, 26.595979037024534], "rotation": [0.6670297485716454, -2.673836434415725, 1.0882348311598433]}, "geometry": {"type": "Point", "coordinates": [-70.91740531538433, 42.46891395464784, 26.595979037024534]}}, {"type": "Feature", "properties": {"filename": "DJI_20260508085610_1413_V.JPG", "camera": "v2 dji m3t 4000 3000 brown 0.6666", "focal": 0.7188884491448521, "width": 4000, "height": 3000, "capture_time": 1778230570.0, "translation": [342486.3829465738, 4703636.979833728, 26.62523507396995], "rotation": [0.6601500144145342, -2.66664604310494, 1.0853161524249562]}, "geometry": {"type": "Point", "coordinates": [-70.91603757654468, 42.469067287239746, 26.62523507396995]}}, {"type": "Feature", "properties": {"filename": "DJI_20260508085709_1497_V.JPG", "camera": "v2 dji m3t 4000 3000 brown 0.6666", "focal": 0.7188884491448521, "width": 4000, "height": 3000, "capture_time": 1778230629.0, "translation": [342453.52786513517, 4703645.706683294, 26.689950853910403], "rotation": [0.6527742265789992, -2.6639901672264443, 1.0965373833081986]}, "geometry": {"type": "Point", "coordinates": [-70.91643941425683, 42.469139156143505, 26.689950853910403]}}, {"type": "Feature", "properties": {"filename": "DJI_20260508090002_1744_V.JPG", "camera": "v2 dji m3t 4000 3000 brown 0.6666", "focal": 0.7188884491448521, "width": 4000, "height": 3000, "capture_time": 1778230802.0, "translation": [342376.7400484866, 4703629.9883822575, 26.676405125701937], "rotation": [0.6539728550560447, -2.6652861088846187, 1.0966800622293997]}, "geometry": {"type": "Point", "coordinates": [-70.91736865511693, 42.468982058907145, 26.676405125701937]}}, {"type": "Feature", "properties": {"filename": "DJI_20260508085519_1362_V.JPG", "camera": "v2 dji m3t 4000 3000 brown 0.6666", "focal": 0.7188884491448521, "width": 4000, "height": 3000, "capture_time": 1778230519.0, "translation": [342342.85989924875, 4703570.416295997, 26.505980114312834], "rotation": [2.068831684482732, -1.2686371548639257, 0.508739188301817]}, "geometry": {"type": "Point", "coordinates": [-70.91776418347091, 42.46843896436903, 26.505980114312834]}}, {"type": "Feature", "properties": {"filename": "DJI_20260508084443_0502_V.JPG", "camera": "v2 dji m3t 4000 3000 brown 0.6666", "focal": 0.7188884491448521, "width": 4000, "height": 3000, "capture_time": 1778229883.0, "translation": [342465.4188038183, 4703602.327737639, 26.404257568228196], "rotation": [1.34031089177381, 2.2154463159232027, -0.906871115019187]}, "geometry": {"type": "Point", "coordinates": [-70.91628293423392, 42.4687511253208, 26.404257568228196]}}, {"type": "Feature", "properties": {"filename": "DJI_20260508085603_1403_V.JPG", "camera": "v2 dji m3t 4000 3000 brown 0.6666", "focal": 0.7188884491448521, "width": 4000, "height": 3000, "capture_time": 1778230563.0, "translation": [342492.4124308921, 4703638.527924432, 26.620409236770488], "rotation": [0.664247090593138, -2.6725615654635435, 1.0801877675949016]}, "geometry": {"type": "Point", "coordinates": [-70.91596469725813, 42.46908244724949, 26.620409236770488]}}, {"type": "Feature", "properties": {"filename": "DJI_20260508084517_0550_V.JPG", "camera": "v2 dji m3t 4000 3000 brown 0.6666", "focal": 0.7188884491448521, "width": 4000, "height": 3000, "capture_time": 1778229917.0, "translation": [342504.93740763416, 4703608.147741865, 26.47148921611388], "rotation": [1.3510702490911568, 2.216313600678017, -0.8934494633138154]}, "geometry": {"type": "Point", "coordinates": [-70.91580408108278, 42.468811544974095, 26.47148921611388]}}, {"type": "Feature", "properties": {"filename": "DJI_20260508084838_0815_V.JPG", "camera": "v2 dji m3t 4000 3000 brown 0.6666", "focal": 0.7188884491448521, "width": 4000, "height": 3000, "capture_time": 1778230118.0, "translation": [342466.39649286075, 4703522.283052543, 26.604845390619396], "rotation": [2.3031550061971213, 0.5497432931577558, -0.23212460526311074]}, "geometry": {"type": "Point", "coordinates": [-70.91624906452715, 42.468030851258455, 26.604845390619396]}}, {"type": "Feature", "properties": {"filename": "DJI_20260508084503_0530_V.JPG", "camera": "v2 dji m3t 4000 3000 brown 0.6666", "focal": 0.7188884491448521, "width": 4000, "height": 3000, "capture_time": 1778229903.0, "translation": [342519.6233855621, 4703622.456611205, 26.551423352988728], "rotation": [1.354642381097064, 2.210148259392188, -0.9063248992761449]}, "geometry": {"type": "Point", "coordinates": [-70.9156294632468, 42.46894332274741, 26.551423352988728]}}, {"type": "Feature", "properties": {"filename": "DJI_20260508085758_1567_V.JPG", "camera": "v2 dji m3t 4000 3000 brown 0.6666", "focal": 0.7188884491448521, "width": 4000, "height": 3000, "capture_time": 1778230678.0, "translation": [342450.65010785806, 4703600.289405562, 26.571125303903678], "rotation": [0.6621526979463545, -2.6675685916650185, 1.0926120861056596]}, "geometry": {"type": "Point", "coordinates": [-70.91646192614085, 42.46872977541835, 26.571125303903678]}}, {"type": "Feature", "properties": {"filename": "DJI_20260508084317_0379_V.JPG", "camera": "v2 dji m3t 4000 3000 brown 0.6666", "focal": 0.7188884491448521, "width": 4000, "height": 3000, "capture_time": 1778229797.0, "translation": [342490.9257386196, 4703643.111038192, 26.517238119396012], "rotation": [1.3444350983055005, 2.2235508203250087, -0.897000249081019]}, "geometry": {"type": "Point", "coordinates": [-70.9159840305056, 42.469123397074505, 26.517238119396012]}}, {"type": "Feature", "properties": {"filename": "DJI_20260508084009_0133_V.JPG", "camera": "v2 dji m3t 4000 3000 brown 0.6666", "focal": 0.7188884491448521, "width": 4000, "height": 3000, "capture_time": 1778229609.0, "translation": [342503.0087253641, 4703607.408619053, 26.475066714542347], "rotation": [-2.656936313855415, 1.6580703126395724, 0.003921993305893378]}, "geometry": {"type": "Point", "coordinates": [-70.91582732629647, 42.46880450014346, 26.475066714542347]}}, {"type": "Feature", "properties": {"filename": "DJI_20260508084132_0252_V.JPG", "camera": "v2 dji m3t 4000 3000 brown 0.6666", "focal": 0.7188884491448521, "width": 4000, "height": 3000, "capture_time": 1778229692.0, "translation": [342484.72196934023, 4703632.694116203, 26.413184033424535], "rotation": [-1.7091543896497567, -2.6236523925705493, 0.0017941692548914276]}, "geometry": {"type": "Point", "coordinates": [-70.91605659320783, 42.46902837430334, 26.413184033424535]}}, {"type": "Feature", "properties": {"filename": "DJI_20260508085233_1125_V.JPG", "camera": "v2 dji m3t 4000 3000 brown 0.6666", "focal": 0.7188884491448521, "width": 4000, "height": 3000, "capture_time": 1778230353.0, "translation": [342424.5225583882, 4703553.717898733, 26.590821704876664], "rotation": [2.0706572824963296, -1.2487719886360586, 0.5019335044807526]}, "geometry": {"type": "Point", "coordinates": [-70.91676678025, 42.46830527731135, 26.590821704876664]}}, {"type": "Feature", "properties": {"filename": "DJI_20260508084141_0265_V.JPG", "camera": "v2 dji m3t 4000 3000 brown 0.6666", "focal": 0.7188884491448521, "width": 4000, "height": 3000, "capture_time": 1778229701.0, "translation": [342430.40307186777, 4703605.759182852, 26.468113224315243], "rotation": [-1.6783353202084377, -2.6412423926293997, -0.016998596586472434]}, "geometry": {"type": "Point", "coordinates": [-70.91670958380658, 42.46877489067335, 26.468113224315243]}}, {"type": "Feature", "properties": {"filename": "DJI_20260508084046_0186_V.JPG", "camera": "v2 dji m3t 4000 3000 brown 0.6666", "focal": 0.7188884491448521, "width": 4000, "height": 3000, "capture_time": 1778229646.0, "translation": [342484.20987554727, 4703611.702079441, 26.489049106183337], "rotation": [-2.6595555179761736, 1.6522987038550496, 0.013923292308606863]}, "geometry": {"type": "Point", "coordinates": [-70.9160570543324, 42.468839323314306, 26.489049106183337]}}, {"type": "Feature", "properties": {"filename": "DJI_20260508085309_1176_V.JPG", "camera": "v2 dji m3t 4000 3000 brown 0.6666", "focal": 0.7188884491448521, "width": 4000, "height": 3000, "capture_time": 1778230389.0, "translation": [342433.0830294565, 4703572.004313346, 26.586952796557735], "rotation": [2.0660602846349816, -1.253287437692453, 0.5046313149713993]}, "geometry": {"type": "Point", "coordinates": [-70.91666772950902, 42.46847161216521, 26.586952796557735]}}, {"type": "Feature", "properties": {"filename": "DJI_20260508085942_1716_V.JPG", "camera": "v2 dji m3t 4000 3000 brown 0.6666", "focal": 0.7188884491448521, "width": 4000, "height": 3000, "capture_time": 1778230782.0, "translation": [342383.0871280577, 4703631.621397249, 26.600121310204056], "rotation": [0.6707057818181498, -2.6739534587984313, 1.0859176199453253]}, "geometry": {"type": "Point", "coordinates": [-70.91729193841084, 42.46899804876083, 26.600121310204056]}}, {"type": "Feature", "properties": {"filename": "DJI_20260508084054_0198_V.JPG", "camera": "v2 dji m3t 4000 3000 brown 0.6666", "focal": 0.7188884491448521, "width": 4000, "height": 3000, "capture_time": 1778229654.0, "translation": [342480.9126324143, 4703616.994215302, 26.50758668268382], "rotation": [-1.669031809016025, -2.6464032738678407, 0.002722836592130776]}, "geometry": {"type": "Point", "coordinates": [-70.91609859425841, 42.468886286841126, 26.50758668268382]}}, {"type": "Feature", "properties": {"filename": "DJI_20260508084204_0297_V.JPG", "camera": "v2 dji m3t 4000 3000 brown 0.6666", "focal": 0.7188884491448521, "width": 4000, "height": 3000, "capture_time": 1778229724.0, "translation": [342458.34937195084, 4703626.8369200695, 26.528205174917332], "rotation": [-2.643764385563839, 1.6735788839110548, 0.0063132358376786655]}, "geometry": {"type": "Point", "coordinates": [-70.91637561317681, 42.46897029208866, 26.528205174917332]}}, {"type": "Feature", "properties": {"filename": "DJI_20260508085010_0946_V.JPG", "camera": "v2 dji m3t 4000 3000 brown 0.6666", "focal": 0.7188884491448521, "width": 4000, "height": 3000, "capture_time": 1778230210.0, "translation": [342504.0441834442, 4703545.592711688, 26.721031970263162], "rotation": [2.3117112449605757, 0.5490703383292403, -0.2294927445187198]}, "geometry": {"type": "Point", "coordinates": [-70.91579776450806, 42.4682483127418, 26.721031970263162]}}, {"type": "Feature", "properties": {"filename": "DJI_20260508084811_0776_V.JPG", "camera": "v2 dji m3t 4000 3000 brown 0.6666", "focal": 0.7188884491448521, "width": 4000, "height": 3000, "capture_time": 1778230091.0, "translation": [342459.4549252623, 4703508.603481367, 26.61830921715277], "rotation": [2.311194621479387, 0.5441177506154102, -0.23553602399092394]}, "geometry": {"type": "Point", "coordinates": [-70.91632969928727, 42.467906311589694, 26.61830921715277]}}, {"type": "Feature", "properties": {"filename": "DJI_20260508085248_1146_V.JPG", "camera": "v2 dji m3t 4000 3000 brown 0.6666", "focal": 0.7188884491448521, "width": 4000, "height": 3000, "capture_time": 1778230368.0, "translation": [342397.05052156065, 4703547.059583813, 26.49901998704884], "rotation": [2.086107930678691, -1.2530166624409584, 0.49985646247712057]}, "geometry": {"type": "Point", "coordinates": [-70.91709894215028, 42.46823975877977, 26.49901998704884]}}, {"type": "Feature", "properties": {"filename": "DJI_20260508084909_0859_V.JPG", "camera": "v2 dji m3t 4000 3000 brown 0.6666", "focal": 0.7188884491448521, "width": 4000, "height": 3000, "capture_time": 1778230149.0, "translation": [342484.1642676347, 4703517.796185119, 26.548620336768618], "rotation": [2.3084074252810702, 0.5528981870595489, -0.2373280349040652]}, "geometry": {"type": "Point", "coordinates": [-70.9160318215049, 42.46799407795513, 26.548620336768618]}}, {"type": "Feature", "properties": {"filename": "DJI_20260508085918_1682_V.JPG", "camera": "v2 dji m3t 4000 3000 brown 0.6666", "focal": 0.7188884491448521, "width": 4000, "height": 3000, "capture_time": 1778230758.0, "translation": [342409.8395570263, 4703606.496153119, 26.666909360043856], "rotation": [0.6698954981345255, -2.6730784123397475, 1.0909222197055493]}, "geometry": {"type": "Point", "coordinates": [-70.91695978912853, 42.46877734158921, 26.666909360043856]}}, {"type": "Feature", "properties": {"filename": "DJI_20260508084005_0127_V.JPG", "camera": "v2 dji m3t 4000 3000 brown 0.6666", "focal": 0.7188884491448521, "width": 4000, "height": 3000, "capture_time": 1778229605.0, "translation": [342477.8024277441, 4703594.541722765, 26.491497833471836], "rotation": [-2.650478068860814, 1.6532111043390398, -0.005274605687312547]}, "geometry": {"type": "Point", "coordinates": [-70.91613024094636, 42.4686835622208, 26.491497833471836]}}, {"type": "Feature", "properties": {"filename": "DJI_20260508085808_1582_V.JPG", "camera": "v2 dji m3t 4000 3000 brown 0.6666", "focal": 0.7188884491448521, "width": 4000, "height": 3000, "capture_time": 1778230688.0, "translation": [342421.4251618409, 4703653.550376536, 26.67869580179085], "rotation": [0.6607462618310312, -2.6622269493470223, 1.0977299533054927]}, "geometry": {"type": "Point", "coordinates": [-70.91683186304122, 42.46920322746474, 26.67869580179085]}}, {"type": "Feature", "properties": {"filename": "DJI_20260508085454_1326_V.JPG", "camera": "v2 dji m3t 4000 3000 brown 0.6666", "focal": 0.7188884491448521, "width": 4000, "height": 3000, "capture_time": 1778230494.0, "translation": [342423.5054082958, 4703602.329338866, 26.465303553821], "rotation": [2.0734478322214627, -1.2594709162711892, 0.5066417287432532]}, "geometry": {"type": "Point", "coordinates": [-70.91679250055756, 42.468742616187804, 26.465303553821]}}, {"type": "Feature", "properties": {"filename": "DJI_20260508084436_0492_V.JPG", "camera": "v2 dji m3t 4000 3000 brown 0.6666", "focal": 0.7188884491448521, "width": 4000, "height": 3000, "capture_time": 1778229876.0, "translation": [342507.67980070575, 4703623.594466839, 26.51945818673435], "rotation": [1.3402638179782151, 2.222959183967506, -0.8950816042852283]}, "geometry": {"type": "Point", "coordinates": [-70.91577498140451, 42.468951136646574, 26.51945818673435]}}, {"type": "Feature", "properties": {"filename": "DJI_20260508084541_0584_V.JPG", "camera": "v2 dji m3t 4000 3000 brown 0.6666", "focal": 0.7188884491448521, "width": 4000, "height": 3000, "capture_time": 1778229941.0, "translation": [342521.9671268941, 4703609.714765918, 26.512513157489096], "rotation": [1.3573806683138785, 2.20637235289344, -0.906951281585214]}, "geometry": {"type": "Point", "coordinates": [-70.91559747063872, 42.46882911124996, 26.512513157489096]}}, {"type": "Feature", "properties": {"filename": "DJI_20260508085855_1648_V.JPG", "camera": "v2 dji m3t 4000 3000 brown 0.6666", "focal": 0.7188884491448521, "width": 4000, "height": 3000, "capture_time": 1778230735.0, "translation": [342429.6195132695, 4703588.256761102, 26.5852337451616], "rotation": [0.6625570048806698, -2.6668810995965107, 1.0961779401015863]}, "geometry": {"type": "Point", "coordinates": [-70.9167143019569, 42.468617194110536, 26.5852337451616]}}, {"type": "Feature", "properties": {"filename": "DJI_20260508084553_0602_V.JPG", "camera": "v2 dji m3t 4000 3000 brown 0.6666", "focal": 0.7188884491448521, "width": 4000, "height": 3000, "capture_time": 1778229953.0, "translation": [342524.7170403818, 4703604.082515649, 26.49598491200808], "rotation": [1.351454486424349, 2.215062727531641, -0.8947781006000134]}, "geometry": {"type": "Point", "coordinates": [-70.91556249196148, 42.4687789749529, 26.49598491200808]}}, {"type": "Feature", "properties": {"filename": "DJI_20260508084513_0544_V.JPG", "camera": "v2 dji m3t 4000 3000 brown 0.6666", "focal": 0.7188884491448521, "width": 4000, "height": 3000, "capture_time": 1778229913.0, "translation": [342530.0600265928, 4703620.7967952965, 26.504613826302982], "rotation": [1.3526858061252243, 2.2195092489877966, -0.8911226190209909]}, "geometry": {"type": "Point", "coordinates": [-70.91550212269368, 42.46893050427, 26.504613826302982]}}, {"type": "Feature", "properties": {"filename": "DJI_20260508083932_0080_V.JPG", "camera": "v2 dji m3t 4000 3000 brown 0.6666", "focal": 0.7188884491448521, "width": 4000, "height": 3000, "capture_time": 1778229572.0, "translation": [342513.3084495754, 4703600.385995294, 26.396240364288815], "rotation": [-3.0270197937276926, 0.8302031526292233, 0.003573685739068386]}, "geometry": {"type": "Point", "coordinates": [-70.91570017815022, 42.468743384029956, 26.396240364288815]}}, {"type": "Feature", "properties": {"filename": "DJI_20260508085749_1555_V.JPG", "camera": "v2 dji m3t 4000 3000 brown 0.6666", "focal": 0.7188884491448521, "width": 4000, "height": 3000, "capture_time": 1778230669.0, "translation": [342433.11936687335, 4703644.01019149, 26.619495983297014], "rotation": [0.6664226886239919, -2.6708218771542485, 1.0897240660834075]}, "geometry": {"type": "Point", "coordinates": [-70.91668706791324, 42.46911973584801, 26.619495983297014]}}, {"type": "Feature", "properties": {"filename": "DJI_20260508084755_0753_V.JPG", "camera": "v2 dji m3t 4000 3000 brown 0.6666", "focal": 0.7188884491448521, "width": 4000, "height": 3000, "capture_time": 1778230075.0, "translation": [342428.5786626238, 4703555.61674111, 26.525868297828687], "rotation": [2.3112223023595995, 0.5485811024553193, -0.22514866531008723]}, "geometry": {"type": "Point", "coordinates": [-70.9167179897679, 42.46832319349944, 26.525868297828687]}}, {"type": "Feature", "properties": {"filename": "DJI_20260508085611_1415_V.JPG", "camera": "v2 dji m3t 4000 3000 brown 0.6666", "focal": 0.7188884491448521, "width": 4000, "height": 3000, "capture_time": 1778230571.0, "translation": [342482.1089736787, 4703645.427310336, 26.625550277146996], "rotation": [0.662845423973213, -2.664903345510753, 1.0878184870917162]}, "geometry": {"type": "Point", "coordinates": [-70.91609185789063, 42.4691424530386, 26.625550277146996]}}, {"type": "Feature", "properties": {"filename": "DJI_20260508084552_0600_V.JPG", "camera": "v2 dji m3t 4000 3000 brown 0.6666", "focal": 0.7188884491448521, "width": 4000, "height": 3000, "capture_time": 1778229952.0, "translation": [342533.4034921731, 4703608.340658981, 26.492324584532145], "rotation": [1.3537895107312568, 2.2164161919704113, -0.8947477347729247]}, "geometry": {"type": "Point", "coordinates": [-70.91545805449961, 42.4688190675573, 26.492324584532145]}}, {"type": "Feature", "properties": {"filename": "DJI_20260508085341_1222_V.JPG", "camera": "v2 dji m3t 4000 3000 brown 0.6666", "focal": 0.7188884491448521, "width": 4000, "height": 3000, "capture_time": 1778230421.0, "translation": [342460.8910101381, 4703598.985116277, 26.452393737862263], "rotation": [2.0650082902942994, -1.2516512035456229, 0.5090139594448274]}, "geometry": {"type": "Point", "coordinates": [-70.91633706324328, 42.46872011811253, 26.452393737862263]}}, {"type": "Feature", "properties": {"filename": "DJI_20260508084716_0697_V.JPG", "camera": "v2 dji m3t 4000 3000 brown 0.6666", "focal": 0.7188884491448521, "width": 4000, "height": 3000, "capture_time": 1778230036.0, "translation": [342425.7252874828, 4703522.395584898, 26.62461325881248], "rotation": [2.3116168238661268, 0.547360834843282, -0.232820548874252]}, "geometry": {"type": "Point", "coordinates": [-70.91674355362959, 42.468023593507475, 26.62461325881248]}}, {"type": "Feature", "properties": {"filename": "DJI_20260508084543_0587_V.JPG", "camera": "v2 dji m3t 4000 3000 brown 0.6666", "focal": 0.7188884491448521, "width": 4000, "height": 3000, "capture_time": 1778229943.0, "translation": [342534.5516358634, 4703615.970370534, 26.51537913819171], "rotation": [1.3588063325334168, 2.2078690449622522, -0.9064149203621769]}, "geometry": {"type": "Point", "coordinates": [-70.91544619037082, 42.4688879750823, 26.51537913819171]}}, {"type": "Feature", "properties": {"filename": "DJI_20260508085313_1182_V.JPG", "camera": "v2 dji m3t 4000 3000 brown 0.6666", "focal": 0.7188884491448521, "width": 4000, "height": 3000, "capture_time": 1778230393.0, "translation": [342407.704715322, 4703559.298576271, 26.628590834926154], "rotation": [2.0712223306237987, -1.2523655784916528, 0.4990125525812408]}, "geometry": {"type": "Point", "coordinates": [-70.91697277644589, 42.46835208766365, 26.628590834926154]}}, {"type": "Feature", "properties": {"filename": "DJI_20260508085058_1014_V.JPG", "camera": "v2 dji m3t 4000 3000 brown 0.6666", "focal": 0.7188884491448521, "width": 4000, "height": 3000, "capture_time": 1778230258.0, "translation": [342519.4011282872, 4703556.9591748575, 26.654852414305157], "rotation": [2.304953376374504, 0.554751515224034, -0.23777373095934787]}, "geometry": {"type": "Point", "coordinates": [-70.91561418305864, 42.468353742604506, 26.654852414305157]}}, {"type": "Feature", "properties": {"filename": "DJI_20260508085349_1234_V.JPG", "camera": "v2 dji m3t 4000 3000 brown 0.6666", "focal": 0.7188884491448521, "width": 4000, "height": 3000, "capture_time": 1778230429.0, "translation": [342415.56714918156, 4703577.300641881, 26.592591366215657], "rotation": [2.065651653046875, -1.2564619263226005, 0.504879923999895]}, "geometry": {"type": "Point", "coordinates": [-70.91688213448663, 42.468515721315676, 26.592591366215657]}}, {"type": "Feature", "properties": {"filename": "DJI_20260508084433_0487_V.JPG", "camera": "v2 dji m3t 4000 3000 brown 0.6666", "focal": 0.7188884491448521, "width": 4000, "height": 3000, "capture_time": 1778229873.0, "translation": [342528.5208395451, 4703633.920444928, 26.57415458980109], "rotation": [1.3420915936069604, 2.227918002273143, -0.8893764678505433]}, "geometry": {"type": "Point", "coordinates": [-70.91552443851471, 42.469048315901716, 26.57415458980109]}}, {"type": "Feature", "properties": {"filename": "DJI_20260508084509_0538_V.JPG", "camera": "v2 dji m3t 4000 3000 brown 0.6666", "focal": 0.7188884491448521, "width": 4000, "height": 3000, "capture_time": 1778229909.0, "translation": [342546.30309295794, 4703630.957137343, 26.467573185265195], "rotation": [1.3557375125751143, 2.214146968274196, -0.8959148194355343]}, "geometry": {"type": "Point", "coordinates": [-70.91530743452785, 42.46902525762503, 26.467573185265195]}}, {"type": "Feature", "properties": {"filename": "DJI_20260508084842_0820_V.JPG", "camera": "v2 dji m3t 4000 3000 brown 0.6666", "focal": 0.7188884491448521, "width": 4000, "height": 3000, "capture_time": 1778230122.0, "translation": [342476.07762144785, 4703512.271760456, 26.607990323414118], "rotation": [2.3077456484063426, 0.5519571434298691, -0.2307218552106684]}, "geometry": {"type": "Point", "coordinates": [-70.91612861738734, 42.467942709154265, 26.607990323414118]}}, {"type": "Feature", "properties": {"filename": "DJI_20260508084936_0897_V.JPG", "camera": "v2 dji m3t 4000 3000 brown 0.6666", "focal": 0.7188884491448521, "width": 4000, "height": 3000, "capture_time": 1778230176.0, "translation": [342490.5960549262, 4703530.2886551125, 26.649146435028875], "rotation": [2.304645892114827, 0.5545507031718259, -0.23869355847857063]}, "geometry": {"type": "Point", "coordinates": [-70.91595705771094, 42.46810782882841, 26.649146435028875]}}, {"type": "Feature", "properties": {"filename": "DJI_20260508084432_0486_V.JPG", "camera": "v2 dji m3t 4000 3000 brown 0.6666", "focal": 0.7188884491448521, "width": 4000, "height": 3000, "capture_time": 1778229872.0, "translation": [342532.9042753466, 4703636.131808994, 26.505617771949787], "rotation": [1.342468437494013, 2.2275335832782837, -0.8906617305807091]}, "geometry": {"type": "Point", "coordinates": [-70.91547175330065, 42.469069111079165, 26.505617771949787]}}, {"type": "Feature", "properties": {"filename": "DJI_20260508085017_0955_V.JPG", "camera": "v2 dji m3t 4000 3000 brown 0.6666", "focal": 0.7188884491448521, "width": 4000, "height": 3000, "capture_time": 1778230217.0, "translation": [342484.80366599147, 4703583.64856619, 26.602862953042706], "rotation": [2.3077934348800033, 0.5495427807955364, -0.2297492325991137]}, "geometry": {"type": "Point", "coordinates": [-70.91604213145443, 42.46858693762504, 26.602862953042706]}}, {"type": "Feature", "properties": {"filename": "DJI_20260508083948_0104_V.JPG", "camera": "v2 dji m3t 4000 3000 brown 0.6666", "focal": 0.7188884491448521, "width": 4000, "height": 3000, "capture_time": 1778229588.0, "translation": [342422.9334154672, 4703559.997469131, 26.440356458665132], "rotation": [-1.6678420602732986, -2.6584932075726795, -0.02747542385915954]}, "geometry": {"type": "Point", "coordinates": [-70.91678782534281, 42.46836147576697, 26.440356458665132]}}, {"type": "Feature", "properties": {"filename": "DJI_20260508084547_0593_V.JPG", "camera": "v2 dji m3t 4000 3000 brown 0.6666", "focal": 0.7188884491448521, "width": 4000, "height": 3000, "capture_time": 1778229947.0, "translation": [342553.05139169074, 4703620.611303749, 26.47909531027247], "rotation": [1.3609988272175184, 2.210460994777674, -0.8992652170232801]}, "geometry": {"type": "Point", "coordinates": [-70.91522255116408, 42.46893350737598, 26.47909531027247]}}, {"type": "Feature", "properties": {"filename": "DJI_20260508085500_1335_V.JPG", "camera": "v2 dji m3t 4000 3000 brown 0.6666", "focal": 0.7188884491448521, "width": 4000, "height": 3000, "capture_time": 1778230500.0, "translation": [342448.28848874354, 4703619.874483075, 26.498962966542557], "rotation": [2.067201896712169, -1.2557643330653403, 0.508495319161971]}, "geometry": {"type": "Point", "coordinates": [-70.91649601728454, 42.46890557813032, 26.498962966542557]}}, {"type": "Feature", "properties": {"filename": "DJI_20260508084631_0656_V.JPG", "camera": "v2 dji m3t 4000 3000 brown 0.6666", "focal": 0.7188884491448521, "width": 4000, "height": 3000, "capture_time": 1778229991.0, "translation": [342527.96753939294, 4703591.581429802, 26.477824316652267], "rotation": [1.352482245352764, 2.21170933193718, -0.8959421243585661]}, "geometry": {"type": "Point", "coordinates": [-70.91551954168574, 42.46866711477932, 26.477824316652267]}}, {"type": "Feature", "properties": {"filename": "DJI_20260508085622_1431_V.JPG", "camera": "v2 dji m3t 4000 3000 brown 0.6666", "focal": 0.7188884491448521, "width": 4000, "height": 3000, "capture_time": 1778230582.0, "translation": [342457.6263163738, 4703679.929497786, 26.61429035519498], "rotation": [0.6764868132009679, -2.6697589393468664, 1.0865559304236474]}, "geometry": {"type": "Point", "coordinates": [-70.91639898651287, 42.46944802504298, 26.61429035519498]}}, {"type": "Feature", "properties": {"filename": "DJI_20260508084749_0745_V.JPG", "camera": "v2 dji m3t 4000 3000 brown 0.6666", "focal": 0.7188884491448521, "width": 4000, "height": 3000, "capture_time": 1778230069.0, "translation": [342445.38971163967, 4703522.266571742, 26.655696027944106], "rotation": [2.31380638712503, 0.5527739817130636, -0.2250645777646851]}, "geometry": {"type": "Point", "coordinates": [-70.91650444894118, 42.46802643137554, 26.655696027944106]}}, {"type": "Feature", "properties": {"filename": "DJI_20260508084307_0365_V.JPG", "camera": "v2 dji m3t 4000 3000 brown 0.6666", "focal": 0.7188884491448521, "width": 4000, "height": 3000, "capture_time": 1778229787.0, "translation": [342518.42450754304, 4703663.927179036, 26.64836748721516], "rotation": [1.3513861371106182, 2.221141704664946, -0.9051947396436177]}, "geometry": {"type": "Point", "coordinates": [-70.91565542485499, 42.46931635087728, 26.64836748721516]}}, {"type": "Feature", "properties": {"filename": "DJI_20260508084428_0480_V.JPG", "camera": "v2 dji m3t 4000 3000 brown 0.6666", "focal": 0.7188884491448521, "width": 4000, "height": 3000, "capture_time": 1778229868.0, "translation": [342536.1270096253, 4703643.841963825, 26.523758505731386], "rotation": [1.3458589847793438, 2.221789553150592, -0.8990699747472868]}, "geometry": {"type": "Point", "coordinates": [-70.91543468903834, 42.46913916431794, 26.523758505731386]}}, {"type": "Feature", "properties": {"filename": "DJI_20260508085204_1083_V.JPG", "camera": "v2 dji m3t 4000 3000 brown 0.6666", "focal": 0.7188884491448521, "width": 4000, "height": 3000, "capture_time": 1778230324.0, "translation": [342383.81964974303, 4703521.78447215, 26.501067514090778], "rotation": [2.0835962715571292, -1.2543822991361457, 0.5035007913630102]}, "geometry": {"type": "Point", "coordinates": [-70.91725285124052, 42.46800956905802, 26.501067514090778]}}, {"type": "Feature", "properties": {"filename": "DJI_20260508083951_0108_V.JPG", "camera": "v2 dji m3t 4000 3000 brown 0.6666", "focal": 0.7188884491448521, "width": 4000, "height": 3000, "capture_time": 1778229591.0, "translation": [342410.3233164082, 4703557.23586482, 26.388993739427725], "rotation": [-2.7664692416780547, -1.4838809014790195, -0.03080059987528567]}, "geometry": {"type": "Point", "coordinates": [-70.91694037407449, 42.468334054079605, 26.388993739427725]}}, {"type": "Feature", "properties": {"filename": "DJI_20260508084621_0642_V.JPG", "camera": "v2 dji m3t 4000 3000 brown 0.6666", "focal": 0.7188884491448521, "width": 4000, "height": 3000, "capture_time": 1778229981.0, "translation": [342543.8684035649, 4703606.659609471, 26.552718658878675], "rotation": [1.356250219385947, 2.2061205527192227, -0.9016173132082838]}, "geometry": {"type": "Point", "coordinates": [-70.9153303646986, 42.46880606350755, 26.552718658878675]}}, {"type": "Feature", "properties": {"filename": "DJI_20260508084526_0563_V.JPG", "camera": "v2 dji m3t 4000 3000 brown 0.6666", "focal": 0.7188884491448521, "width": 4000, "height": 3000, "capture_time": 1778229926.0, "translation": [342451.1225406453, 4703580.4121433, 26.506071570782545], "rotation": [1.345342231906221, 2.2079644405345107, -0.8990008493583482]}, "geometry": {"type": "Point", "coordinates": [-70.9164507228358, 42.46855095860141, 26.506071570782545]}}, {"type": "Feature", "properties": {"filename": "DJI_20260508085909_1669_V.JPG", "camera": "v2 dji m3t 4000 3000 brown 0.6666", "focal": 0.7188884491448521, "width": 4000, "height": 3000, "capture_time": 1778230749.0, "translation": [342388.4902947198, 4703653.669860607, 26.65685806025314], "rotation": [0.6640796613435188, -2.669481080042423, 1.0877223698327094]}, "geometry": {"type": "Point", "coordinates": [-70.91723230726063, 42.46919760347793, 26.65685806025314]}}, {"type": "Feature", "properties": {"filename": "DJI_20260508084629_0653_V.JPG", "camera": "v2 dji m3t 4000 3000 brown 0.6666", "focal": 0.7188884491448521, "width": 4000, "height": 3000, "capture_time": 1778229989.0, "translation": [342540.38915357593, 4703597.946198747, 26.5166848265493], "rotation": [1.3543798227417958, 2.2124428664826614, -0.8921741026354846]}, "geometry": {"type": "Point", "coordinates": [-70.91537027210173, 42.46872692797356, 26.5166848265493]}}, {"type": "Feature", "properties": {"filename": "DJI_20260508085711_1500_V.JPG", "camera": "v2 dji m3t 4000 3000 brown 0.6666", "focal": 0.7188884491448521, "width": 4000, "height": 3000, "capture_time": 1778230631.0, "translation": [342447.1252397326, 4703658.283566607, 26.676371564311253], "rotation": [0.6550259574033228, -2.663500135332568, 1.0971856194694327]}, "geometry": {"type": "Point", "coordinates": [-70.91652070990165, 42.46925105715487, 26.676371564311253]}}, {"type": "Feature", "properties": {"filename": "DJI_20260508084220_0321_V.JPG", "camera": "v2 dji m3t 4000 3000 brown 0.6666", "focal": 0.7188884491448521, "width": 4000, "height": 3000, "capture_time": 1778229740.0, "translation": [342428.92643086694, 4703619.129058559, 26.50483868589153], "rotation": [-1.6758450350654834, -2.636859554192117, -0.011721180942670882]}, "geometry": {"type": "Point", "coordinates": [-70.91673120904883, 42.46889493100071, 26.50483868589153]}}, {"type": "Feature", "properties": {"filename": "DJI_20260508084632_0657_V.JPG", "camera": "v2 dji m3t 4000 3000 brown 0.6666", "focal": 0.7188884491448521, "width": 4000, "height": 3000, "capture_time": 1778229992.0, "translation": [342523.732923103, 4703589.445073966, 26.460517389558465], "rotation": [1.351719261873612, 2.2111729170715804, -0.8965441862639627]}, "geometry": {"type": "Point", "coordinates": [-70.91557043785888, 42.4686470249749, 26.460517389558465]}}, {"type": "Feature", "properties": {"filename": "DJI_20260508085823_1603_V.JPG", "camera": "v2 dji m3t 4000 3000 brown 0.6666", "focal": 0.7188884491448521, "width": 4000, "height": 3000, "capture_time": 1778230703.0, "translation": [342438.0882670279, 4703606.298334563, 26.583400683680498], "rotation": [0.6648443549284548, -2.6733758640376792, 1.0913846000725014]}, "geometry": {"type": "Point", "coordinates": [-70.91661629841914, 42.46878130648458, 26.583400683680498]}}, {"type": "Feature", "properties": {"filename": "DJI_20260508084424_0474_V.JPG", "camera": "v2 dji m3t 4000 3000 brown 0.6666", "focal": 0.7188884491448521, "width": 4000, "height": 3000, "capture_time": 1778229864.0, "translation": [342511.5509655026, 4703632.473181419, 26.591748371458493], "rotation": [1.3488468452270321, 2.214539669771567, -0.9069531784268062]}, "geometry": {"type": "Point", "coordinates": [-70.91573035500838, 42.469031839859355, 26.591748371458493]}}, {"type": "Feature", "properties": {"filename": "DJI_20260508085937_1708_V.JPG", "camera": "v2 dji m3t 4000 3000 brown 0.6666", "focal": 0.7188884491448521, "width": 4000, "height": 3000, "capture_time": 1778230777.0, "translation": [342381.06599297194, 4703647.7895115735, 26.69130360484793], "rotation": [0.6635129024015829, -2.664046642711475, 1.0888879165171472]}, "geometry": {"type": "Point", "coordinates": [-70.91732095357634, 42.46914316477539, 26.69130360484793]}}, {"type": "Feature", "properties": {"filename": "DJI_20260508084354_0432_V.JPG", "camera": "v2 dji m3t 4000 3000 brown 0.6666", "focal": 0.7188884491448521, "width": 4000, "height": 3000, "capture_time": 1778229834.0, "translation": [342515.5191429317, 4703641.415426068, 26.531130926023984], "rotation": [1.3450926333893238, 2.222633793099463, -0.8908135235882129]}, "geometry": {"type": "Point", "coordinates": [-70.91568456649642, 42.46911313460276, 26.531130926023984]}}, {"type": "Feature", "properties": {"filename": "DJI_20260508085044_0994_V.JPG", "camera": "v2 dji m3t 4000 3000 brown 0.6666", "focal": 0.7188884491448521, "width": 4000, "height": 3000, "capture_time": 1778230244.0, "translation": [342497.4034354725, 4703586.876544929, 26.612518197031644], "rotation": [2.3084351946163895, 0.5512228607270169, -0.22926727981320558]}, "geometry": {"type": "Point", "coordinates": [-70.91588983531966, 42.468618553817755, 26.612518197031644]}}, {"type": "Feature", "properties": {"filename": "DJI_20260508084356_0434_V.JPG", "camera": "v2 dji m3t 4000 3000 brown 0.6666", "focal": 0.7188884491448521, "width": 4000, "height": 3000, "capture_time": 1778229836.0, "translation": [342506.84923226037, 4703637.111708394, 26.523249252051148], "rotation": [1.345222960607379, 2.221081161989664, -0.8915185224718629]}, "geometry": {"type": "Point", "coordinates": [-70.9157887906734, 42.469072634940034, 26.523249252051148]}}, {"type": "Feature", "properties": {"filename": "DJI_20260508083946_0100_V.JPG", "camera": "v2 dji m3t 4000 3000 brown 0.6666", "focal": 0.7188884491448521, "width": 4000, "height": 3000, "capture_time": 1778229586.0, "translation": [342439.80803821824, 4703568.535464725, 26.453331618340567], "rotation": [-1.667069828963583, -2.6552939546358667, -0.020528258943664137]}, "geometry": {"type": "Point", "coordinates": [-70.9165850171267, 42.468441757130606, 26.453331618340567]}}, {"type": "Feature", "properties": {"filename": "DJI_20260508084411_0456_V.JPG", "camera": "v2 dji m3t 4000 3000 brown 0.6666", "focal": 0.7188884491448521, "width": 4000, "height": 3000, "capture_time": 1778229851.0, "translation": [342438.0447525362, 4703595.813520976, 26.454664229565076], "rotation": [1.3497195043265646, 2.2134516544983547, -0.9035419876309643]}, "geometry": {"type": "Point", "coordinates": [-70.91661394734777, 42.46868692507818, 26.454664229565076]}}, {"type": "Feature", "properties": {"filename": "DJI_20260508085417_1273_V.JPG", "camera": "v2 dji m3t 4000 3000 brown 0.6666", "focal": 0.7188884491448521, "width": 4000, "height": 3000, "capture_time": 1778230457.0, "translation": [342447.13174380147, 4703600.206068661, 26.467615896648297], "rotation": [2.074350821966524, -1.2483477671212977, 0.5059998486903721]}, "geometry": {"type": "Point", "coordinates": [-70.91650467806775, 42.46872830983569, 26.467615896648297]}}, {"type": "Feature", "properties": {"filename": "DJI_20260508084919_0873_V.JPG", "camera": "v2 dji m3t 4000 3000 brown 0.6666", "focal": 0.7188884491448521, "width": 4000, "height": 3000, "capture_time": 1778230159.0, "translation": [342467.1941471355, 4703563.05415019, 26.486631058556597], "rotation": [2.308373101797256, 0.5540726600516178, -0.23277322020238966]}, "geometry": {"type": "Point", "coordinates": [-70.91625056424274, 42.46839798934438, 26.486631058556597]}}, {"type": "Feature", "properties": {"filename": "DJI_20260508084352_0429_V.JPG", "camera": "v2 dji m3t 4000 3000 brown 0.6666", "focal": 0.7188884491448521, "width": 4000, "height": 3000, "capture_time": 1778229832.0, "translation": [342527.7772111537, 4703647.673975217, 26.509499112022667], "rotation": [1.3453035138559997, 2.2228549902629013, -0.8930021876095657]}, "geometry": {"type": "Point", "coordinates": [-70.91553725521014, 42.46917195871171, 26.509499112022667]}}, {"type": "Feature", "properties": {"filename": "DJI_20260508084449_0510_V.JPG", "camera": "v2 dji m3t 4000 3000 brown 0.6666", "focal": 0.7188884491448521, "width": 4000, "height": 3000, "capture_time": 1778229889.0, "translation": [342441.9405318621, 4703586.69269698, 26.443793526608975], "rotation": [1.3420437539209658, 2.2133756803815565, -0.910650748487761]}, "geometry": {"type": "Point", "coordinates": [-70.91656407875405, 42.468605621895286, 26.443793526608975]}}, {"type": "Feature", "properties": {"filename": "DJI_20260508084429_0481_V.JPG", "camera": "v2 dji m3t 4000 3000 brown 0.6666", "focal": 0.7188884491448521, "width": 4000, "height": 3000, "capture_time": 1778229869.0, "translation": [342538.0399513048, 4703643.685341889, 26.521495556960296], "rotation": [1.345291111317878, 2.2212121160012326, -0.8962453056981547]}, "geometry": {"type": "Point", "coordinates": [-70.91541138912048, 42.46913814337592, 26.521495556960296]}}, {"type": "Feature", "properties": {"filename": "DJI_20260508084926_0883_V.JPG", "camera": "v2 dji m3t 4000 3000 brown 0.6666", "focal": 0.7188884491448521, "width": 4000, "height": 3000, "capture_time": 1778230166.0, "translation": [342461.92210078676, 4703586.763560291, 26.54904564326683], "rotation": [2.306252560600356, 0.5509262373895591, -0.2327931514506227]}, "geometry": {"type": "Point", "coordinates": [-70.91632117101622, 42.46861032298503, 26.54904564326683]}}, {"type": "Feature", "properties": {"filename": "DJI_20260508085455_1328_V.JPG", "camera": "v2 dji m3t 4000 3000 brown 0.6666", "focal": 0.7188884491448521, "width": 4000, "height": 3000, "capture_time": 1778230495.0, "translation": [342431.91586908244, 4703606.5623386055, 26.441730481765553], "rotation": [2.0713475832659354, -1.2590364594506416, 0.5091710136658638]}, "geometry": {"type": "Point", "coordinates": [-70.9166914124618, 42.46878242745221, 26.441730481765553]}}, {"type": "Feature", "properties": {"filename": "DJI_20260508084351_0427_V.JPG", "camera": "v2 dji m3t 4000 3000 brown 0.6666", "focal": 0.7188884491448521, "width": 4000, "height": 3000, "capture_time": 1778229831.0, "translation": [342532.18500505574, 4703650.170434119, 26.5666173970694], "rotation": [1.3469731230993118, 2.2209373796160983, -0.8967040055168323]}, "geometry": {"type": "Point", "coordinates": [-70.91548435202877, 42.469195324953546, 26.5666173970694]}}, {"type": "Feature", "properties": {"filename": "DJI_20260508085808_1581_V.JPG", "camera": "v2 dji m3t 4000 3000 brown 0.6666", "focal": 0.7188884491448521, "width": 4000, "height": 3000, "capture_time": 1778230688.0, "translation": [342423.5869252073, 4703649.26626772, 26.630997027662183], "rotation": [0.6597732864873654, -2.66195489616048, 1.0976019618835795]}, "geometry": {"type": "Point", "coordinates": [-70.91680440407274, 42.46916510640578, 26.630997027662183]}}, {"type": "Feature", "properties": {"filename": "DJI_20260508084227_0330_V.JPG", "camera": "v2 dji m3t 4000 3000 brown 0.6666", "focal": 0.7188884491448521, "width": 4000, "height": 3000, "capture_time": 1778229747.0, "translation": [342390.7523141585, 4703599.925805326, 26.478383151718198], "rotation": [-1.6837828691863408, -2.6450656044686087, -0.01944559124832567]}, "geometry": {"type": "Point", "coordinates": [-70.91719003866662, 42.46871432000198, 26.478383151718198]}}, {"type": "Feature", "properties": {"filename": "DJI_20260508084207_0301_V.JPG", "camera": "v2 dji m3t 4000 3000 brown 0.6666", "focal": 0.7188884491448521, "width": 4000, "height": 3000, "capture_time": 1778229727.0, "translation": [342475.42045666784, 4703635.438097155, 26.52064909115092], "rotation": [-2.6464673932832765, 1.6776596869042661, 0.01168253169177001]}, "geometry": {"type": "Point", "coordinates": [-70.91617043130444, 42.46905118139877, 26.52064909115092]}}, {"type": "Feature", "properties": {"filename": "DJI_20260508084628_0651_V.JPG", "camera": "v2 dji m3t 4000 3000 brown 0.6666", "focal": 0.7188884491448521, "width": 4000, "height": 3000, "capture_time": 1778229988.0, "translation": [342548.93457696127, 4703602.254303895, 26.468653423051897], "rotation": [1.3559480920886764, 2.2116977536460554, -0.8913670657915833]}, "geometry": {"type": "Point", "coordinates": [-70.915267562878, 42.46876744144383, 26.468653423051897]}}, {"type": "Feature", "properties": {"filename": "DJI_20260508085859_1655_V.JPG", "camera": "v2 dji m3t 4000 3000 brown 0.6666", "focal": 0.7188884491448521, "width": 4000, "height": 3000, "capture_time": 1778230739.0, "translation": [342417.4201634598, 4703605.460639537, 26.661285570228916], "rotation": [0.6572787570382055, -2.6629542333943017, 1.1003148739272313]}, "geometry": {"type": "Point", "coordinates": [-70.91686734271106, 42.46876956295848, 26.661285570228916]}}, {"type": "Feature", "properties": {"filename": "DJI_20260508083843_0010_V.JPG", "camera": "v2 dji m3t 4000 3000 brown 0.6666", "focal": 0.7188884491448521, "width": 4000, "height": 3000, "capture_time": 1778229523.0, "translation": [342454.52086971956, 4703554.58629817, 26.523647479800527], "rotation": [-2.6669813607326187, 1.6211141389541797, -0.004155178060795164]}, "geometry": {"type": "Point", "coordinates": [-70.91640231414496, 42.468319194254086, 26.523647479800527]}}, {"type": "Feature", "properties": {"filename": "DJI_20260508085740_1541_V.JPG", "camera": "v2 dji m3t 4000 3000 brown 0.6666", "focal": 0.7188884491448521, "width": 4000, "height": 3000, "capture_time": 1778230660.0, "translation": [342434.0874765378, 4703656.214803715, 26.699270702423053], "rotation": [0.658653827896741, -2.6606176309295178, 1.09843624198393]}, "geometry": {"type": "Point", "coordinates": [-70.91667865064258, 42.469229784986695, 26.699270702423053]}}, {"type": "Feature", "properties": {"filename": "DJI_20260508084026_0158_V.JPG", "camera": "v2 dji m3t 4000 3000 brown 0.6666", "focal": 0.7188884491448521, "width": 4000, "height": 3000, "capture_time": 1778229626.0, "translation": [342420.828021169, 4703573.026711793, 26.429692766160535], "rotation": [-1.6643611902130901, -2.6528859132622724, -0.020957639250473278]}, "geometry": {"type": "Point", "coordinates": [-70.91681700107574, 42.46847832220884, 26.429692766160535]}}, {"type": "Feature", "properties": {"filename": "DJI_20260508084316_0378_V.JPG", "camera": "v2 dji m3t 4000 3000 brown 0.6666", "focal": 0.7188884491448521, "width": 4000, "height": 3000, "capture_time": 1778229796.0, "translation": [342494.81098011613, 4703645.062765393, 26.507171344852072], "rotation": [1.3449055851579612, 2.224293645213807, -0.8972494577297747]}, "geometry": {"type": "Point", "coordinates": [-70.91593733097582, 42.469141754217944, 26.507171344852072]}}, {"type": "Feature", "properties": {"filename": "DJI_20260508085338_1218_V.JPG", "camera": "v2 dji m3t 4000 3000 brown 0.6666", "focal": 0.7188884491448521, "width": 4000, "height": 3000, "capture_time": 1778230418.0, "translation": [342459.7322198853, 4703592.719939415, 26.453130273101102], "rotation": [2.0705265927631054, -1.2524495640076077, 0.5121678142577157]}, "geometry": {"type": "Point", "coordinates": [-70.9163494305772, 42.46866349036479, 26.453130273101102]}}, {"type": "Feature", "properties": {"filename": "DJI_20260508084402_0443_V.JPG", "camera": "v2 dji m3t 4000 3000 brown 0.6666", "focal": 0.7188884491448521, "width": 4000, "height": 3000, "capture_time": 1778229842.0, "translation": [342469.18845302693, 4703618.254019764, 26.45616122977096], "rotation": [1.3440670688122862, 2.215053622555747, -0.8954099363734732]}, "geometry": {"type": "Point", "coordinates": [-70.91624147836393, 42.46889524240471, 26.45616122977096]}}, {"type": "Feature", "properties": {"filename": "DJI_20260508084302_0357_V.JPG", "camera": "v2 dji m3t 4000 3000 brown 0.6666", "focal": 0.7188884491448521, "width": 4000, "height": 3000, "capture_time": 1778229782.0, "translation": [342484.82064137305, 4703647.232436941, 26.61172705643952], "rotation": [1.352413275243618, 2.218666639602309, -0.9101985560377115]}, "geometry": {"type": "Point", "coordinates": [-70.91605938604827, 42.46915925209033, 26.61172705643952]}}, {"type": "Feature", "properties": {"filename": "DJI_20260508084843_0821_V.JPG", "camera": "v2 dji m3t 4000 3000 brown 0.6666", "focal": 0.7188884491448521, "width": 4000, "height": 3000, "capture_time": 1778230123.0, "translation": [342476.95399765234, 4703514.038374546, 26.615887161748734], "rotation": [2.308356538824679, 0.5518860876682598, -0.22766057554872085]}, "geometry": {"type": "Point", "coordinates": [-70.91611844803549, 42.46795878842326, 26.615887161748734]}}, {"type": "Feature", "properties": {"filename": "DJI_20260508085230_1121_V.JPG", "camera": "v2 dji m3t 4000 3000 brown 0.6666", "focal": 0.7188884491448521, "width": 4000, "height": 3000, "capture_time": 1778230350.0, "translation": [342441.30239550985, 4703562.149404978, 26.575761922954182], "rotation": [2.0667876736344803, -1.249338367245275, 0.5061344762904116]}, "geometry": {"type": "Point", "coordinates": [-70.91656509529199, 42.46838458086154, 26.575761922954182]}}, {"type": "Feature", "properties": {"filename": "DJI_20260508084620_0640_V.JPG", "camera": "v2 dji m3t 4000 3000 brown 0.6666", "focal": 0.7188884491448521, "width": 4000, "height": 3000, "capture_time": 1778229980.0, "translation": [342535.5806935493, 4703602.48693475, 26.541512487973016], "rotation": [1.3564034238566838, 2.206075340473567, -0.9020345502800448]}, "geometry": {"type": "Point", "coordinates": [-70.91542997794436, 42.46876682135336, 26.541512487973016]}}, {"type": "Feature", "properties": {"filename": "DJI_20260508085653_1474_V.JPG", "camera": "v2 dji m3t 4000 3000 brown 0.6666", "focal": 0.7188884491448521, "width": 4000, "height": 3000, "capture_time": 1778230613.0, "translation": [342453.62409140816, 4703659.486643742, 26.64857622549054], "rotation": [0.6704541251002254, -2.676466515115835, 1.0813351916479859]}, "geometry": {"type": "Point", "coordinates": [-70.91644202934191, 42.46926320749474, 26.64857622549054]}}, {"type": "Feature", "properties": {"filename": "DJI_20260508083944_0098_V.JPG", "camera": "v2 dji m3t 4000 3000 brown 0.6666", "focal": 0.7188884491448521, "width": 4000, "height": 3000, "capture_time": 1778229584.0, "translation": [342448.3294371239, 4703572.739126967, 26.477777836539833], "rotation": [-1.6677494831077724, -2.653207759545985, -0.01736930541531202]}, "geometry": {"type": "Point", "coordinates": [-70.91648257257741, 42.4684813267032, 26.477777836539833]}}, {"type": "Feature", "properties": {"filename": "DJI_20260508085210_1092_V.JPG", "camera": "v2 dji m3t 4000 3000 brown 0.6666", "focal": 0.7188884491448521, "width": 4000, "height": 3000, "capture_time": 1778230330.0, "translation": [342406.66696981806, 4703537.739506344, 26.550121437487586], "rotation": [2.085537019792629, -1.2571391515240955, 0.5040238455470715]}, "geometry": {"type": "Point", "coordinates": [-70.91697946969175, 42.46815782598751, 26.550121437487586]}}, {"type": "Feature", "properties": {"filename": "DJI_20260508084223_0325_V.JPG", "camera": "v2 dji m3t 4000 3000 brown 0.6666", "focal": 0.7188884491448521, "width": 4000, "height": 3000, "capture_time": 1778229743.0, "translation": [342411.972616263, 4703610.55708734, 26.499822044235586], "rotation": [-1.6806497568142063, -2.6407885885495914, -0.01572517100664192]}, "geometry": {"type": "Point", "coordinates": [-70.91693497195963, 42.46881432744032, 26.499822044235586]}}, {"type": "Feature", "properties": {"filename": "DJI_20260508084100_0206_V.JPG", "camera": "v2 dji m3t 4000 3000 brown 0.6666", "focal": 0.7188884491448521, "width": 4000, "height": 3000, "capture_time": 1778229660.0, "translation": [342447.1632510192, 4703600.23359232, 26.445541040077693], "rotation": [-1.6656217069369954, -2.644632958840726, -0.01520924394563449]}, "geometry": {"type": "Point", "coordinates": [-70.91650430257613, 42.4687285639801, 26.445541040077693]}}, {"type": "Feature", "properties": {"filename": "DJI_20260508084447_0508_V.JPG", "camera": "v2 dji m3t 4000 3000 brown 0.6666", "focal": 0.7188884491448521, "width": 4000, "height": 3000, "capture_time": 1778229887.0, "translation": [342441.8494717525, 4703589.637054467, 26.468728284186085], "rotation": [1.340687703468678, 2.2148082017454684, -0.9091579966473893]}, "geometry": {"type": "Point", "coordinates": [-70.91656599459263, 42.468632105188966, 26.468728284186085]}}, {"type": "Feature", "properties": {"filename": "DJI_20260508085410_1263_V.JPG", "camera": "v2 dji m3t 4000 3000 brown 0.6666", "focal": 0.7188884491448521, "width": 4000, "height": 3000, "capture_time": 1778230450.0, "translation": [342405.20716314873, 4703579.127375044, 26.495408243610044], "rotation": [2.0771249341049525, -1.250937867577651, 0.5003678845901459]}, "geometry": {"type": "Point", "coordinates": [-70.91700858834463, 42.468530056265465, 26.495408243610044]}}, {"type": "Feature", "properties": {"filename": "DJI_20260508085236_1130_V.JPG", "camera": "v2 dji m3t 4000 3000 brown 0.6666", "focal": 0.7188884491448521, "width": 4000, "height": 3000, "capture_time": 1778230356.0, "translation": [342403.4446401153, 4703543.07291545, 26.62778711479432], "rotation": [2.075211615168131, -1.2467435514300444, 0.49713052329767377]}, "geometry": {"type": "Point", "coordinates": [-70.917020110407, 42.46820517591399, 26.62778711479432]}}, {"type": "Feature", "properties": {"filename": "DJI_20260508085856_1650_V.JPG", "camera": "v2 dji m3t 4000 3000 brown 0.6666", "focal": 0.7188884491448521, "width": 4000, "height": 3000, "capture_time": 1778230736.0, "translation": [342426.2825244497, 4703588.7164319735, 26.57788933887317], "rotation": [0.6608061490591406, -2.666740948684554, 1.098763833514397]}, "geometry": {"type": "Point", "coordinates": [-70.91675499788758, 42.46862065287195, 26.57788933887317]}}, {"type": "Feature", "properties": {"filename": "DJI_20260508084315_0376_V.JPG", "camera": "v2 dji m3t 4000 3000 brown 0.6666", "focal": 0.7188884491448521, "width": 4000, "height": 3000, "capture_time": 1778229795.0, "translation": [342503.2416743649, 4703649.389739735, 26.56185462507686], "rotation": [1.3457157958238029, 2.2268350968193933, -0.8953826924559588]}, "geometry": {"type": "Point", "coordinates": [-70.91583602148897, 42.46918241471649, 26.56185462507686]}}, {"type": "Feature", "properties": {"filename": "DJI_20260508084122_0237_V.JPG", "camera": "v2 dji m3t 4000 3000 brown 0.6666", "focal": 0.7188884491448521, "width": 4000, "height": 3000, "capture_time": 1778229682.0, "translation": [342453.89161645214, 4703610.500014396, 26.489170144904655], "rotation": [-2.646661177419756, 1.6635861976604092, -0.0022348021636617965]}, "geometry": {"type": "Point", "coordinates": [-70.91642532172125, 42.46882233906359, 26.489170144904655]}}, {"type": "Feature", "properties": {"filename": "DJI_20260508083849_0019_V.JPG", "camera": "v2 dji m3t 4000 3000 brown 0.6666", "focal": 0.7188884491448521, "width": 4000, "height": 3000, "capture_time": 1778229529.0, "translation": [342494.12292597594, 4703574.522239084, 26.459805168391128], "rotation": [-2.6708905536746674, 1.6180286177609855, -0.0010757253570902315]}, "geometry": {"type": "Point", "coordinates": [-70.91592632594043, 42.468506687228704, 26.459805168391128]}}, {"type": "Feature", "properties": {"filename": "DJI_20260508085158_1075_V.JPG", "camera": "v2 dji m3t 4000 3000 brown 0.6666", "focal": 0.7188884491448521, "width": 4000, "height": 3000, "capture_time": 1778230318.0, "translation": [342414.90115739044, 4703534.913177829, 26.628616307702508], "rotation": [2.0747093364758795, -1.2562720388734077, 0.5035470394091605]}, "geometry": {"type": "Point", "coordinates": [-70.91687858631146, 42.46813406137807, 26.628616307702508]}}, {"type": "Feature", "properties": {"filename": "DJI_20260508085208_1090_V.JPG", "camera": "v2 dji m3t 4000 3000 brown 0.6666", "focal": 0.7188884491448521, "width": 4000, "height": 3000, "capture_time": 1778230328.0, "translation": [342398.17905682215, 4703533.494005388, 26.56758244178706], "rotation": [2.0884296880316437, -1.2572044255478025, 0.5027302952809609]}, "geometry": {"type": "Point", "coordinates": [-70.91708149479219, 42.4681178862116, 26.56758244178706]}}, {"type": "Feature", "properties": {"filename": "DJI_20260508084502_0528_V.JPG", "camera": "v2 dji m3t 4000 3000 brown 0.6666", "focal": 0.7188884491448521, "width": 4000, "height": 3000, "capture_time": 1778229902.0, "translation": [342510.9501533182, 4703618.098157478, 26.554628491189977], "rotation": [1.355277749132548, 2.2090568210212504, -0.9074025021901478]}, "geometry": {"type": "Point", "coordinates": [-70.91573371253695, 42.46890232979048, 26.554628491189977]}}, {"type": "Feature", "properties": {"filename": "DJI_20260508085202_1081_V.JPG", "camera": "v2 dji m3t 4000 3000 brown 0.6666", "focal": 0.7188884491448521, "width": 4000, "height": 3000, "capture_time": 1778230322.0, "translation": [342389.51910462393, 4703522.392592758, 26.552914487658526], "rotation": [2.081498118816162, -1.2526221094218142, 0.5009514083676475]}, "geometry": {"type": "Point", "coordinates": [-70.91718372753589, 42.468016202119436, 26.552914487658526]}}, {"type": "Feature", "properties": {"filename": "DJI_20260508085205_1085_V.JPG", "camera": "v2 dji m3t 4000 3000 brown 0.6666", "focal": 0.7188884491448521, "width": 4000, "height": 3000, "capture_time": 1778230325.0, "translation": [342382.4212624077, 4703525.056942614, 26.46969460683141], "rotation": [2.085572976399633, -1.2541270316468662, 0.5012495806607451]}, "geometry": {"type": "Point", "coordinates": [-70.91727075126268, 42.468038739686165, 26.46969460683141]}}, {"type": "Feature", "properties": {"filename": "DJI_20260508085615_1420_V.JPG", "camera": "v2 dji m3t 4000 3000 brown 0.6666", "focal": 0.7188884491448521, "width": 4000, "height": 3000, "capture_time": 1778230575.0, "translation": [342471.415806464, 4703666.294835915, 26.652165369043182], "rotation": [0.6668374186791257, -2.661980799328046, 1.0906027596098085]}, "geometry": {"type": "Point", "coordinates": [-70.91622759297191, 42.46932810501833, 26.652165369043182]}}, {"type": "Feature", "properties": {"filename": "DJI_20260508085246_1143_V.JPG", "camera": "v2 dji m3t 4000 3000 brown 0.6666", "focal": 0.7188884491448521, "width": 4000, "height": 3000, "capture_time": 1778230366.0, "translation": [342384.3969903134, 4703540.668405459, 26.513350612034102], "rotation": [2.0875674005393483, -1.251605685331703, 0.4992508892526747]}, "geometry": {"type": "Point", "coordinates": [-70.91725102113324, 42.468179658496496, 26.513350612034102]}}, {"type": "Feature", "properties": {"filename": "DJI_20260508085243_1139_V.JPG", "camera": "v2 dji m3t 4000 3000 brown 0.6666", "focal": 0.7188884491448521, "width": 4000, "height": 3000, "capture_time": 1778230363.0, "translation": [342373.910895417, 4703534.612570479, 26.489115014502218], "rotation": [2.083368903430249, -1.2478319150706503, 0.49785671659654307]}, "geometry": {"type": "Point", "coordinates": [-70.9173768414442, 42.46812301736372, 26.489115014502218]}}, {"type": "Feature", "properties": {"filename": "DJI_20260508085316_1186_V.JPG", "camera": "v2 dji m3t 4000 3000 brown 0.6666", "focal": 0.7188884491448521, "width": 4000, "height": 3000, "capture_time": 1778230396.0, "translation": [342391.0776331654, 4703550.994114107, 26.612894710773524], "rotation": [2.0752947619494817, -1.2512306046272343, 0.49808423590663026]}, "geometry": {"type": "Point", "coordinates": [-70.91717263855, 42.46827395799041, 26.612894710773524]}}, {"type": "Feature", "properties": {"filename": "DJI_20260508085327_1202_V.JPG", "camera": "v2 dji m3t 4000 3000 brown 0.6666", "focal": 0.7188884491448521, "width": 4000, "height": 3000, "capture_time": 1778230407.0, "translation": [342392.56340164854, 4703558.774697604, 26.50134783349257], "rotation": [2.0869085954466526, -1.2561289793479091, 0.502090810578882]}, "geometry": {"type": "Point", "coordinates": [-70.91715671316918, 42.4683442923209, 26.50134783349257]}}, {"type": "Feature", "properties": {"filename": "DJI_20260508084525_0561_V.JPG", "camera": "v2 dji m3t 4000 3000 brown 0.6666", "focal": 0.7188884491448521, "width": 4000, "height": 3000, "capture_time": 1778229925.0, "translation": [342458.733896271, 4703584.924823207, 26.446001421436055], "rotation": [1.3486692940057392, 2.2086805004017025, -0.8958676544075398]}, "geometry": {"type": "Point", "coordinates": [-70.91635942680185, 42.46859312444117, 26.446001421436055]}}, {"type": "Feature", "properties": {"filename": "DJI_20260508085741_1543_V.JPG", "camera": "v2 dji m3t 4000 3000 brown 0.6666", "focal": 0.7188884491448521, "width": 4000, "height": 3000, "capture_time": 1778230661.0, "translation": [342429.9407102881, 4703664.451665448, 26.649995649250283], "rotation": [0.6594768705898024, -2.6616296902136187, 1.0971028584984637]}, "geometry": {"type": "Point", "coordinates": [-70.91673132849367, 42.46930308061426, 26.649995649250283]}}, {"type": "Feature", "properties": {"filename": "DJI_20260508084958_0928_V.JPG", "camera": "v2 dji m3t 4000 3000 brown 0.6666", "focal": 0.7188884491448521, "width": 4000, "height": 3000, "capture_time": 1778230198.0, "translation": [342482.5253065861, 4703574.21419569, 26.59613238980402], "rotation": [2.3029634667742873, 0.5453940306230176, -0.23703413631491219]}, "geometry": {"type": "Point", "coordinates": [-70.91606723995399, 42.46850155673975, 26.59613238980402]}}, {"type": "Feature", "properties": {"filename": "DJI_20260508085354_1241_V.JPG", "camera": "v2 dji m3t 4000 3000 brown 0.6666", "focal": 0.7188884491448521, "width": 4000, "height": 3000, "capture_time": 1778230434.0, "translation": [342386.05082926096, 4703562.523407889, 26.612655099640808], "rotation": [2.0711582834724784, -1.2573978591307604, 0.5019415722215632]}, "geometry": {"type": "Point", "coordinates": [-70.91723691988011, 42.46837670915775, 26.612655099640808]}}, {"type": "Feature", "properties": {"filename": "DJI_20260508085435_1299_V.JPG", "camera": "v2 dji m3t 4000 3000 brown 0.6666", "focal": 0.7188884491448521, "width": 4000, "height": 3000, "capture_time": 1778230475.0, "translation": [342372.60475203535, 4703569.888067882, 26.564271602451143], "rotation": [2.0742912326332905, -1.258622216745559, 0.5028288916131505]}, "geometry": {"type": "Point", "coordinates": [-70.91740241455987, 42.46844026205665, 26.564271602451143]}}, {"type": "Feature", "properties": {"filename": "DJI_20260508085328_1204_V.JPG", "camera": "v2 dji m3t 4000 3000 brown 0.6666", "focal": 0.7188884491448521, "width": 4000, "height": 3000, "capture_time": 1778230408.0, "translation": [342400.97616369504, 4703563.007973476, 26.501054974558503], "rotation": [2.08399943188393, -1.2562160059143124, 0.5036869166944097]}, "geometry": {"type": "Point", "coordinates": [-70.91705559804642, 42.46838410684543, 26.501054974558503]}}, {"type": "Feature", "properties": {"filename": "DJI_20260508084358_0437_V.JPG", "camera": "v2 dji m3t 4000 3000 brown 0.6666", "focal": 0.7188884491448521, "width": 4000, "height": 3000, "capture_time": 1778229838.0, "translation": [342494.5597187921, 4703630.92602516, 26.475202924677205], "rotation": [1.3445721988621353, 2.2189603498953607, -0.8925942613877433]}, "geometry": {"type": "Point", "coordinates": [-70.9159365037916, 42.46901445998089, 26.475202924677205]}}, {"type": "Feature", "properties": {"filename": "DJI_20260508085321_1194_V.JPG", "camera": "v2 dji m3t 4000 3000 brown 0.6666", "focal": 0.7188884491448521, "width": 4000, "height": 3000, "capture_time": 1778230401.0, "translation": [342365.56852975435, 4703544.270096463, 26.468417006774096], "rotation": [2.0855110237706502, -1.252191150321238, 0.4977469551387383]}, "geometry": {"type": "Point", "coordinates": [-70.91748091744125, 42.468208246289954, 26.468417006774096]}}, {"type": "Feature", "properties": {"filename": "DJI_20260508083950_0106_V.JPG", "camera": "v2 dji m3t 4000 3000 brown 0.6666", "focal": 0.7188884491448521, "width": 4000, "height": 3000, "capture_time": 1778229590.0, "translation": [342414.6035809562, 4703556.420886569, 26.485366858345273], "rotation": [-1.6640596850143181, -2.662677355496525, -0.024992433445147077]}, "geometry": {"type": "Point", "coordinates": [-70.91688811282812, 42.46832758916082, 26.485366858345273]}}, {"type": "Feature", "properties": {"filename": "DJI_20260508085611_1414_V.JPG", "camera": "v2 dji m3t 4000 3000 brown 0.6666", "focal": 0.7188884491448521, "width": 4000, "height": 3000, "capture_time": 1778230571.0, "translation": [342484.1242022257, 4703641.398752724, 26.624757739273438], "rotation": [0.6620979823584652, -2.6655836842561405, 1.0865219497174836]}, "geometry": {"type": "Point", "coordinates": [-70.91606625109269, 42.469106602186564, 26.624757739273438]}}, {"type": "Feature", "properties": {"filename": "DJI_20260508084935_0896_V.JPG", "camera": "v2 dji m3t 4000 3000 brown 0.6666", "focal": 0.7188884491448521, "width": 4000, "height": 3000, "capture_time": 1778230175.0, "translation": [342488.48924384965, 4703534.441699972, 26.63519137390523], "rotation": [2.303605983134365, 0.5546433723688428, -0.2388035979906936]}, "geometry": {"type": "Point", "coordinates": [-70.9159838116156, 42.46814478159688, 26.63519137390523]}}, {"type": "Feature", "properties": {"filename": "DJI_20260508085323_1197_V.JPG", "camera": "v2 dji m3t 4000 3000 brown 0.6666", "focal": 0.7188884491448521, "width": 4000, "height": 3000, "capture_time": 1778230403.0, "translation": [342371.567420809, 4703548.215467309, 26.47220361342059], "rotation": [2.0893883005776224, -1.2542035674023588, 0.499718210174082]}, "geometry": {"type": "Point", "coordinates": [-70.91740907023997, 42.46824497859353, 26.47220361342059]}}, {"type": "Feature", "properties": {"filename": "DJI_20260508084121_0236_V.JPG", "camera": "v2 dji m3t 4000 3000 brown 0.6666", "focal": 0.7188884491448521, "width": 4000, "height": 3000, "capture_time": 1778229681.0, "translation": [342449.67751406867, 4703608.353369061, 26.460817115931878], "rotation": [-2.646326225826664, 1.662093397282179, -0.0054220947573377296]}, "geometry": {"type": "Point", "coordinates": [-70.91647596548772, 42.46880216041756, 26.460817115931878]}}, {"type": "Feature", "properties": {"filename": "DJI_20260508085753_1560_V.JPG", "camera": "v2 dji m3t 4000 3000 brown 0.6666", "focal": 0.7188884491448521, "width": 4000, "height": 3000, "capture_time": 1778230673.0, "translation": [342443.84288155485, 4703622.755936697, 26.57519843364389], "rotation": [0.6664022545187575, -2.671851249100675, 1.0896583402853655]}, "geometry": {"type": "Point", "coordinates": [-70.91655085678414, 42.46893060969252, 26.57519843364389]}}, {"type": "Feature", "properties": {"filename": "DJI_20260508085324_1198_V.JPG", "camera": "v2 dji m3t 4000 3000 brown 0.6666", "focal": 0.7188884491448521, "width": 4000, "height": 3000, "capture_time": 1778230404.0, "translation": [342375.4951618383, 4703550.257352772, 26.525182872408624], "rotation": [2.090003816665495, -1.2553764099571392, 0.5004045399394799]}, "geometry": {"type": "Point", "coordinates": [-70.9173618798794, 42.46826415644903, 26.525182872408624]}}, {"type": "Feature", "properties": {"filename": "DJI_20260508084548_0594_V.JPG", "camera": "v2 dji m3t 4000 3000 brown 0.6666", "focal": 0.7188884491448521, "width": 4000, "height": 3000, "capture_time": 1778229948.0, "translation": [342552.9136059379, 4703618.870360172, 26.47334694202516], "rotation": [1.360805309580021, 2.2121807751331417, -0.899931548389786]}, "geometry": {"type": "Point", "coordinates": [-70.9152237484322, 42.4689178093371, 26.47334694202516]}}, {"type": "Feature", "properties": {"filename": "DJI_20260508084306_0363_V.JPG", "camera": "v2 dji m3t 4000 3000 brown 0.6666", "focal": 0.7188884491448521, "width": 4000, "height": 3000, "capture_time": 1778229786.0, "translation": [342509.7883780576, 4703659.775928162, 26.621133381992113], "rotation": [1.3518824273725878, 2.2206524603747777, -0.9071307837267949]}, "geometry": {"type": "Point", "coordinates": [-70.91575928054648, 42.46927723043841, 26.621133381992113]}}, {"type": "Feature", "properties": {"filename": "DJI_20260508085434_1297_V.JPG", "camera": "v2 dji m3t 4000 3000 brown 0.6666", "focal": 0.7188884491448521, "width": 4000, "height": 3000, "capture_time": 1778230474.0, "translation": [342380.94301863754, 4703574.116208878, 26.571955376442205], "rotation": [2.0728136319916324, -1.2587579963417188, 0.5027676381800317]}, "geometry": {"type": "Point", "coordinates": [-70.91730220371832, 42.468480015423594, 26.571955376442205]}}, {"type": "Feature", "properties": {"filename": "DJI_20260508085352_1238_V.JPG", "camera": "v2 dji m3t 4000 3000 brown 0.6666", "focal": 0.7188884491448521, "width": 4000, "height": 3000, "capture_time": 1778230432.0, "translation": [342398.8162440821, 4703568.905178475, 26.64213210479379], "rotation": [2.0696322365247513, -1.2586454480856577, 0.5030866820440042]}, "geometry": {"type": "Point", "coordinates": [-70.91708347760022, 42.468436747511106, 26.64213210479379]}}, {"type": "Feature", "properties": {"filename": "DJI_20260508085512_1352_V.JPG", "camera": "v2 dji m3t 4000 3000 brown 0.6666", "focal": 0.7188884491448521, "width": 4000, "height": 3000, "capture_time": 1778230512.0, "translation": [342383.30306764017, 4703589.160855863, 26.534624946669968], "rotation": [2.062925359532761, -1.2667063420377949, 0.5046725266409607]}, "geometry": {"type": "Point", "coordinates": [-70.91727764539682, 42.468615910576275, 26.534624946669968]}}, {"type": "Feature", "properties": {"filename": "DJI_20260508085334_1212_V.JPG", "camera": "v2 dji m3t 4000 3000 brown 0.6666", "focal": 0.7188884491448521, "width": 4000, "height": 3000, "capture_time": 1778230414.0, "translation": [342434.73625967285, 4703579.957302261, 26.470863504024077], "rotation": [2.0739300137696426, -1.2551060057907482, 0.5064854170579306]}, "geometry": {"type": "Point", "coordinates": [-70.91664981495268, 42.46854353229321, 26.470863504024077]}}, {"type": "Feature", "properties": {"filename": "DJI_20260508085514_1355_V.JPG", "camera": "v2 dji m3t 4000 3000 brown 0.6666", "focal": 0.7188884491448521, "width": 4000, "height": 3000, "capture_time": 1778230514.0, "translation": [342370.62998849736, 4703582.86844915, 26.588423875560483], "rotation": [2.0650153325360137, -1.2684201183613864, 0.5061833022445396]}, "geometry": {"type": "Point", "coordinates": [-70.9174299898957, 42.46855669509891, 26.588423875560483]}}, {"type": "Feature", "properties": {"filename": "DJI_20260508085450_1321_V.JPG", "camera": "v2 dji m3t 4000 3000 brown 0.6666", "focal": 0.7188884491448521, "width": 4000, "height": 3000, "capture_time": 1778230490.0, "translation": [342402.526713106, 4703591.858414453, 26.519038330557407], "rotation": [2.0767876461707018, -1.2608348243071408, 0.505180737135407]}, "geometry": {"type": "Point", "coordinates": [-70.91704467392262, 42.46864410157244, 26.519038330557407]}}, {"type": "Feature", "properties": {"filename": "DJI_20260508085522_1366_V.JPG", "camera": "v2 dji m3t 4000 3000 brown 0.6666", "focal": 0.7188884491448521, "width": 4000, "height": 3000, "capture_time": 1778230522.0, "translation": [342342.98836271244, 4703575.714883603, 26.448075509629618], "rotation": [2.0718094950088974, -1.2678144149761588, 0.5068296310337603]}, "geometry": {"type": "Point", "coordinates": [-70.91776407801514, 42.468486682435476, 26.448075509629618]}}, {"type": "Feature", "properties": {"filename": "DJI_20260508085428_1289_V.JPG", "camera": "v2 dji m3t 4000 3000 brown 0.6666", "focal": 0.7188884491448521, "width": 4000, "height": 3000, "capture_time": 1778230468.0, "translation": [342414.64320131857, 4703590.872759778, 26.550439078780627], "rotation": [2.0651120276067556, -1.2548833373696244, 0.5030040262878005]}, "geometry": {"type": "Point", "coordinates": [-70.91689709610932, 42.46863769438554, 26.550439078780627]}}, {"type": "Feature", "properties": {"filename": "DJI_20260508085528_1375_V.JPG", "camera": "v2 dji m3t 4000 3000 brown 0.6666", "focal": 0.7188884491448521, "width": 4000, "height": 3000, "capture_time": 1778230528.0, "translation": [342379.2091015639, 4703594.112662218, 26.53482352338882], "rotation": [2.0752354712842314, -1.2627552865800946, 0.5042668925388128]}, "geometry": {"type": "Point", "coordinates": [-70.9173287787587, 42.46865964829434, 26.53482352338882]}}, {"type": "Feature", "properties": {"filename": "DJI_20260508085446_1315_V.JPG", "camera": "v2 dji m3t 4000 3000 brown 0.6666", "focal": 0.7188884491448521, "width": 4000, "height": 3000, "capture_time": 1778230486.0, "translation": [342376.8441981378, 4703578.960221068, 26.574837471073728], "rotation": [2.0817712289737695, -1.2621277224041596, 0.5032332180711492]}, "geometry": {"type": "Point", "coordinates": [-70.91735336637917, 42.46852278190389, 26.574837471073728]}}, {"type": "Feature", "properties": {"filename": "DJI_20260508085530_1377_V.JPG", "camera": "v2 dji m3t 4000 3000 brown 0.6666", "focal": 0.7188884491448521, "width": 4000, "height": 3000, "capture_time": 1778230530.0, "translation": [342387.31437482504, 4703598.21755637, 26.52101691339754], "rotation": [2.075464478106049, -1.2616557975584817, 0.5046300685347179]}, "geometry": {"type": "Point", "coordinates": [-70.9172313662915, 42.468698244874815, 26.52101691339754]}}, {"type": "Feature", "properties": {"filename": "DJI_20260508085539_1391_V.JPG", "camera": "v2 dji m3t 4000 3000 brown 0.6666", "focal": 0.7188884491448521, "width": 4000, "height": 3000, "capture_time": 1778230539.0, "translation": [342442.57194212906, 4703625.831016722, 26.473353816057077], "rotation": [2.067406729030637, -1.2603241812351729, 0.505699274116417]}, "geometry": {"type": "Point", "coordinates": [-70.91656715307691, 42.468958029657834, 26.473353816057077]}}, {"type": "Feature", "properties": {"filename": "DJI_20260508085516_1357_V.JPG", "camera": "v2 dji m3t 4000 3000 brown 0.6666", "focal": 0.7188884491448521, "width": 4000, "height": 3000, "capture_time": 1778230516.0, "translation": [342362.30203985336, 4703578.685723771, 26.59274546374111], "rotation": [2.0657878985011346, -1.267984973425205, 0.5061049955022189]}, "geometry": {"type": "Point", "coordinates": [-70.91753008781308, 42.46851735249957, 26.59274546374111]}}, {"type": "Feature", "properties": {"filename": "DJI_20260508085404_1255_V.JPG", "camera": "v2 dji m3t 4000 3000 brown 0.6666", "focal": 0.7188884491448521, "width": 4000, "height": 3000, "capture_time": 1778230444.0, "translation": [342371.4193084359, 4703562.157578642, 26.55435903141688], "rotation": [2.079428374600952, -1.2552961899924464, 0.4965768470226066]}, "geometry": {"type": "Point", "coordinates": [-70.91741470224768, 42.46837043969227, 26.55435903141688]}}, {"type": "Feature", "properties": {"filename": "DJI_20260508085319_1191_V.JPG", "camera": "v2 dji m3t 4000 3000 brown 0.6666", "focal": 0.7188884491448521, "width": 4000, "height": 3000, "capture_time": 1778230399.0, "translation": [342370.03681082476, 4703541.279153742, 26.594460808051892], "rotation": [2.0832054487073455, -1.2500318635365741, 0.49753013024184206]}, "geometry": {"type": "Point", "coordinates": [-70.91742577248344, 42.46818223427992, 26.594460808051892]}}, {"type": "Feature", "properties": {"filename": "DJI_20260508084546_0592_V.JPG", "camera": "v2 dji m3t 4000 3000 brown 0.6666", "focal": 0.7188884491448521, "width": 4000, "height": 3000, "capture_time": 1778229946.0, "translation": [342551.97453790077, 4703622.310956622, 26.48337000445086], "rotation": [1.360564772365322, 2.2093571499418214, -0.89928590282445]}, "geometry": {"type": "Point", "coordinates": [-70.91523610970987, 42.468948586919375, 26.48337000445086]}}, {"type": "Feature", "properties": {"filename": "DJI_20260508084300_0354_V.JPG", "camera": "v2 dji m3t 4000 3000 brown 0.6666", "focal": 0.7188884491448521, "width": 4000, "height": 3000, "capture_time": 1778229780.0, "translation": [342472.0340026301, 4703640.866541129, 26.61319738378284], "rotation": [1.353601955378054, 2.216336586639243, -0.9125237157898852]}, "geometry": {"type": "Point", "coordinates": [-70.91621309349107, 42.469099353632565, 26.61319738378284]}}, {"type": "Feature", "properties": {"filename": "DJI_20260508085042_0992_V.JPG", "camera": "v2 dji m3t 4000 3000 brown 0.6666", "focal": 0.7188884491448521, "width": 4000, "height": 3000, "capture_time": 1778230242.0, "translation": [342501.57464040024, 4703578.583899637, 26.62070266674339], "rotation": [2.30958654927474, 0.5518401010991574, -0.2292647233616879]}, "geometry": {"type": "Point", "coordinates": [-70.91583684660864, 42.46854476063041, 26.62070266674339]}}, {"type": "Feature", "properties": {"filename": "DJI_20260508085436_1300_V.JPG", "camera": "v2 dji m3t 4000 3000 brown 0.6666", "focal": 0.7188884491448521, "width": 4000, "height": 3000, "capture_time": 1778230476.0, "translation": [342368.3799079091, 4703567.729714122, 26.546205622286976], "rotation": [2.075183034733356, -1.2588593142803035, 0.5031375724643844]}, "geometry": {"type": "Point", "coordinates": [-70.91745318506821, 42.46841997541825, 26.546205622286976]}}, {"type": "Feature", "properties": {"filename": "DJI_20260508085520_1363_V.JPG", "camera": "v2 dji m3t 4000 3000 brown 0.6666", "focal": 0.7188884491448521, "width": 4000, "height": 3000, "capture_time": 1778230520.0, "translation": [342341.172468795, 4703571.613289978, 26.536855577247422], "rotation": [2.0690882834393007, -1.2688332278718084, 0.5086498865306293]}, "geometry": {"type": "Point", "coordinates": [-70.91778502744616, 42.46844939498558, 26.536855577247422]}}, {"type": "Feature", "properties": {"filename": "DJI_20260508084618_0637_V.JPG", "camera": "v2 dji m3t 4000 3000 brown 0.6666", "focal": 0.7188884491448521, "width": 4000, "height": 3000, "capture_time": 1778229978.0, "translation": [342522.8937177349, 4703596.060801485, 26.51933396965008], "rotation": [1.355988772479652, 2.2049660143504597, -0.9035797542144998]}, "geometry": {"type": "Point", "coordinates": [-70.91558245687257, 42.46870640181046, 26.51933396965008]}}, {"type": "Feature", "properties": {"filename": "DJI_20260508085720_1513_V.JPG", "camera": "v2 dji m3t 4000 3000 brown 0.6666", "focal": 0.7188884491448521, "width": 4000, "height": 3000, "capture_time": 1778230640.0, "translation": [342440.5054221924, 4703657.460683789, 26.64670737514071], "rotation": [0.6648008611655346, -2.675146151090782, 1.0891106441796417]}, "geometry": {"type": "Point", "coordinates": [-70.91660096553161, 42.46924230424424, 26.64670737514071]}}, {"type": "Feature", "properties": {"filename": "DJI_20260508085728_1524_V.JPG", "camera": "v2 dji m3t 4000 3000 brown 0.6666", "focal": 0.7188884491448521, "width": 4000, "height": 3000, "capture_time": 1778230648.0, "translation": [342463.1761089812, 4703611.365728118, 26.659300264738537], "rotation": [0.6596984064334784, -2.6727007201550337, 1.0913566464716389]}, "geometry": {"type": "Point", "coordinates": [-70.91631268228663, 42.468832019189975, 26.659300264738537]}}, {"type": "Feature", "properties": {"filename": "DJI_20260508085523_1368_V.JPG", "camera": "v2 dji m3t 4000 3000 brown 0.6666", "focal": 0.7188884491448521, "width": 4000, "height": 3000, "capture_time": 1778230523.0, "translation": [342349.341527251, 4703579.081280882, 26.49166516156469], "rotation": [2.074273171186133, -1.2672629170616527, 0.5057874335201311]}, "geometry": {"type": "Point", "coordinates": [-70.91768776445208, 42.46851827573744, 26.49166516156469]}}, {"type": "Feature", "properties": {"filename": "DJI_20260508085518_1360_V.JPG", "camera": "v2 dji m3t 4000 3000 brown 0.6666", "focal": 0.7188884491448521, "width": 4000, "height": 3000, "capture_time": 1778230518.0, "translation": [342349.57814176223, 4703572.3805204565, 26.570350972567404], "rotation": [2.0674038034909494, -1.267195582354201, 0.5060745332464391]}, "geometry": {"type": "Point", "coordinates": [-70.91768304614148, 42.46845801117374, 26.570350972567404]}}, {"type": "Feature", "properties": {"filename": "DJI_20260508085523_1367_V.JPG", "camera": "v2 dji m3t 4000 3000 brown 0.6666", "focal": 0.7188884491448521, "width": 4000, "height": 3000, "capture_time": 1778230523.0, "translation": [342345.62718706916, 4703577.114780879, 26.43727565440159], "rotation": [2.073183392015134, -1.2675511818256544, 0.506438789611879]}, "geometry": {"type": "Point", "coordinates": [-70.9177323811881, 42.46849981970603, 26.43727565440159]}}, {"type": "Feature", "properties": {"filename": "DJI_20260508085520_1364_V.JPG", "camera": "v2 dji m3t 4000 3000 brown 0.6666", "focal": 0.7188884491448521, "width": 4000, "height": 3000, "capture_time": 1778230520.0, "translation": [342340.3089116849, 4703573.315061728, 26.50845398494048], "rotation": [2.069733961881777, -1.268851829312977, 0.5071989185813282]}, "geometry": {"type": "Point", "coordinates": [-70.91779599390988, 42.46846453669285, 26.50845398494048]}}, {"type": "Feature", "properties": {"filename": "DJI_20260508085441_1307_V.JPG", "camera": "v2 dji m3t 4000 3000 brown 0.6666", "focal": 0.7188884491448521, "width": 4000, "height": 3000, "capture_time": 1778230481.0, "translation": [342348.9032893003, 4703564.206461375, 26.479493776738856], "rotation": [2.080954401727797, -1.262252087494637, 0.5034103177159215]}, "geometry": {"type": "Point", "coordinates": [-70.91768900408852, 42.46838430016476, 26.479493776738856]}}, {"type": "Feature", "properties": {"filename": "DJI_20260508085439_1305_V.JPG", "camera": "v2 dji m3t 4000 3000 brown 0.6666", "focal": 0.7188884491448521, "width": 4000, "height": 3000, "capture_time": 1778230479.0, "translation": [342350.2540245395, 4703561.0820258185, 26.48726572501137], "rotation": [2.080046874326884, -1.2617546979834433, 0.5065900673418412]}, "geometry": {"type": "Point", "coordinates": [-70.91767172378668, 42.468356452357085, 26.48726572501137]}}, {"type": "Feature", "properties": {"filename": "DJI_20260508085438_1304_V.JPG", "camera": "v2 dji m3t 4000 3000 brown 0.6666", "focal": 0.7188884491448521, "width": 4000, "height": 3000, "capture_time": 1778230478.0, "translation": [342352.0834300113, 4703560.648707264, 26.571906330482307], "rotation": [2.07972198669691, -1.2607841316548323, 0.5049050566230261]}, "geometry": {"type": "Point", "coordinates": [-70.91764936368543, 42.46835292435523, 26.571906330482307]}}, {"type": "Feature", "properties": {"filename": "DJI_20260508085459_1334_V.JPG", "camera": "v2 dji m3t 4000 3000 brown 0.6666", "focal": 0.7188884491448521, "width": 4000, "height": 3000, "capture_time": 1778230499.0, "translation": [342449.4391720936, 4703618.35552199, 26.504264847996076], "rotation": [2.068723671767663, -1.256794208277845, 0.5107687861538074]}, "geometry": {"type": "Point", "coordinates": [-70.9164816104912, 42.46889214014079, 26.504264847996076]}}, {"type": "Feature", "properties": {"filename": "DJI_20260508085843_1632_V.JPG", "camera": "v2 dji m3t 4000 3000 brown 0.6666", "focal": 0.7188884491448521, "width": 4000, "height": 3000, "capture_time": 1778230723.0, "translation": [342401.6900139609, 4703650.558095692, 26.638304140341333], "rotation": [0.6604011438541332, -2.67171098105618, 1.0907740182461898]}, "geometry": {"type": "Point", "coordinates": [-70.91707097439085, 42.469172280052405, 26.638304140341333]}}, {"type": "Feature", "properties": {"filename": "DJI_20260508085352_1237_V.JPG", "camera": "v2 dji m3t 4000 3000 brown 0.6666", "focal": 0.7188884491448521, "width": 4000, "height": 3000, "capture_time": 1778230432.0, "translation": [342402.90624477045, 4703570.959757674, 26.653485207115185], "rotation": [2.0688070924783495, -1.2580854399195, 0.5033434695294453]}, "geometry": {"type": "Point", "coordinates": [-70.9170343178042, 42.46845607249717, 26.653485207115185]}}, {"type": "Feature", "properties": {"filename": "DJI_20260508084311_0370_V.JPG", "camera": "v2 dji m3t 4000 3000 brown 0.6666", "focal": 0.7188884491448521, "width": 4000, "height": 3000, "capture_time": 1778229791.0, "translation": [342524.95374132815, 4703660.500073405, 26.549176466679192], "rotation": [1.3512297065446153, 2.2248694922057184, -0.9009058994280383]}, "geometry": {"type": "Point", "coordinates": [-70.9155751034341, 42.46928683105903, 26.549176466679192]}}, {"type": "Feature", "properties": {"filename": "DJI_20260508085216_1100_V.JPG", "camera": "v2 dji m3t 4000 3000 brown 0.6666", "focal": 0.7188884491448521, "width": 4000, "height": 3000, "capture_time": 1778230336.0, "translation": [342440.52331737423, 4703554.802103421, 26.47835846419632], "rotation": [2.076891401251404, -1.2557168380708903, 0.5088896088167046]}, "geometry": {"type": "Point", "coordinates": [-70.9165725487699, 42.46831829023468, 26.47835846419632]}}, {"type": "Feature", "properties": {"filename": "DJI_20260508084530_0569_V.JPG", "camera": "v2 dji m3t 4000 3000 brown 0.6666", "focal": 0.7188884491448521, "width": 4000, "height": 3000, "capture_time": 1778229930.0, "translation": [342458.9171616515, 4703578.068540025, 26.44634602692988], "rotation": [1.347608077806228, 2.20503734552711, -0.9064172305098944]}, "geometry": {"type": "Point", "coordinates": [-70.91635531563578, 42.46853144910799, 26.44634602692988]}}, {"type": "Feature", "properties": {"filename": "DJI_20260508085517_1359_V.JPG", "camera": "v2 dji m3t 4000 3000 brown 0.6666", "focal": 0.7188884491448521, "width": 4000, "height": 3000, "capture_time": 1778230517.0, "translation": [342354.0167828215, 4703574.515991912, 26.58527113730709], "rotation": [2.066637130918987, -1.2666960837888637, 0.5053464621580177]}, "geometry": {"type": "Point", "coordinates": [-70.91762967014922, 42.46847813545476, 26.58527113730709]}}, {"type": "Feature", "properties": {"filename": "DJI_20260508085443_1310_V.JPG", "camera": "v2 dji m3t 4000 3000 brown 0.6666", "focal": 0.7188884491448521, "width": 4000, "height": 3000, "capture_time": 1778230483.0, "translation": [342355.88455024554, 4703568.359865416, 26.49973632223955], "rotation": [2.0843477485723536, -1.2626154529644664, 0.5033459465780361]}, "geometry": {"type": "Point", "coordinates": [-70.91760527080908, 42.46842310496662, 26.49973632223955]}}, {"type": "Feature", "properties": {"filename": "DJI_20260508085231_1122_V.JPG", "camera": "v2 dji m3t 4000 3000 brown 0.6666", "focal": 0.7188884491448521, "width": 4000, "height": 3000, "capture_time": 1778230351.0, "translation": [342437.1981980591, 4703560.108781332, 26.565132335256262], "rotation": [2.067641885564335, -1.2494645277577785, 0.5048930630969606]}, "geometry": {"type": "Point", "coordinates": [-70.9166144316154, 42.46836537879996, 26.565132335256262]}}, {"type": "Feature", "properties": {"filename": "DJI_20260508085438_1303_V.JPG", "camera": "v2 dji m3t 4000 3000 brown 0.6666", "focal": 0.7188884491448521, "width": 4000, "height": 3000, "capture_time": 1778230478.0, "translation": [342355.6515682467, 4703561.565490981, 26.53974808619062], "rotation": [2.0789338861502813, -1.2596327657997342, 0.5049502958787938]}, "geometry": {"type": "Point", "coordinates": [-70.91760623598338, 42.468361902238776, 26.53974808619062]}}, {"type": "Feature", "properties": {"filename": "DJI_20260508084041_0179_V.JPG", "camera": "v2 dji m3t 4000 3000 brown 0.6666", "focal": 0.7188884491448521, "width": 4000, "height": 3000, "capture_time": 1778229641.0, "translation": [342454.6265099738, 4703596.893027231, 26.4588618572994], "rotation": [-2.654875378243456, 1.6491268426243124, -0.005622281760476106]}, "geometry": {"type": "Point", "coordinates": [-70.91641264982204, 42.46870001362053, 26.4588618572994]}}, {"type": "Feature", "properties": {"filename": "DJI_20260508085359_1247_V.JPG", "camera": "v2 dji m3t 4000 3000 brown 0.6666", "focal": 0.7188884491448521, "width": 4000, "height": 3000, "capture_time": 1778230439.0, "translation": [342361.2335851949, 4703550.934965614, 26.630206655050337], "rotation": [2.0742705419810985, -1.2567266263094905, 0.4991510171836355]}, "geometry": {"type": "Point", "coordinates": [-70.91753545107588, 42.4682673539604, 26.630206655050337]}}, {"type": "Feature", "properties": {"filename": "DJI_20260508085401_1251_V.JPG", "camera": "v2 dji m3t 4000 3000 brown 0.6666", "focal": 0.7188884491448521, "width": 4000, "height": 3000, "capture_time": 1778230441.0, "translation": [342358.3055421555, 4703555.251832546, 26.542224813873702], "rotation": [2.0763129678638146, -1.2566893291010415, 0.49747971647343675]}, "geometry": {"type": "Point", "coordinates": [-70.91757223511517, 42.468305613786754, 26.542224813873702]}}, {"type": "Feature", "properties": {"filename": "DJI_20260508085703_1489_V.JPG", "camera": "v2 dji m3t 4000 3000 brown 0.6666", "focal": 0.7188884491448521, "width": 4000, "height": 3000, "capture_time": 1778230623.0, "translation": [342469.39996723057, 4703614.55484728, 26.58212167001429], "rotation": [0.6596679684160913, -2.66898023595773, 1.09081041207317]}, "geometry": {"type": "Point", "coordinates": [-70.91623789091295, 42.46886198959493, 26.58212167001429]}}, {"type": "Feature", "properties": {"filename": "DJI_20260508085358_1246_V.JPG", "camera": "v2 dji m3t 4000 3000 brown 0.6666", "focal": 0.7188884491448521, "width": 4000, "height": 3000, "capture_time": 1778230438.0, "translation": [342365.1072557113, 4703552.109589506, 26.59601160064696], "rotation": [2.073417377205947, -1.2555158949607443, 0.49894471688037084]}, "geometry": {"type": "Point", "coordinates": [-70.91748867976591, 42.46827871475165, 26.59601160064696]}}, {"type": "Feature", "properties": {"filename": "DJI_20260508084008_0132_V.JPG", "camera": "v2 dji m3t 4000 3000 brown 0.6666", "focal": 0.7188884491448521, "width": 4000, "height": 3000, "capture_time": 1778229608.0, "translation": [342498.94100689923, 4703605.145149472, 26.45453650924457], "rotation": [-2.6557250086313804, 1.6569532193415877, 0.005471745617914131]}, "geometry": {"type": "Point", "coordinates": [-70.91587615849471, 42.46878329999517, 26.45453650924457]}}, {"type": "Feature", "properties": {"filename": "DJI_20260508084103_0211_V.JPG", "camera": "v2 dji m3t 4000 3000 brown 0.6666", "focal": 0.7188884491448521, "width": 4000, "height": 3000, "capture_time": 1778229663.0, "translation": [342426.2260468522, 4703589.737364718, 26.434810854644187], "rotation": [-1.669084530327416, -2.6471876425901115, -0.01771899404487327]}, "geometry": {"type": "Point", "coordinates": [-70.91675596497997, 42.468629830678644, 26.434810854644187]}}, {"type": "Feature", "properties": {"filename": "DJI_20260508085347_1230_V.JPG", "camera": "v2 dji m3t 4000 3000 brown 0.6666", "focal": 0.7188884491448521, "width": 4000, "height": 3000, "capture_time": 1778230427.0, "translation": [342432.6042798153, 4703585.785575308, 26.527221592653863], "rotation": [2.0625031509005654, -1.2546781394059874, 0.5068612772997979]}, "geometry": {"type": "Point", "coordinates": [-70.91667733563067, 42.46859555829564, 26.527221592653863]}}, {"type": "Feature", "properties": {"filename": "DJI_20260508085227_1117_V.JPG", "camera": "v2 dji m3t 4000 3000 brown 0.6666", "focal": 0.7188884491448521, "width": 4000, "height": 3000, "capture_time": 1778230347.0, "translation": [342458.1056730782, 4703570.5323038455, 26.54472538140441], "rotation": [2.0643805959812154, -1.2511492858508388, 0.5092473210031058]}, "geometry": {"type": "Point", "coordinates": [-70.91636311148689, 42.46846345132289, 26.54472538140441]}}, {"type": "Feature", "properties": {"filename": "DJI_20260508084609_0624_V.JPG", "camera": "v2 dji m3t 4000 3000 brown 0.6666", "focal": 0.7188884491448521, "width": 4000, "height": 3000, "capture_time": 1778229969.0, "translation": [342468.0537579691, 4703568.7693848545, 26.43742560352781], "rotation": [1.3488669304664125, 2.200056252504814, -0.9111634582266879]}, "geometry": {"type": "Point", "coordinates": [-70.91624168311303, 42.46844960628759, 26.43742560352781]}}, {"type": "Feature", "properties": {"filename": "DJI_20260508084301_0356_V.JPG", "camera": "v2 dji m3t 4000 3000 brown 0.6666", "focal": 0.7188884491448521, "width": 4000, "height": 3000, "capture_time": 1778229781.0, "translation": [342480.69374707545, 4703645.187690479, 26.625290227186078], "rotation": [1.352715578575634, 2.2179393052175196, -0.9114234422791244]}, "geometry": {"type": "Point", "coordinates": [-70.91610899794291, 42.46914000851009, 26.625290227186078]}}, {"type": "Feature", "properties": {"filename": "DJI_20260508085226_1115_V.JPG", "camera": "v2 dji m3t 4000 3000 brown 0.6666", "focal": 0.7188884491448521, "width": 4000, "height": 3000, "capture_time": 1778230346.0, "translation": [342466.7997904435, 4703574.897284315, 26.45798018624798], "rotation": [2.0629408676246865, -1.250942821946728, 0.5105860813914926]}, "geometry": {"type": "Point", "coordinates": [-70.91625861122753, 42.46850450782581, 26.45798018624798]}}, {"type": "Feature", "properties": {"filename": "DJI_20260508085019_0959_V.JPG", "camera": "v2 dji m3t 4000 3000 brown 0.6666", "focal": 0.7188884491448521, "width": 4000, "height": 3000, "capture_time": 1778230219.0, "translation": [342478.6236067001, 4703598.381481361, 26.612839769176873], "rotation": [2.305342266271203, 0.548359431880744, -0.23238722859059646]}, "geometry": {"type": "Point", "coordinates": [-70.91612131187762, 42.468718290399835, 26.612839769176873]}}, {"type": "Feature", "properties": {"filename": "DJI_20260508085400_1249_V.JPG", "camera": "v2 dji m3t 4000 3000 brown 0.6666", "focal": 0.7188884491448521, "width": 4000, "height": 3000, "capture_time": 1778230440.0, "translation": [342357.5606969663, 4703552.439971433, 26.599990271259202], "rotation": [2.0749868603022747, -1.2579792974015078, 0.49889994022442286]}, "geometry": {"type": "Point", "coordinates": [-70.9175805177935, 42.468280153019315, 26.599990271259202]}}, {"type": "Feature", "properties": {"filename": "DJI_20260508085225_1114_V.JPG", "camera": "v2 dji m3t 4000 3000 brown 0.6666", "focal": 0.7188884491448521, "width": 4000, "height": 3000, "capture_time": 1778230345.0, "translation": [342470.0015675111, 4703576.400945277, 26.451468815387052], "rotation": [2.064749959460069, -1.2525068451607995, 0.5109866971943144]}, "geometry": {"type": "Point", "coordinates": [-70.91622009843385, 42.468518693114355, 26.451468815387052]}}, {"type": "Feature", "properties": {"filename": "DJI_20260508084020_0149_V.JPG", "camera": "v2 dji m3t 4000 3000 brown 0.6666", "focal": 0.7188884491448521, "width": 4000, "height": 3000, "capture_time": 1778229620.0, "translation": [342458.805158509, 4703592.016763918, 26.4636283141151], "rotation": [-1.6652452769896413, -2.6468954524188684, -0.009944859838962447]}, "geometry": {"type": "Point", "coordinates": [-70.91636050826459, 42.4686569726552, 26.4636283141151]}}, {"type": "Feature", "properties": {"filename": "DJI_20260508085920_1685_V.JPG", "camera": "v2 dji m3t 4000 3000 brown 0.6666", "focal": 0.7188884491448521, "width": 4000, "height": 3000, "capture_time": 1778230760.0, "translation": [342416.2619592422, 4703593.712730674, 26.59598496990887], "rotation": [0.6691632580607454, -2.6729092048354315, 1.0922865185137722]}, "geometry": {"type": "Point", "coordinates": [-70.91687819617626, 42.46866358587277, 26.59598496990887]}}, {"type": "Feature", "properties": {"filename": "DJI_20260508085224_1112_V.JPG", "camera": "v2 dji m3t 4000 3000 brown 0.6666", "focal": 0.7188884491448521, "width": 4000, "height": 3000, "capture_time": 1778230344.0, "translation": [342474.24418965273, 4703577.761933255, 26.48006489598568], "rotation": [2.0657227203914874, -1.2539680390338523, 0.5093615497816432]}, "geometry": {"type": "Point", "coordinates": [-70.9161688923132, 42.46853180583368, 26.48006489598568]}}, {"type": "Feature", "properties": {"filename": "DJI_20260508084923_0878_V.JPG", "camera": "v2 dji m3t 4000 3000 brown 0.6666", "focal": 0.7188884491448521, "width": 4000, "height": 3000, "capture_time": 1778230163.0, "translation": [342456.9746260861, 4703583.921158141, 26.614701093990384], "rotation": [2.308871440551022, 0.5518514374472813, -0.23129079695039298]}, "geometry": {"type": "Point", "coordinates": [-70.91638053957296, 42.468583732835675, 26.614701093990384]}}, {"type": "Feature", "properties": {"filename": "DJI_20260508084541_0585_V.JPG", "camera": "v2 dji m3t 4000 3000 brown 0.6666", "focal": 0.7188884491448521, "width": 4000, "height": 3000, "capture_time": 1778229941.0, "translation": [342526.20661675197, 4703611.797174241, 26.52208394794273], "rotation": [1.3581593989561718, 2.2070825111391965, -0.9062471720144815]}, "geometry": {"type": "Point", "coordinates": [-70.91554650026742, 42.468848716483734, 26.52208394794273]}}, {"type": "Feature", "properties": {"filename": "DJI_20260508085251_1151_V.JPG", "camera": "v2 dji m3t 4000 3000 brown 0.6666", "focal": 0.7188884491448521, "width": 4000, "height": 3000, "capture_time": 1778230371.0, "translation": [342418.14467383764, 4703557.589952083, 26.485526972825006], "rotation": [2.0819485010244883, -1.2537570516277463, 0.5020189328438782]}, "geometry": {"type": "Point", "coordinates": [-70.9168453831355, 42.46833883201707, 26.485526972825006]}}, {"type": "Feature", "properties": {"filename": "DJI_20260508085157_1073_V.JPG", "camera": "v2 dji m3t 4000 3000 brown 0.6666", "focal": 0.7188884491448521, "width": 4000, "height": 3000, "capture_time": 1778230317.0, "translation": [342423.23436714767, 4703539.080104756, 26.639256199421183], "rotation": [2.072499127994226, -1.2577779922058978, 0.5061339650892975]}, "geometry": {"type": "Point", "coordinates": [-70.91677842026546, 42.46817326227661, 26.639256199421183]}}, {"type": "Feature", "properties": {"filename": "DJI_20260508084156_0286_V.JPG", "camera": "v2 dji m3t 4000 3000 brown 0.6666", "focal": 0.7188884491448521, "width": 4000, "height": 3000, "capture_time": 1778229716.0, "translation": [342412.1377290896, 4703603.618365517, 26.49159793806054], "rotation": [-2.639772939439008, 1.6670974895732849, -0.015933007794730836]}, "geometry": {"type": "Point", "coordinates": [-70.91693105824879, 42.46875190642915, 26.49159793806054]}}, {"type": "Feature", "properties": {"filename": "DJI_20260508085213_1097_V.JPG", "camera": "v2 dji m3t 4000 3000 brown 0.6666", "focal": 0.7188884491448521, "width": 4000, "height": 3000, "capture_time": 1778230333.0, "translation": [342427.9932108237, 4703548.4678291725, 26.50557831520657], "rotation": [2.07914348628198, -1.2565970189949056, 0.5071176978076147]}, "geometry": {"type": "Point", "coordinates": [-70.91672314356647, 42.46825872792618, 26.50557831520657]}}, {"type": "Feature", "properties": {"filename": "DJI_20260508085217_1102_V.JPG", "camera": "v2 dji m3t 4000 3000 brown 0.6666", "focal": 0.7188884491448521, "width": 4000, "height": 3000, "capture_time": 1778230337.0, "translation": [342448.90796608524, 4703559.112500554, 26.46942294027617], "rotation": [2.0757326713808277, -1.25561768466026, 0.5093701178275746]}, "geometry": {"type": "Point", "coordinates": [-70.91647179627027, 42.46835879269276, 26.46942294027617]}}, {"type": "Feature", "properties": {"filename": "DJI_20260508083916_0058_V.JPG", "camera": "v2 dji m3t 4000 3000 brown 0.6666", "focal": 0.7188884491448521, "width": 4000, "height": 3000, "capture_time": 1778229556.0, "translation": [342425.70024090324, 4703554.362673901, 26.44104643128677], "rotation": [-2.671307133596577, 1.6118514699252975, -0.03019111394064618]}, "geometry": {"type": "Point", "coordinates": [-70.91675263969628, 42.46831132037602, 26.44104643128677]}}, {"type": "Feature", "properties": {"filename": "DJI_20260508085445_1313_V.JPG", "camera": "v2 dji m3t 4000 3000 brown 0.6666", "focal": 0.7188884491448521, "width": 4000, "height": 3000, "capture_time": 1778230485.0, "translation": [342368.51305646537, 4703574.803442429, 26.56849638852565], "rotation": [2.0831430050372464, -1.262651565955223, 0.5030191708997294]}, "geometry": {"type": "Point", "coordinates": [-70.9174535102435, 42.46848367226516, 26.56849638852565]}}, {"type": "Feature", "properties": {"filename": "DJI_20260508085218_1103_V.JPG", "camera": "v2 dji m3t 4000 3000 brown 0.6666", "focal": 0.7188884491448521, "width": 4000, "height": 3000, "capture_time": 1778230338.0, "translation": [342452.9947431434, 4703561.138401269, 26.477905678114155], "rotation": [2.0750252614855893, -1.2557165996209116, 0.5097517079065418]}, "geometry": {"type": "Point", "coordinates": [-70.91642266765102, 42.46837785863194, 26.477905678114155]}}, {"type": "Feature", "properties": {"filename": "DJI_20260508085218_1104_V.JPG", "camera": "v2 dji m3t 4000 3000 brown 0.6666", "focal": 0.7188884491448521, "width": 4000, "height": 3000, "capture_time": 1778230338.0, "translation": [342457.27401434694, 4703563.250462439, 26.46044854886508], "rotation": [2.0740461113446105, -1.2556325141570468, 0.51071461771682]}, "geometry": {"type": "Point", "coordinates": [-70.91637122241363, 42.46839773921287, 26.46044854886508]}}, {"type": "Feature", "properties": {"filename": "DJI_20260508085333_1210_V.JPG", "camera": "v2 dji m3t 4000 3000 brown 0.6666", "focal": 0.7188884491448521, "width": 4000, "height": 3000, "capture_time": 1778230413.0, "translation": [342426.24238003267, 4703575.665147666, 26.49178745714775], "rotation": [2.075898292171994, -1.2554460717485407, 0.5049494702806593]}, "geometry": {"type": "Point", "coordinates": [-70.91675190061483, 42.4685031716594, 26.49178745714775]}}, {"type": "Feature", "properties": {"filename": "DJI_20260508084403_0444_V.JPG", "camera": "v2 dji m3t 4000 3000 brown 0.6666", "focal": 0.7188884491448521, "width": 4000, "height": 3000, "capture_time": 1778229843.0, "translation": [342464.9061659525, 4703616.11737757, 26.444767222220786], "rotation": [1.3445766468154248, 2.214478282084935, -0.8959407028809545]}, "geometry": {"type": "Point", "coordinates": [-70.91629295396109, 42.46887514001055, 26.444767222220786]}}, {"type": "Feature", "properties": {"filename": "DJI_20260508085219_1105_V.JPG", "camera": "v2 dji m3t 4000 3000 brown 0.6666", "focal": 0.7188884491448521, "width": 4000, "height": 3000, "capture_time": 1778230339.0, "translation": [342461.3939784132, 4703565.313658915, 26.426695557978938], "rotation": [2.0737202538759214, -1.2564209337130259, 0.5103344997750863]}, "geometry": {"type": "Point", "coordinates": [-70.91632170050345, 42.46841714755294, 26.426695557978938]}}, {"type": "Feature", "properties": {"filename": "DJI_20260508085509_1348_V.JPG", "camera": "v2 dji m3t 4000 3000 brown 0.6666", "focal": 0.7188884491448521, "width": 4000, "height": 3000, "capture_time": 1778230509.0, "translation": [342400.2182600504, 4703597.771869545, 26.531435436747454], "rotation": [2.0611213918175912, -1.2636846267834039, 0.5035354723220448]}, "geometry": {"type": "Point", "coordinates": [-70.91707436386233, 42.46869685828719, 26.531435436747454]}}, {"type": "Feature", "properties": {"filename": "DJI_20260508085223_1111_V.JPG", "camera": "v2 dji m3t 4000 3000 brown 0.6666", "focal": 0.7188884491448521, "width": 4000, "height": 3000, "capture_time": 1778230343.0, "translation": [342475.9538838705, 4703576.7994488925, 26.48352051279587], "rotation": [2.066762874222499, -1.2548746927555419, 0.511246813684269]}, "geometry": {"type": "Point", "coordinates": [-70.91614784229694, 42.468523490238766, 26.48352051279587]}}, {"type": "Feature", "properties": {"filename": "DJI_20260508085345_1228_V.JPG", "camera": "v2 dji m3t 4000 3000 brown 0.6666", "focal": 0.7188884491448521, "width": 4000, "height": 3000, "capture_time": 1778230425.0, "translation": [342441.01085977885, 4703590.009369807, 26.45461888062058], "rotation": [2.062104842072903, -1.2538065726751613, 0.5089368980826003]}, "geometry": {"type": "Point", "coordinates": [-70.91657629234433, 42.46863528581161, 26.45461888062058]}}, {"type": "Feature", "properties": {"filename": "DJI_20260508085431_1294_V.JPG", "camera": "v2 dji m3t 4000 3000 brown 0.6666", "focal": 0.7188884491448521, "width": 4000, "height": 3000, "capture_time": 1778230471.0, "translation": [342393.7133374682, 4703580.457073299, 26.584650043861753], "rotation": [2.0699289223740513, -1.2573301652901274, 0.5021904870403526]}, "geometry": {"type": "Point", "coordinates": [-70.91714869039481, 42.46853968667335, 26.584650043861753]}}, {"type": "Feature", "properties": {"filename": "DJI_20260508084542_0586_V.JPG", "camera": "v2 dji m3t 4000 3000 brown 0.6666", "focal": 0.7188884491448521, "width": 4000, "height": 3000, "capture_time": 1778229942.0, "translation": [342530.32909959555, 4703613.837507768, 26.519330607011415], "rotation": [1.358688256097167, 2.2075113445208583, -0.9066942006824608]}, "geometry": {"type": "Point", "coordinates": [-70.91549694083969, 42.46886791920316, 26.519330607011415]}}, {"type": "Feature", "properties": {"filename": "DJI_20260508084855_0839_V.JPG", "camera": "v2 dji m3t 4000 3000 brown 0.6666", "focal": 0.7188884491448521, "width": 4000, "height": 3000, "capture_time": 1778230135.0, "translation": [342444.9848530127, 4703581.904687838, 26.544736935275317], "rotation": [2.3084709915698407, 0.5491059409723905, -0.22968269402152638]}, "geometry": {"type": "Point", "coordinates": [-70.91652575206464, 42.468563144689305, 26.544736935275317]}}, {"type": "Feature", "properties": {"filename": "DJI_20260508085927_1695_V.JPG", "camera": "v2 dji m3t 4000 3000 brown 0.6666", "focal": 0.7188884491448521, "width": 4000, "height": 3000, "capture_time": 1778230767.0, "translation": [342409.0148414407, 4703594.237208915, 26.686338256924596], "rotation": [0.6583733570251549, -2.664441351492477, 1.0984906735100755]}, "geometry": {"type": "Point", "coordinates": [-70.91696644762288, 42.46866683256439, 26.686338256924596]}}, {"type": "Feature", "properties": {"filename": "DJI_20260508084429_0482_V.JPG", "camera": "v2 dji m3t 4000 3000 brown 0.6666", "focal": 0.7188884491448521, "width": 4000, "height": 3000, "capture_time": 1778229869.0, "translation": [342539.44210830337, 4703641.9310553605, 26.49898589867656], "rotation": [1.3453100996749676, 2.2225875717541843, -0.8955428247190238]}, "geometry": {"type": "Point", "coordinates": [-70.91539386056321, 42.46912263821908, 26.49898589867656]}}, {"type": "Feature", "properties": {"filename": "DJI_20260508084903_0850_V.JPG", "camera": "v2 dji m3t 4000 3000 brown 0.6666", "focal": 0.7188884491448521, "width": 4000, "height": 3000, "capture_time": 1778230143.0, "translation": [342465.26924317563, 4703552.5904281, 26.63736865948283], "rotation": [2.303611081478077, 0.5515193984994357, -0.23346055451748812]}, "geometry": {"type": "Point", "coordinates": [-70.9162710925531, 42.46830341521297, 26.63736865948283]}}, {"type": "Feature", "properties": {"filename": "DJI_20260508085414_1269_V.JPG", "camera": "v2 dji m3t 4000 3000 brown 0.6666", "focal": 0.7188884491448521, "width": 4000, "height": 3000, "capture_time": 1778230454.0, "translation": [342430.43164131977, 4703591.779120251, 26.40582108998285], "rotation": [2.07509391518451, -1.2493089590693673, 0.5038541689973454]}, "geometry": {"type": "Point", "coordinates": [-70.91670539606682, 42.46864906361359, 26.40582108998285]}}, {"type": "Feature", "properties": {"filename": "DJI_20260508084612_0628_V.JPG", "camera": "v2 dji m3t 4000 3000 brown 0.6666", "focal": 0.7188884491448521, "width": 4000, "height": 3000, "capture_time": 1778229972.0, "translation": [342485.03176356805, 4703577.093617604, 26.433491899605894], "rotation": [1.35250918795299, 2.200170112005298, -0.9114376776058848]}, "geometry": {"type": "Point", "coordinates": [-70.91603755829945, 42.46852798366667, 26.433491899605894]}}, {"type": "Feature", "properties": {"filename": "DJI_20260508085450_1320_V.JPG", "camera": "v2 dji m3t 4000 3000 brown 0.6666", "focal": 0.7188884491448521, "width": 4000, "height": 3000, "capture_time": 1778230490.0, "translation": [342398.0018391256, 4703589.595089698, 26.528366179547092], "rotation": [2.077437892828909, -1.260907646970757, 0.5047232520276738]}, "geometry": {"type": "Point", "coordinates": [-70.91709906350448, 42.468622809224485, 26.528366179547092]}}, {"type": "Feature", "properties": {"filename": "DJI_20260508084157_0288_V.JPG", "camera": "v2 dji m3t 4000 3000 brown 0.6666", "focal": 0.7188884491448521, "width": 4000, "height": 3000, "capture_time": 1778229717.0, "translation": [342420.51591255225, 4703607.807045801, 26.4802399539255], "rotation": [-2.6390553908880534, 1.6678961671884744, -0.012734162424719036]}, "geometry": {"type": "Point", "coordinates": [-70.91683035046965, 42.46879131233528, 26.4802399539255]}}, {"type": "Feature", "properties": {"filename": "DJI_20260508085253_1153_V.JPG", "camera": "v2 dji m3t 4000 3000 brown 0.6666", "focal": 0.7188884491448521, "width": 4000, "height": 3000, "capture_time": 1778230373.0, "translation": [342426.58548174036, 4703561.803559314, 26.498381872333102], "rotation": [2.0807347630608795, -1.253296662099036, 0.50280332590294]}, "geometry": {"type": "Point", "coordinates": [-70.91674392144283, 42.46837847493949, 26.498381872333102]}}, {"type": "Feature", "properties": {"filename": "DJI_20260508085256_1158_V.JPG", "camera": "v2 dji m3t 4000 3000 brown 0.6666", "focal": 0.7188884491448521, "width": 4000, "height": 3000, "capture_time": 1778230376.0, "translation": [342447.67955791415, 4703572.428289412, 26.440837120339673], "rotation": [2.078237931535756, -1.2533059468976675, 0.5069645750188324]}, "geometry": {"type": "Point", "coordinates": [-70.9164903881308, 42.46847839673527, 26.440837120339673]}}, {"type": "Feature", "properties": {"filename": "DJI_20260508085451_1322_V.JPG", "camera": "v2 dji m3t 4000 3000 brown 0.6666", "focal": 0.7188884491448521, "width": 4000, "height": 3000, "capture_time": 1778230491.0, "translation": [342406.46473185346, 4703593.832870901, 26.511352802847433], "rotation": [2.075842808497229, -1.2607562552027922, 0.505453545463309]}, "geometry": {"type": "Point", "coordinates": [-70.91699733967175, 42.468662674454976, 26.511352802847433]}}, {"type": "Feature", "properties": {"filename": "DJI_20260508085933_1703_V.JPG", "camera": "v2 dji m3t 4000 3000 brown 0.6666", "focal": 0.7188884491448521, "width": 4000, "height": 3000, "capture_time": 1778230773.0, "translation": [342391.8857874554, 4703628.109311327, 26.664048477311525], "rotation": [0.6621067048285795, -2.662372049305918, 1.0942770968173123]}, "geometry": {"type": "Point", "coordinates": [-70.91718400249127, 42.46896822687185, 26.664048477311525]}}, {"type": "Feature", "properties": {"filename": "DJI_20260508084101_0207_V.JPG", "camera": "v2 dji m3t 4000 3000 brown 0.6666", "focal": 0.7188884491448521, "width": 4000, "height": 3000, "capture_time": 1778229661.0, "translation": [342443.10624410084, 4703598.2356572775, 26.438775034980264], "rotation": [-1.6657666248953704, -2.6460523712453248, -0.015102885649580669]}, "geometry": {"type": "Point", "coordinates": [-70.9165530771886, 42.46870975577184, 26.438775034980264]}}, {"type": "Feature", "properties": {"filename": "DJI_20260508085525_1370_V.JPG", "camera": "v2 dji m3t 4000 3000 brown 0.6666", "focal": 0.7188884491448521, "width": 4000, "height": 3000, "capture_time": 1778230525.0, "translation": [342357.89245902933, 4703583.423231023, 26.51790586481659], "rotation": [2.074656178771806, -1.2658165834011865, 0.5040687434914903]}, "geometry": {"type": "Point", "coordinates": [-70.91758499946911, 42.46855909700564, 26.51790586481659]}}, {"type": "Feature", "properties": {"filename": "DJI_20260508084506_0535_V.JPG", "camera": "v2 dji m3t 4000 3000 brown 0.6666", "focal": 0.7188884491448521, "width": 4000, "height": 3000, "capture_time": 1778229906.0, "translation": [342540.48047078226, 4703632.574658611, 26.509389016948937], "rotation": [1.3547990708283455, 2.2136333945921036, -0.9006778780860958]}, "geometry": {"type": "Point", "coordinates": [-70.91537866798369, 42.46903863338899, 26.509389016948937]}}, {"type": "Feature", "properties": {"filename": "DJI_20260508085154_1069_V.JPG", "camera": "v2 dji m3t 4000 3000 brown 0.6666", "focal": 0.7188884491448521, "width": 4000, "height": 3000, "capture_time": 1778230314.0, "translation": [342440.19525648345, 4703547.556327573, 26.61874279968263], "rotation": [2.068360090344096, -1.2603760615812944, 0.5121758007624705]}, "geometry": {"type": "Point", "coordinates": [-70.91657454688247, 42.468253005148135, 26.61874279968263]}}, {"type": "Feature", "properties": {"filename": "DJI_20260508085249_1148_V.JPG", "camera": "v2 dji m3t 4000 3000 brown 0.6666", "focal": 0.7188884491448521, "width": 4000, "height": 3000, "capture_time": 1778230369.0, "translation": [342405.59545423754, 4703551.326464448, 26.492844243458602], "rotation": [2.0844456804616622, -1.2534598303478897, 0.5006837825358991]}, "geometry": {"type": "Point", "coordinates": [-70.91699622952365, 42.4682799026083, 26.492844243458602]}}, {"type": "Feature", "properties": {"filename": "DJI_20260508085353_1239_V.JPG", "camera": "v2 dji m3t 4000 3000 brown 0.6666", "focal": 0.7188884491448521, "width": 4000, "height": 3000, "capture_time": 1778230433.0, "translation": [342394.4256178802, 4703566.695779767, 26.638307890363933], "rotation": [2.0706167478947926, -1.258519004814797, 0.5030828956641041]}, "geometry": {"type": "Point", "coordinates": [-70.91713624968787, 42.468415967838766, 26.638307890363933]}}, {"type": "Feature", "properties": {"filename": "DJI_20260508085152_1067_V.JPG", "camera": "v2 dji m3t 4000 3000 brown 0.6666", "focal": 0.7188884491448521, "width": 4000, "height": 3000, "capture_time": 1778230312.0, "translation": [342448.7399571934, 4703551.792427578, 26.58673790344329], "rotation": [2.066722835206109, -1.2601797944014694, 0.5169207620357211]}, "geometry": {"type": "Point", "coordinates": [-70.91647182824772, 42.46829287141351, 26.58673790344329]}}, {"type": "Feature", "properties": {"filename": "DJI_20260508085245_1142_V.JPG", "camera": "v2 dji m3t 4000 3000 brown 0.6666", "focal": 0.7188884491448521, "width": 4000, "height": 3000, "capture_time": 1778230365.0, "translation": [342380.18179559417, 4703538.482468338, 26.467863952818977], "rotation": [2.086892967124197, -1.2505379064167477, 0.4984977432702631]}, "geometry": {"type": "Point", "coordinates": [-70.91730166659342, 42.46815912561614, 26.467863952818977]}}, {"type": "Feature", "properties": {"filename": "DJI_20260508085152_1066_V.JPG", "camera": "v2 dji m3t 4000 3000 brown 0.6666", "focal": 0.7188884491448521, "width": 4000, "height": 3000, "capture_time": 1778230312.0, "translation": [342452.7978443628, 4703553.84062023, 26.601511054285915], "rotation": [2.066070520712108, -1.2602066983413343, 0.5193624182918936]}, "geometry": {"type": "Point", "coordinates": [-70.91642305703108, 42.468312132124325, 26.601511054285915]}}, {"type": "Feature", "properties": {"filename": "DJI_20260508085422_1280_V.JPG", "camera": "v2 dji m3t 4000 3000 brown 0.6666", "focal": 0.7188884491448521, "width": 4000, "height": 3000, "capture_time": 1778230462.0, "translation": [342450.7618609251, 4703608.81707631, 26.42237321198675], "rotation": [2.068376934311614, -1.2459418255742767, 0.5062727302975635]}, "geometry": {"type": "Point", "coordinates": [-70.91646290979817, 42.46880655469764, 26.42237321198675]}}, {"type": "Feature", "properties": {"filename": "DJI_20260508085151_1065_V.JPG", "camera": "v2 dji m3t 4000 3000 brown 0.6666", "focal": 0.7188884491448521, "width": 4000, "height": 3000, "capture_time": 1778230311.0, "translation": [342457.08292129816, 4703555.976389123, 26.579851369569212], "rotation": [2.0649673159035524, -1.2596429516686216, 0.5214496723624081]}, "geometry": {"type": "Point", "coordinates": [-70.91637154777509, 42.46833222727554, 26.579851369569212]}}, {"type": "Feature", "properties": {"filename": "DJI_20260508083910_0049_V.JPG", "camera": "v2 dji m3t 4000 3000 brown 0.6666", "focal": 0.7188884491448521, "width": 4000, "height": 3000, "capture_time": 1778229550.0, "translation": [342432.852273116, 4703551.177428322, 26.44741600688459], "rotation": [1.6422753352646435, 2.676174957591938, 0.02144897215478532]}, "geometry": {"type": "Point", "coordinates": [-70.91666481385704, 42.46828410492078, 26.44741600688459]}}, {"type": "Feature", "properties": {"filename": "DJI_20260508085248_1147_V.JPG", "camera": "v2 dji m3t 4000 3000 brown 0.6666", "focal": 0.7188884491448521, "width": 4000, "height": 3000, "capture_time": 1778230368.0, "translation": [342401.37175632454, 4703549.217683186, 26.497909174999275], "rotation": [2.085306390346815, -1.2533189322137197, 0.5002002836330828]}, "geometry": {"type": "Point", "coordinates": [-70.917046999727, 42.46826006257856, 26.497909174999275]}}, {"type": "Feature", "properties": {"filename": "DJI_20260508084952_0920_V.JPG", "camera": "v2 dji m3t 4000 3000 brown 0.6666", "focal": 0.7188884491448521, "width": 4000, "height": 3000, "capture_time": 1778230192.0, "translation": [342468.01316941186, 4703593.822314841, 26.560762903520963], "rotation": [2.3056996219571864, 0.5525901536954213, -0.2340632689209046]}, "geometry": {"type": "Point", "coordinates": [-70.91624905706122, 42.46867509652584, 26.560762903520963]}}, {"type": "Feature", "properties": {"filename": "DJI_20260508085328_1203_V.JPG", "camera": "v2 dji m3t 4000 3000 brown 0.6666", "focal": 0.7188884491448521, "width": 4000, "height": 3000, "capture_time": 1778230408.0, "translation": [342396.8583517442, 4703560.95237094, 26.50967801055263], "rotation": [2.0851505562838644, -1.2563437636459946, 0.5029160460591119]}, "geometry": {"type": "Point", "coordinates": [-70.9171050956146, 42.46836476698295, 26.50967801055263]}}, {"type": "Feature", "properties": {"filename": "DJI_20260508085453_1325_V.JPG", "camera": "v2 dji m3t 4000 3000 brown 0.6666", "focal": 0.7188884491448521, "width": 4000, "height": 3000, "capture_time": 1778230493.0, "translation": [342419.122298601, 4703600.103875279, 26.469140743232817], "rotation": [2.0738247532113645, -1.2597241965547101, 0.5068894211695663]}, "geometry": {"type": "Point", "coordinates": [-70.9168451772038, 42.46872169357425, 26.469140743232817]}}, {"type": "Feature", "properties": {"filename": "DJI_20260508084107_0216_V.JPG", "camera": "v2 dji m3t 4000 3000 brown 0.6666", "focal": 0.7188884491448521, "width": 4000, "height": 3000, "capture_time": 1778229667.0, "translation": [342405.0959958773, 4703579.20091216, 26.38914249362782], "rotation": [-1.671485495127763, -2.6493394714547667, -0.017854014792134526]}, "geometry": {"type": "Point", "coordinates": [-70.91700996006985, 42.46853069555161, 26.38914249362782]}}, {"type": "Feature", "properties": {"filename": "DJI_20260508085712_1501_V.JPG", "camera": "v2 dji m3t 4000 3000 brown 0.6666", "focal": 0.7188884491448521, "width": 4000, "height": 3000, "capture_time": 1778230632.0, "translation": [342445.01718687796, 4703662.52380406, 26.664595074685785], "rotation": [0.6561830335270634, -2.662909598544545, 1.0970450104620084]}, "geometry": {"type": "Point", "coordinates": [-70.9165475036929, 42.469288794325884, 26.664595074685785]}}, {"type": "Feature", "properties": {"filename": "DJI_20260508083958_0117_V.JPG", "camera": "v2 dji m3t 4000 3000 brown 0.6666", "focal": 0.7188884491448521, "width": 4000, "height": 3000, "capture_time": 1778229598.0, "translation": [342435.762903652, 4703573.497712925, 26.461539091390097], "rotation": [-2.648066635518688, 1.649941784292239, -0.02772076407340132]}, "geometry": {"type": "Point", "coordinates": [-70.91663555906845, 42.4684855990883, 26.461539091390097]}}, {"type": "Feature", "properties": {"filename": "DJI_20260508085239_1134_V.JPG", "camera": "v2 dji m3t 4000 3000 brown 0.6666", "focal": 0.7188884491448521, "width": 4000, "height": 3000, "capture_time": 1778230359.0, "translation": [342386.42014037987, 4703534.6053500185, 26.565288545634676], "rotation": [2.0776803405220843, -1.2450733643309215, 0.4947059569653824]}, "geometry": {"type": "Point", "coordinates": [-70.91722475876207, 42.468125497247, 26.565288545634676]}}, {"type": "Feature", "properties": {"filename": "DJI_20260508085710_1499_V.JPG", "camera": "v2 dji m3t 4000 3000 brown 0.6666", "focal": 0.7188884491448521, "width": 4000, "height": 3000, "capture_time": 1778230630.0, "translation": [342449.2450212933, 4703654.082323635, 26.68426287824813], "rotation": [0.6539506803576253, -2.6635366257325006, 1.0975054213296351]}, "geometry": {"type": "Point", "coordinates": [-70.91649378426034, 42.46921367334652, 26.68426287824813]}}, {"type": "Feature", "properties": {"filename": "DJI_20260508084207_0302_V.JPG", "camera": "v2 dji m3t 4000 3000 brown 0.6666", "focal": 0.7188884491448521, "width": 4000, "height": 3000, "capture_time": 1778229727.0, "translation": [342479.65547776513, 4703637.570182746, 26.509753877656212], "rotation": [-2.647344305533983, 1.6783362101217256, 0.011679952139355748]}, "geometry": {"type": "Point", "coordinates": [-70.91611952891589, 42.46907123311749, 26.509753877656212]}}, {"type": "Feature", "properties": {"filename": "DJI_20260508085631_1443_V.JPG", "camera": "v2 dji m3t 4000 3000 brown 0.6666", "focal": 0.7188884491448521, "width": 4000, "height": 3000, "capture_time": 1778230591.0, "translation": [342482.7871677969, 4703629.4427634245, 26.610772032041943], "rotation": [0.6721386604624392, -2.675800508541504, 1.087626927772686]}, "geometry": {"type": "Point", "coordinates": [-70.91607922296133, 42.46899871588819, 26.610772032041943]}}, {"type": "Feature", "properties": {"filename": "DJI_20260508084056_0201_V.JPG", "camera": "v2 dji m3t 4000 3000 brown 0.6666", "focal": 0.7188884491448521, "width": 4000, "height": 3000, "capture_time": 1778229656.0, "translation": [342468.3367862991, 4703610.736631083, 26.48062000809804], "rotation": [-1.6645508586528133, -2.6460178232555864, -0.004774365020716601]}, "geometry": {"type": "Point", "coordinates": [-70.91624976801593, 42.46882740610275, 26.48062000809804]}}, {"type": "Feature", "properties": {"filename": "DJI_20260508083959_0119_V.JPG", "camera": "v2 dji m3t 4000 3000 brown 0.6666", "focal": 0.7188884491448521, "width": 4000, "height": 3000, "capture_time": 1778229599.0, "translation": [342444.2316768205, 4703577.752546884, 26.431921585610723], "rotation": [-2.6454944933084668, 1.6524557057129745, -0.026112893922476066]}, "geometry": {"type": "Point", "coordinates": [-70.91653376833783, 42.4685256185952, 26.431921585610723]}}, {"type": "Feature", "properties": {"filename": "DJI_20260508084417_0464_V.JPG", "camera": "v2 dji m3t 4000 3000 brown 0.6666", "focal": 0.7188884491448521, "width": 4000, "height": 3000, "capture_time": 1778229857.0, "translation": [342469.322611999, 4703611.308779203, 26.5549395021251], "rotation": [1.350910509555624, 2.209033973447673, -0.9098961984160243]}, "geometry": {"type": "Point", "coordinates": [-70.91623793986825, 42.468832756388764, 26.5549395021251]}}, {"type": "Feature", "properties": {"filename": "DJI_20260508085643_1461_V.JPG", "camera": "v2 dji m3t 4000 3000 brown 0.6666", "focal": 0.7188884491448521, "width": 4000, "height": 3000, "capture_time": 1778230603.0, "translation": [342456.81086744065, 4703667.14239042, 26.68696045084171], "rotation": [0.6610957615085046, -2.664788437430084, 1.0917983602010377]}, "geometry": {"type": "Point", "coordinates": [-70.91640538829249, 42.46933276399246, 26.68696045084171]}}, {"type": "Feature", "properties": {"filename": "DJI_20260508090020_1770_V.JPG", "camera": "v2 dji m3t 4000 3000 brown 0.6666", "focal": 0.7188884491448521, "width": 4000, "height": 3000, "capture_time": 1778230820.0, "translation": [342358.34340223117, 4703638.683616928, 26.68663020846368], "rotation": [0.6605066711571136, -2.6671991254850953, 1.0931207501323388]}, "geometry": {"type": "Point", "coordinates": [-70.91759470446982, 42.46905658061439, 26.68663020846368]}}, {"type": "Feature", "properties": {"filename": "DJI_20260508085526_1372_V.JPG", "camera": "v2 dji m3t 4000 3000 brown 0.6666", "focal": 0.7188884491448521, "width": 4000, "height": 3000, "capture_time": 1778230526.0, "translation": [342366.5868508578, 4703587.800192993, 26.543771274315972], "rotation": [2.0749578138220355, -1.2644723262460753, 0.5037849640387041]}, "geometry": {"type": "Point", "coordinates": [-70.91748049984845, 42.46860026250963, 26.543771274315972]}}, {"type": "Feature", "properties": {"filename": "DJI_20260508085213_1096_V.JPG", "camera": "v2 dji m3t 4000 3000 brown 0.6666", "focal": 0.7188884491448521, "width": 4000, "height": 3000, "capture_time": 1778230333.0, "translation": [342423.5322419134, 4703546.226109189, 26.51661431011288], "rotation": [2.080057877687633, -1.2565159937541108, 0.5069580945742236]}, "geometry": {"type": "Point", "coordinates": [-70.91677676194372, 42.46823764319329, 26.51661431011288]}}, {"type": "Feature", "properties": {"filename": "DJI_20260508085220_1107_V.JPG", "camera": "v2 dji m3t 4000 3000 brown 0.6666", "focal": 0.7188884491448521, "width": 4000, "height": 3000, "capture_time": 1778230340.0, "translation": [342470.03563854645, 4703569.507607207, 26.438545865071738], "rotation": [2.0713729412208393, -1.2561378370791088, 0.5097283470632371]}, "geometry": {"type": "Point", "coordinates": [-70.91621779107119, 42.46845665391081, 26.438545865071738]}}, {"type": "Feature", "properties": {"filename": "DJI_20260508084528_0566_V.JPG", "camera": "v2 dji m3t 4000 3000 brown 0.6666", "focal": 0.7188884491448521, "width": 4000, "height": 3000, "capture_time": 1778229928.0, "translation": [342451.46815759345, 4703575.984448066, 26.434189122658147], "rotation": [1.3466150305197129, 2.206130668846619, -0.9036570120185952]}, "geometry": {"type": "Point", "coordinates": [-70.91644530483954, 42.46851117572065, 26.434189122658147]}}, {"type": "Feature", "properties": {"filename": "DJI_20260508085910_1670_V.JPG", "camera": "v2 dji m3t 4000 3000 brown 0.6666", "focal": 0.7188884491448521, "width": 4000, "height": 3000, "capture_time": 1778230750.0, "translation": [342387.5309562759, 4703652.169130548, 26.629857417405585], "rotation": [0.664292975138099, -2.6711375175475522, 1.0879580415499808]}, "geometry": {"type": "Point", "coordinates": [-70.91724355820163, 42.469183900426806, 26.629857417405585]}}, {"type": "Feature", "properties": {"filename": "DJI_20260508084059_0204_V.JPG", "camera": "v2 dji m3t 4000 3000 brown 0.6666", "focal": 0.7188884491448521, "width": 4000, "height": 3000, "capture_time": 1778229659.0, "translation": [342455.7124794085, 4703604.43474971, 26.446695276102883], "rotation": [-1.6634997927267523, -2.644988714079855, -0.012710752344972782]}, "geometry": {"type": "Point", "coordinates": [-70.91640151848438, 42.46876811660218, 26.446695276102883]}}, {"type": "Feature", "properties": {"filename": "DJI_20260508084450_0512_V.JPG", "camera": "v2 dji m3t 4000 3000 brown 0.6666", "focal": 0.7188884491448521, "width": 4000, "height": 3000, "capture_time": 1778229890.0, "translation": [342446.01522473845, 4703585.931460163, 26.407825526582847], "rotation": [1.3467541796155755, 2.2128197627917525, -0.9143742972797646]}, "geometry": {"type": "Point", "coordinates": [-70.91651433132492, 42.46859959872455, 26.407825526582847]}}, {"type": "Feature", "properties": {"filename": "DJI_20260508085317_1188_V.JPG", "camera": "v2 dji m3t 4000 3000 brown 0.6666", "focal": 0.7188884491448521, "width": 4000, "height": 3000, "capture_time": 1778230397.0, "translation": [342382.55008735065, 4703546.749926375, 26.587173446100827], "rotation": [2.07759104185143, -1.2502105442945077, 0.4978443269505066]}, "geometry": {"type": "Point", "coordinates": [-70.91727514590357, 42.46823402179928, 26.587173446100827]}}, {"type": "Feature", "properties": {"filename": "DJI_20260508084114_0226_V.JPG", "camera": "v2 dji m3t 4000 3000 brown 0.6666", "focal": 0.7188884491448521, "width": 4000, "height": 3000, "capture_time": 1778229674.0, "translation": [342407.7105356783, 4703587.405521915, 26.459227619695362], "rotation": [-2.652265335394329, 1.6489827670628727, -0.02768894660234605]}, "geometry": {"type": "Point", "coordinates": [-70.91698042784635, 42.46860507607163, 26.459227619695362]}}, {"type": "Feature", "properties": {"filename": "DJI_20260508085737_1537_V.JPG", "camera": "v2 dji m3t 4000 3000 brown 0.6666", "focal": 0.7188884491448521, "width": 4000, "height": 3000, "capture_time": 1778230657.0, "translation": [342442.5861272608, 4703639.408268071, 26.690690289448327], "rotation": [0.6549255583286485, -2.6618105197097153, 1.0994740570665287]}, "geometry": {"type": "Point", "coordinates": [-70.91657071013942, 42.46908023976026, 26.690690289448327]}}, {"type": "Feature", "properties": {"filename": "DJI_20260508084410_0454_V.JPG", "camera": "v2 dji m3t 4000 3000 brown 0.6666", "focal": 0.7188884491448521, "width": 4000, "height": 3000, "capture_time": 1778229850.0, "translation": [342433.79291536193, 4703596.1214951845, 26.487485048080863], "rotation": [1.3478752462579622, 2.213653051800782, -0.9019973305766323]}, "geometry": {"type": "Point", "coordinates": [-70.91666572398906, 42.46868883241481, 26.487485048080863]}}, {"type": "Feature", "properties": {"filename": "DJI_20260508085825_1606_V.JPG", "camera": "v2 dji m3t 4000 3000 brown 0.6666", "focal": 0.7188884491448521, "width": 4000, "height": 3000, "capture_time": 1778230705.0, "translation": [342441.90730925294, 4703596.017163259, 26.558848321184513], "rotation": [0.6614545341594336, -2.6680186559350894, 1.0930165118858162]}, "geometry": {"type": "Point", "coordinates": [-70.91656704394987, 42.46868954355186, 26.558848321184513]}}, {"type": "Feature", "properties": {"filename": "DJI_20260508084225_0328_V.JPG", "camera": "v2 dji m3t 4000 3000 brown 0.6666", "focal": 0.7188884491448521, "width": 4000, "height": 3000, "capture_time": 1778229745.0, "translation": [342398.99804941466, 4703604.072050729, 26.516738761732608], "rotation": [-1.682472159466463, -2.6437943350561612, -0.01717982123831599]}, "geometry": {"type": "Point", "coordinates": [-70.91709092970896, 42.46875331723782, 26.516738761732608]}}, {"type": "Feature", "properties": {"filename": "DJI_20260508085923_1688_V.JPG", "camera": "v2 dji m3t 4000 3000 brown 0.6666", "focal": 0.7188884491448521, "width": 4000, "height": 3000, "capture_time": 1778230763.0, "translation": [342420.0128210754, 4703583.478178571, 26.569886741931718], "rotation": [0.666489831546636, -2.6686542118187235, 1.0931988758291953]}, "geometry": {"type": "Point", "coordinates": [-70.9168297831411, 42.46857222880323, 26.569886741931718]}}, {"type": "Feature", "properties": {"filename": "DJI_20260508084254_0346_V.JPG", "camera": "v2 dji m3t 4000 3000 brown 0.6666", "focal": 0.7188884491448521, "width": 4000, "height": 3000, "capture_time": 1778229774.0, "translation": [342438.27153132856, 4703623.816369146, 26.553727475295084], "rotation": [1.348399534715018, 2.2092127683484577, -0.9169249844032433]}, "geometry": {"type": "Point", "coordinates": [-70.91661888246803, 42.46893902149174, 26.553727475295084]}}, {"type": "Feature", "properties": {"filename": "DJI_20260508085246_1144_V.JPG", "camera": "v2 dji m3t 4000 3000 brown 0.6666", "focal": 0.7188884491448521, "width": 4000, "height": 3000, "capture_time": 1778230366.0, "translation": [342388.6241641152, 4703542.839076185, 26.51978638488171], "rotation": [2.0872602597648893, -1.2521606834006214, 0.49906332448994783]}, "geometry": {"type": "Point", "coordinates": [-70.91720022580915, 42.46820005638096, 26.51978638488171]}}, {"type": "Feature", "properties": {"filename": "DJI_20260508085433_1296_V.JPG", "camera": "v2 dji m3t 4000 3000 brown 0.6666", "focal": 0.7188884491448521, "width": 4000, "height": 3000, "capture_time": 1778230473.0, "translation": [342385.0126503499, 4703576.179972265, 26.58693395993272], "rotation": [2.071688999309793, -1.2581926511715331, 0.5024822095169224]}, "geometry": {"type": "Point", "coordinates": [-70.9172532941199, 42.468499419024695, 26.58693395993272]}}, {"type": "Feature", "properties": {"filename": "DJI_20260508084303_0359_V.JPG", "camera": "v2 dji m3t 4000 3000 brown 0.6666", "focal": 0.7188884491448521, "width": 4000, "height": 3000, "capture_time": 1778229783.0, "translation": [342493.19714996475, 4703651.440020946, 26.63008860908377], "rotation": [1.3523181561408628, 2.2199104994141576, -0.908716241993315]}, "geometry": {"type": "Point", "coordinates": [-70.91595870260363, 42.46919882706117, 26.63008860908377]}}, {"type": "Feature", "properties": {"filename": "DJI_20260508084103_0210_V.JPG", "camera": "v2 dji m3t 4000 3000 brown 0.6666", "focal": 0.7188884491448521, "width": 4000, "height": 3000, "capture_time": 1778229663.0, "translation": [342430.3625691239, 4703591.831580208, 26.42930061958712], "rotation": [-1.6695211628196265, -2.6466315482536893, -0.015846616646439788]}, "geometry": {"type": "Point", "coordinates": [-70.91670625022789, 42.4686495217516, 26.42930061958712]}}, {"type": "Feature", "properties": {"filename": "DJI_20260508085542_1394_V.JPG", "camera": "v2 dji m3t 4000 3000 brown 0.6666", "focal": 0.7188884491448521, "width": 4000, "height": 3000, "capture_time": 1778230542.0, "translation": [342444.39522379835, 4703626.939194181, 26.442745345582438], "rotation": [2.066213128511877, -1.2598425981143928, 0.5046109312896944]}, "geometry": {"type": "Point", "coordinates": [-70.91654529069102, 42.468968375020225, 26.442745345582438]}}, {"type": "Feature", "properties": {"filename": "DJI_20260508085309_1177_V.JPG", "camera": "v2 dji m3t 4000 3000 brown 0.6666", "focal": 0.7188884491448521, "width": 4000, "height": 3000, "capture_time": 1778230389.0, "translation": [342428.98457459704, 4703569.951866921, 26.596999065409044], "rotation": [2.066500125541578, -1.2530368030737564, 0.5036446644473195]}, "geometry": {"type": "Point", "coordinates": [-70.91671699280333, 42.46845230481146, 26.596999065409044]}}, {"type": "Feature", "properties": {"filename": "DJI_20260508085607_1409_V.JPG", "camera": "v2 dji m3t 4000 3000 brown 0.6666", "focal": 0.7188884491448521, "width": 4000, "height": 3000, "capture_time": 1778230567.0, "translation": [342492.58683896443, 4703625.434335571, 26.64723927664653], "rotation": [0.6593566290176066, -2.671256524608386, 1.081380642103151]}, "geometry": {"type": "Point", "coordinates": [-70.91595898134096, 42.46896462883565, 26.64723927664653]}}, {"type": "Feature", "properties": {"filename": "DJI_20260508085316_1187_V.JPG", "camera": "v2 dji m3t 4000 3000 brown 0.6666", "focal": 0.7188884491448521, "width": 4000, "height": 3000, "capture_time": 1778230396.0, "translation": [342386.80800410616, 4703548.871043742, 26.598048807465506], "rotation": [2.076469367660021, -1.2507081486227345, 0.4979738026128781]}, "geometry": {"type": "Point", "coordinates": [-70.91722396317118, 42.46825397992535, 26.598048807465506]}}, {"type": "Feature", "properties": {"filename": "DJI_20260508084113_0225_V.JPG", "camera": "v2 dji m3t 4000 3000 brown 0.6666", "focal": 0.7188884491448521, "width": 4000, "height": 3000, "capture_time": 1778229673.0, "translation": [342403.2340128487, 4703585.145498166, 26.437077904154172], "rotation": [-2.6564816684087122, 1.6385942399840652, -0.02482998482324088]}, "geometry": {"type": "Point", "coordinates": [-70.91703423049297, 42.468583823301486, 26.437077904154172]}}, {"type": "Feature", "properties": {"filename": "DJI_20260508083943_0096_V.JPG", "camera": "v2 dji m3t 4000 3000 brown 0.6666", "focal": 0.7188884491448521, "width": 4000, "height": 3000, "capture_time": 1778229583.0, "translation": [342456.70844262745, 4703576.96081518, 26.472635217075158], "rotation": [-1.6645077148979965, -2.6528090055849374, -0.013758020282760934]}, "geometry": {"type": "Point", "coordinates": [-70.91638186400208, 42.46852102948137, 26.472635217075158]}}, {"type": "Feature", "properties": {"filename": "DJI_20260508084955_0924_V.JPG", "camera": "v2 dji m3t 4000 3000 brown 0.6666", "focal": 0.7188884491448521, "width": 4000, "height": 3000, "capture_time": 1778230195.0, "translation": [342474.37670831353, 4703590.345057121, 26.587961293032205], "rotation": [2.3032192937543354, 0.5483052018800219, -0.23531439874073543]}, "geometry": {"type": "Point", "coordinates": [-70.91617073688224, 42.46864509200745, 26.587961293032205]}}, {"type": "Feature", "properties": {"filename": "DJI_20260508085452_1324_V.JPG", "camera": "v2 dji m3t 4000 3000 brown 0.6666", "focal": 0.7188884491448521, "width": 4000, "height": 3000, "capture_time": 1778230492.0, "translation": [342414.888037602, 4703598.00006811, 26.477911266705597], "rotation": [2.0747856488415737, -1.2603885401517831, 0.5065783830733785]}, "geometry": {"type": "Point", "coordinates": [-70.91689607759757, 42.46870189622751, 26.477911266705597]}}, {"type": "Feature", "properties": {"filename": "DJI_20260508084042_0180_V.JPG", "camera": "v2 dji m3t 4000 3000 brown 0.6666", "focal": 0.7188884491448521, "width": 4000, "height": 3000, "capture_time": 1778229642.0, "translation": [342458.9304758594, 4703599.037204575, 26.45766610878111], "rotation": [-2.655773741827831, 1.6492423468509723, -0.003105299772363592]}, "geometry": {"type": "Point", "coordinates": [-70.91636091291427, 42.468720188296615, 26.45766610878111]}}, {"type": "Feature", "properties": {"filename": "DJI_20260508084138_0261_V.JPG", "camera": "v2 dji m3t 4000 3000 brown 0.6666", "focal": 0.7188884491448521, "width": 4000, "height": 3000, "capture_time": 1778229698.0, "translation": [342447.18732297904, 4703614.2159535065, 26.48260824859577], "rotation": [-1.6774199363986655, -2.638843736985084, -0.011015070301136852]}, "geometry": {"type": "Point", "coordinates": [-70.91650785056184, 42.46885442244788, 26.48260824859577]}}, {"type": "Feature", "properties": {"filename": "DJI_20260508085147_1059_V.JPG", "camera": "v2 dji m3t 4000 3000 brown 0.6666", "focal": 0.7188884491448521, "width": 4000, "height": 3000, "capture_time": 1778230307.0, "translation": [342476.8676280427, 4703565.802118546, 26.46363552755328], "rotation": [2.066336229478446, -1.2567174149624996, 0.5251422032380396]}, "geometry": {"type": "Point", "coordinates": [-70.91613371330304, 42.46842469032806, 26.46363552755328]}}, {"type": "Feature", "properties": {"filename": "DJI_20260508085829_1611_V.JPG", "camera": "v2 dji m3t 4000 3000 brown 0.6666", "focal": 0.7188884491448521, "width": 4000, "height": 3000, "capture_time": 1778230709.0, "translation": [342434.7463408494, 4703599.120829509, 26.593174312812508], "rotation": [0.6561617061531164, -2.6646263289276533, 1.0982528237527571]}, "geometry": {"type": "Point", "coordinates": [-70.91665495655579, 42.468716022966554, 26.593174312812508]}}, {"type": "Feature", "properties": {"filename": "DJI_20260508084622_0643_V.JPG", "camera": "v2 dji m3t 4000 3000 brown 0.6666", "focal": 0.7188884491448521, "width": 4000, "height": 3000, "capture_time": 1778229982.0, "translation": [342548.10271168454, 4703608.810554228, 26.525630832570037], "rotation": [1.3559124875146151, 2.2064072213658847, -0.9017995449855992]}, "geometry": {"type": "Point", "coordinates": [-70.91527947606902, 42.46882628445949, 26.525630832570037]}}, {"type": "Feature", "properties": {"filename": "DJI_20260508084927_0885_V.JPG", "camera": "v2 dji m3t 4000 3000 brown 0.6666", "focal": 0.7188884491448521, "width": 4000, "height": 3000, "capture_time": 1778230167.0, "translation": [342465.0523298612, 4703580.835780942, 26.581792607717123], "rotation": [2.30310009569324, 0.5506262711948363, -0.2351676684018102]}, "geometry": {"type": "Point", "coordinates": [-70.91628148702438, 42.46855760422446, 26.581792607717123]}}, {"type": "Feature", "properties": {"filename": "DJI_20260508084946_0912_V.JPG", "camera": "v2 dji m3t 4000 3000 brown 0.6666", "focal": 0.7188884491448521, "width": 4000, "height": 3000, "capture_time": 1778230186.0, "translation": [342480.6925027771, 4703563.9518790515, 26.61997807190114], "rotation": [2.3115138531279023, 0.5544217430235795, -0.22949691758616259]}, "geometry": {"type": "Point", "coordinates": [-70.91608670416848, 42.468408814188784, 26.61997807190114]}}, {"type": "Feature", "properties": {"filename": "DJI_20260508084328_0395_V.JPG", "camera": "v2 dji m3t 4000 3000 brown 0.6666", "focal": 0.7188884491448521, "width": 4000, "height": 3000, "capture_time": 1778229808.0, "translation": [342425.20118217147, 4703609.142967532, 26.473729284592054], "rotation": [1.3360070135178783, 2.2146055155443065, -0.9034679819478879]}, "geometry": {"type": "Point", "coordinates": [-70.91677375584926, 42.46880428973892, 26.473729284592054]}}, {"type": "Feature", "properties": {"filename": "DJI_20260508085645_1463_V.JPG", "camera": "v2 dji m3t 4000 3000 brown 0.6666", "focal": 0.7188884491448521, "width": 4000, "height": 3000, "capture_time": 1778230605.0, "translation": [342452.52636812476, 4703675.552511601, 26.70017162123235], "rotation": [0.6621580245319708, -2.664733738536921, 1.0896838195597525]}, "geometry": {"type": "Point", "coordinates": [-70.91645978803014, 42.46940759122798, 26.70017162123235]}}, {"type": "Feature", "properties": {"filename": "DJI_20260508084346_0421_V.JPG", "camera": "v2 dji m3t 4000 3000 brown 0.6666", "focal": 0.7188884491448521, "width": 4000, "height": 3000, "capture_time": 1778229826.0, "translation": [342519.5133181876, 4703650.513306181, 26.617321126778943], "rotation": [1.350114514394625, 2.2173879064129105, -0.9040872498251132]}, "geometry": {"type": "Point", "coordinates": [-70.91563850452656, 42.46919583547058, 26.617321126778943]}}, {"type": "Feature", "properties": {"filename": "DJI_20260508084809_0773_V.JPG", "camera": "v2 dji m3t 4000 3000 brown 0.6666", "focal": 0.7188884491448521, "width": 4000, "height": 3000, "capture_time": 1778230089.0, "translation": [342453.0363727023, 4703520.874963267, 26.60897565937357], "rotation": [2.308963655010773, 0.5437822765733149, -0.23187852120042865]}, "geometry": {"type": "Point", "coordinates": [-70.91641110281601, 42.46801546061653, 26.60897565937357]}}, {"type": "Feature", "properties": {"filename": "DJI_20260508084642_0672_V.JPG", "camera": "v2 dji m3t 4000 3000 brown 0.6666", "focal": 0.7188884491448521, "width": 4000, "height": 3000, "capture_time": 1778230002.0, "translation": [342465.5506167347, 4703560.389987572, 26.50992187278722], "rotation": [1.3490142686873765, 2.2076238644390394, -0.9076217174841991]}, "geometry": {"type": "Point", "coordinates": [-70.91626981381829, 42.468373675348744, 26.50992187278722]}}, {"type": "Feature", "properties": {"filename": "DJI_20260508085731_1529_V.JPG", "camera": "v2 dji m3t 4000 3000 brown 0.6666", "focal": 0.7188884491448521, "width": 4000, "height": 3000, "capture_time": 1778230651.0, "translation": [342458.4449073979, 4703608.342577401, 26.538322485369434], "rotation": [0.655724596273837, -2.668308090997376, 1.093374549842906]}, "geometry": {"type": "Point", "coordinates": [-70.91636937204659, 42.46880384612293, 26.538322485369434]}}, {"type": "Feature", "properties": {"filename": "DJI_20260508085443_1311_V.JPG", "camera": "v2 dji m3t 4000 3000 brown 0.6666", "focal": 0.7188884491448521, "width": 4000, "height": 3000, "capture_time": 1778230483.0, "translation": [342359.9374164679, 4703570.45002177, 26.57976732254533], "rotation": [2.084544374090278, -1.2629618324555656, 0.5029022181757707]}, "geometry": {"type": "Point", "coordinates": [-70.91755657243301, 42.46844274284314, 26.57976732254533]}}, {"type": "Feature", "properties": {"filename": "DJI_20260508084425_0476_V.JPG", "camera": "v2 dji m3t 4000 3000 brown 0.6666", "focal": 0.7188884491448521, "width": 4000, "height": 3000, "capture_time": 1778229865.0, "translation": [342519.9660996182, 4703636.688488301, 26.548995221294756], "rotation": [1.3475401514839673, 2.2168799971143556, -0.9049973691964186]}, "geometry": {"type": "Point", "coordinates": [-70.91562920407154, 42.46907149190586, 26.548995221294756]}}, {"type": "Feature", "properties": {"filename": "DJI_20260508083845_0014_V.JPG", "camera": "v2 dji m3t 4000 3000 brown 0.6666", "focal": 0.7188884491448521, "width": 4000, "height": 3000, "capture_time": 1778229525.0, "translation": [342471.16083044227, 4703562.97899586, 26.464869342992568], "rotation": [-2.6664011844821074, 1.6179976930613449, -0.0030058937695057585]}, "geometry": {"type": "Point", "coordinates": [-70.91620231855195, 42.468398119420996, 26.464869342992568]}}, {"type": "Feature", "properties": {"filename": "DJI_20260508083845_0013_V.JPG", "camera": "v2 dji m3t 4000 3000 brown 0.6666", "focal": 0.7188884491448521, "width": 4000, "height": 3000, "capture_time": 1778229525.0, "translation": [342467.06050101394, 4703560.951586047, 26.48348700625309], "rotation": [-2.665730710311671, 1.617848501708891, -0.0029750034984074515]}, "geometry": {"type": "Point", "coordinates": [-70.91625161160596, 42.46837903723592, 26.48348700625309]}}, {"type": "Feature", "properties": {"filename": "DJI_20260508085247_1145_V.JPG", "camera": "v2 dji m3t 4000 3000 brown 0.6666", "focal": 0.7188884491448521, "width": 4000, "height": 3000, "capture_time": 1778230367.0, "translation": [342392.84902679967, 4703544.959260954, 26.50633036728729], "rotation": [2.0869250161474833, -1.2525948552788078, 0.4992224548875658]}, "geometry": {"type": "Point", "coordinates": [-70.91714944467712, 42.46821999935539, 26.50633036728729]}}, {"type": "Feature", "properties": {"filename": "DJI_20260508084901_0847_V.JPG", "camera": "v2 dji m3t 4000 3000 brown 0.6666", "focal": 0.7188884491448521, "width": 4000, "height": 3000, "capture_time": 1778230141.0, "translation": [342458.9141543629, 4703565.219046616, 26.62054065231694], "rotation": [2.3050312108764355, 0.5501067451980172, -0.23209770880618266]}, "geometry": {"type": "Point", "coordinates": [-70.91635182304759, 42.46841579171551, 26.62054065231694]}}, {"type": "Feature", "properties": {"filename": "DJI_20260508084143_0267_V.JPG", "camera": "v2 dji m3t 4000 3000 brown 0.6666", "focal": 0.7188884491448521, "width": 4000, "height": 3000, "capture_time": 1778229703.0, "translation": [342421.8922328721, 4703601.358820964, 26.463611842516233], "rotation": [-1.68425306200243, -2.639545275362183, -0.01840333868583694]}, "geometry": {"type": "Point", "coordinates": [-70.91681184625709, 42.46873355257086, 26.463611842516233]}}, {"type": "Feature", "properties": {"filename": "DJI_20260508084434_0489_V.JPG", "camera": "v2 dji m3t 4000 3000 brown 0.6666", "focal": 0.7188884491448521, "width": 4000, "height": 3000, "capture_time": 1778229874.0, "translation": [342520.1088607247, 4703629.7578546675, 26.544146224671458], "rotation": [1.3418396850723757, 2.2265834840763805, -0.8911797319183804]}, "geometry": {"type": "Point", "coordinates": [-70.91562556559686, 42.469009139084626, 26.544146224671458]}}, {"type": "Feature", "properties": {"filename": "DJI_20260508084153_0282_V.JPG", "camera": "v2 dji m3t 4000 3000 brown 0.6666", "focal": 0.7188884491448521, "width": 4000, "height": 3000, "capture_time": 1778229713.0, "translation": [342395.11479605903, 4703594.995733074, 26.475658094494204], "rotation": [-2.6581678199615837, 1.6400498611960401, -0.02133097718961491]}, "geometry": {"type": "Point", "coordinates": [-70.91713564682479, 42.468670832469954, 26.475658094494204]}}, {"type": "Feature", "properties": {"filename": "DJI_20260508085932_1702_V.JPG", "camera": "v2 dji m3t 4000 3000 brown 0.6666", "focal": 0.7188884491448521, "width": 4000, "height": 3000, "capture_time": 1778230772.0, "translation": [342393.9634837496, 4703623.874206403, 26.683091660459596], "rotation": [0.6617272058011961, -2.662596927420352, 1.0942868995797232]}, "geometry": {"type": "Point", "coordinates": [-70.91715757894058, 42.46893052987458, 26.683091660459596]}}, {"type": "Feature", "properties": {"filename": "DJI_20260508085937_1709_V.JPG", "camera": "v2 dji m3t 4000 3000 brown 0.6666", "focal": 0.7188884491448521, "width": 4000, "height": 3000, "capture_time": 1778230777.0, "translation": [342379.4529297711, 4703649.094021633, 26.59839831995195], "rotation": [0.6637790933689892, -2.6647023082970986, 1.088014445264677]}, "geometry": {"type": "Point", "coordinates": [-70.91734092313246, 42.46915457833694, 26.59839831995195]}}, {"type": "Feature", "properties": {"filename": "DJI_20260508084015_0142_V.JPG", "camera": "v2 dji m3t 4000 3000 brown 0.6666", "focal": 0.7188884491448521, "width": 4000, "height": 3000, "capture_time": 1778229615.0, "translation": [342488.2735109438, 4703606.648363486, 26.50332620200646], "rotation": [-1.667444403140155, -2.647144773497001, 0.004382638848736406]}, "geometry": {"type": "Point", "coordinates": [-70.91600626244816, 42.468794661572204, 26.50332620200646]}}, {"type": "Feature", "properties": {"filename": "DJI_20260508084035_0171_V.JPG", "camera": "v2 dji m3t 4000 3000 brown 0.6666", "focal": 0.7188884491448521, "width": 4000, "height": 3000, "capture_time": 1778229635.0, "translation": [342421.0709214007, 4703580.101505848, 26.442003472096864], "rotation": [-2.657384664477609, 1.6500822107639785, -0.022103931752374954]}, "geometry": {"type": "Point", "coordinates": [-70.91681599158963, 42.46854205098489, 26.442003472096864]}}, {"type": "Feature", "properties": {"filename": "DJI_20260508085824_1605_V.JPG", "camera": "v2 dji m3t 4000 3000 brown 0.6666", "focal": 0.7188884491448521, "width": 4000, "height": 3000, "capture_time": 1778230704.0, "translation": [342441.4996032368, 4703598.266947098, 26.652110830242005], "rotation": [0.6612433370843692, -2.6707127774082613, 1.0940810510046246]}, "geometry": {"type": "Point", "coordinates": [-70.91657261865274, 42.46870971067582, 26.652110830242005]}}, {"type": "Feature", "properties": {"filename": "DJI_20260508085320_1192_V.JPG", "camera": "v2 dji m3t 4000 3000 brown 0.6666", "focal": 0.7188884491448521, "width": 4000, "height": 3000, "capture_time": 1778230400.0, "translation": [342367.6872513862, 4703541.096967813, 26.491009444323254], "rotation": [2.084349928199857, -1.2508434203079448, 0.4997926971012858]}, "geometry": {"type": "Point", "coordinates": [-70.91745428712606, 42.46818011641847, 26.491009444323254]}}, {"type": "Feature", "properties": {"filename": "DJI_20260508084129_0247_V.JPG", "camera": "v2 dji m3t 4000 3000 brown 0.6666", "focal": 0.7188884491448521, "width": 4000, "height": 3000, "capture_time": 1778229689.0, "translation": [342492.8448545143, 4703631.464882808, 26.503670203791962], "rotation": [-2.7238172320130856, 1.5577570407093728, 0.01693239346051331]}, "geometry": {"type": "Point", "coordinates": [-70.91595750047556, 42.469018961545316, 26.503670203791962]}}, {"type": "Feature", "properties": {"filename": "DJI_20260508085250_1150_V.JPG", "camera": "v2 dji m3t 4000 3000 brown 0.6666", "focal": 0.7188884491448521, "width": 4000, "height": 3000, "capture_time": 1778230370.0, "translation": [342413.8828320373, 4703555.446423247, 26.483171866851738], "rotation": [2.0826328379150905, -1.253560104992262, 0.501745096547168]}, "geometry": {"type": "Point", "coordinates": [-70.91689660762424, 42.46831867153537, 26.483171866851738]}}, {"type": "Feature", "properties": {"filename": "DJI_20260508084158_0289_V.JPG", "camera": "v2 dji m3t 4000 3000 brown 0.6666", "focal": 0.7188884491448521, "width": 4000, "height": 3000, "capture_time": 1778229718.0, "translation": [342424.7841772665, 4703609.945234523, 26.467794058469437], "rotation": [-2.639001640862036, 1.6687955830026273, -0.010075458438106883]}, "geometry": {"type": "Point", "coordinates": [-70.91677904602425, 42.46881142603452, 26.467794058469437]}}, {"type": "Feature", "properties": {"filename": "DJI_20260508084011_0136_V.JPG", "camera": "v2 dji m3t 4000 3000 brown 0.6666", "focal": 0.7188884491448521, "width": 4000, "height": 3000, "capture_time": 1778229611.0, "translation": [342505.89719402953, 4703612.698539107, 26.477160012851098], "rotation": [-3.1065992172832253, -0.4398714987599615, 0.013621045784288667]}, "geometry": {"type": "Point", "coordinates": [-70.91579366191554, 42.4688527012844, 26.477160012851098]}}, {"type": "Feature", "properties": {"filename": "DJI_20260508085227_1116_V.JPG", "camera": "v2 dji m3t 4000 3000 brown 0.6666", "focal": 0.7188884491448521, "width": 4000, "height": 3000, "capture_time": 1778230347.0, "translation": [342462.54703111126, 4703572.782708771, 26.52358318973615], "rotation": [2.0632727381377407, -1.2509125385522621, 0.5101696587575826]}, "geometry": {"type": "Point", "coordinates": [-70.91630973357893, 42.46848461005255, 26.52358318973615]}}, {"type": "Feature", "properties": {"filename": "DJI_20260508084120_0235_V.JPG", "camera": "v2 dji m3t 4000 3000 brown 0.6666", "focal": 0.7188884491448521, "width": 4000, "height": 3000, "capture_time": 1778229680.0, "translation": [342445.66158132977, 4703606.301112316, 26.4531549370731], "rotation": [-2.6448035099454, 1.6605989955654175, -0.0075849845156974426]}, "geometry": {"type": "Point", "coordinates": [-70.91652422588108, 42.468782871629905, 26.4531549370731]}}, {"type": "Feature", "properties": {"filename": "DJI_20260508084757_0756_V.JPG", "camera": "v2 dji m3t 4000 3000 brown 0.6666", "focal": 0.7188884491448521, "width": 4000, "height": 3000, "capture_time": 1778230077.0, "translation": [342423.0023571002, 4703567.9935532175, 26.640857629064534], "rotation": [2.30963089829808, 0.5462026507579275, -0.22607603240142835]}, "geometry": {"type": "Point", "coordinates": [-70.91678918382281, 42.468433461585086, 26.640857629064534]}}, {"type": "Feature", "properties": {"filename": "DJI_20260508084155_0285_V.JPG", "camera": "v2 dji m3t 4000 3000 brown 0.6666", "focal": 0.7188884491448521, "width": 4000, "height": 3000, "capture_time": 1778229715.0, "translation": [342407.8468024079, 4703601.498958013, 26.502522143679837], "rotation": [-2.64084323338469, 1.6659002877790288, -0.019370059005438214]}, "geometry": {"type": "Point", "coordinates": [-70.91698264326992, 42.468731957101426, 26.502522143679837]}}, {"type": "Feature", "properties": {"filename": "DJI_20260508085430_1292_V.JPG", "camera": "v2 dji m3t 4000 3000 brown 0.6666", "focal": 0.7188884491448521, "width": 4000, "height": 3000, "capture_time": 1778230470.0, "translation": [342401.9944495268, 4703584.650729259, 26.59370256516931], "rotation": [2.0678416845076617, -1.256232299549581, 0.5023160020722962]}, "geometry": {"type": "Point", "coordinates": [-70.9170491646127, 42.46857911780238, 26.59370256516931]}}, {"type": "Feature", "properties": {"filename": "DJI_20260508084030_0164_V.JPG", "camera": "v2 dji m3t 4000 3000 brown 0.6666", "focal": 0.7188884491448521, "width": 4000, "height": 3000, "capture_time": 1778229630.0, "translation": [342401.3778562791, 4703568.058678441, 26.566753759457917], "rotation": [2.9013560063876254, 1.186684688718126, 0.02386398894607642]}, "geometry": {"type": "Point", "coordinates": [-70.9170521021543, 42.46842964933952, 26.566753759457917]}}, {"type": "Feature", "properties": {"filename": "DJI_20260508085200_1078_V.JPG", "camera": "v2 dji m3t 4000 3000 brown 0.6666", "focal": 0.7188884491448521, "width": 4000, "height": 3000, "capture_time": 1778230320.0, "translation": [342402.2896565603, 4703528.605968596, 26.642078921422637], "rotation": [2.0776966674311264, -1.2537922100455208, 0.5011921920427855]}, "geometry": {"type": "Point", "coordinates": [-70.91703017735092, 42.46807472573259, 26.642078921422637]}}, {"type": "Feature", "properties": {"filename": "DJI_20260508084022_0152_V.JPG", "camera": "v2 dji m3t 4000 3000 brown 0.6666", "focal": 0.7188884491448521, "width": 4000, "height": 3000, "capture_time": 1778229622.0, "translation": [342446.1637017278, 4703585.790334482, 26.467681980660803], "rotation": [-1.6600606789422279, -2.6521824928828304, -0.013660980030448733]}, "geometry": {"type": "Point", "coordinates": [-70.91651248744279, 42.468598358662966, 26.467681980660803]}}, {"type": "Feature", "properties": {"filename": "DJI_20260508085303_1168_V.JPG", "camera": "v2 dji m3t 4000 3000 brown 0.6666", "focal": 0.7188884491448521, "width": 4000, "height": 3000, "capture_time": 1778230383.0, "translation": [342464.81772921747, 4703587.768235737, 26.42953240930502], "rotation": [2.0708091812213567, -1.2502911414034115, 0.5094562700085253]}, "geometry": {"type": "Point", "coordinates": [-70.91628624315271, 42.468619954735, 26.42953240930502]}}, {"type": "Feature", "properties": {"filename": "DJI_20260508085304_1169_V.JPG", "camera": "v2 dji m3t 4000 3000 brown 0.6666", "focal": 0.7188884491448521, "width": 4000, "height": 3000, "capture_time": 1778230384.0, "translation": [342462.2980709239, 4703586.628508451, 26.427153871348782], "rotation": [2.068830791907707, -1.2494504478235409, 0.5100962319375772]}, "geometry": {"type": "Point", "coordinates": [-70.91631656304291, 42.468609183847974, 26.427153871348782]}}, {"type": "Feature", "properties": {"filename": "DJI_20260508085234_1126_V.JPG", "camera": "v2 dji m3t 4000 3000 brown 0.6666", "focal": 0.7188884491448521, "width": 4000, "height": 3000, "capture_time": 1778230354.0, "translation": [342420.3113143998, 4703551.556809774, 26.631103807078382], "rotation": [2.07154851431183, -1.2481235545435676, 0.5004974582024357]}, "geometry": {"type": "Point", "coordinates": [-70.91681738477138, 42.4682849690992, 26.631103807078382]}}, {"type": "Feature", "properties": {"filename": "DJI_20260508085258_1160_V.JPG", "camera": "v2 dji m3t 4000 3000 brown 0.6666", "focal": 0.7188884491448521, "width": 4000, "height": 3000, "capture_time": 1778230378.0, "translation": [342456.2292639328, 4703576.720525304, 26.430484340452928], "rotation": [2.0766870651149056, -1.2522004514823737, 0.5086783431697439]}, "geometry": {"type": "Point", "coordinates": [-70.91638762364225, 42.46851876922246, 26.430484340452928]}}, {"type": "Feature", "properties": {"filename": "DJI_20260508084708_0686_V.JPG", "camera": "v2 dji m3t 4000 3000 brown 0.6666", "focal": 0.7188884491448521, "width": 4000, "height": 3000, "capture_time": 1778230028.0, "translation": [342403.2593533424, 4703561.085298299, 26.55327279046196], "rotation": [2.3141417956450097, 0.5435819457446539, -0.21825510965637132]}, "geometry": {"type": "Point", "coordinates": [-70.91702731187887, 42.46836726550885, 26.55327279046196]}}, {"type": "Feature", "properties": {"filename": "DJI_20260508085329_1205_V.JPG", "camera": "v2 dji m3t 4000 3000 brown 0.6666", "focal": 0.7188884491448521, "width": 4000, "height": 3000, "capture_time": 1778230409.0, "translation": [342405.214451279, 4703565.096772647, 26.492620843347552], "rotation": [2.0824731618535104, -1.2558893951312853, 0.5039465420113218]}, "geometry": {"type": "Point", "coordinates": [-70.91700464488284, 42.4684037699918, 26.492620843347552]}}, {"type": "Feature", "properties": {"filename": "DJI_20260508085122_1049_V.JPG", "camera": "v2 dji m3t 4000 3000 brown 0.6666", "focal": 0.7188884491448521, "width": 4000, "height": 3000, "capture_time": 1778230282.0, "translation": [342530.75245808566, 4703562.418444527, 26.651897737247367], "rotation": [2.302826425573397, 0.5452292555669072, -0.23705870058595033]}, "geometry": {"type": "Point", "coordinates": [-70.91547767773757, 42.46840518808002, 26.651897737247367]}}, {"type": "Feature", "properties": {"filename": "DJI_20260508084502_0529_V.JPG", "camera": "v2 dji m3t 4000 3000 brown 0.6666", "focal": 0.7188884491448521, "width": 4000, "height": 3000, "capture_time": 1778229902.0, "translation": [342515.47309234936, 4703620.347190737, 26.560420943629108], "rotation": [1.3550054440862571, 2.2096454700627253, -0.9062529972903134]}, "geometry": {"type": "Point", "coordinates": [-70.91567934183024, 42.46892349247384, 26.560420943629108]}}, {"type": "Feature", "properties": {"filename": "DJI_20260508085405_1256_V.JPG", "camera": "v2 dji m3t 4000 3000 brown 0.6666", "focal": 0.7188884491448521, "width": 4000, "height": 3000, "capture_time": 1778230445.0, "translation": [342375.94500014535, 4703564.407288857, 26.514692062824224], "rotation": [2.0798297884052097, -1.2548996224782176, 0.49634129645167885]}, "geometry": {"type": "Point", "coordinates": [-70.91736029931104, 42.46839160980804, 26.514692062824224]}}, {"type": "Feature", "properties": {"filename": "DJI_20260508084314_0374_V.JPG", "camera": "v2 dji m3t 4000 3000 brown 0.6666", "focal": 0.7188884491448521, "width": 4000, "height": 3000, "capture_time": 1778229794.0, "translation": [342511.79702453845, 4703653.675621444, 26.59411475454932], "rotation": [1.3467038981067114, 2.228043704398784, -0.8945931432139375]}, "geometry": {"type": "Point", "coordinates": [-70.91573318505792, 42.469222730597465, 26.59411475454932]}}, {"type": "Feature", "properties": {"filename": "DJI_20260508085054_1008_V.JPG", "camera": "v2 dji m3t 4000 3000 brown 0.6666", "focal": 0.7188884491448521, "width": 4000, "height": 3000, "capture_time": 1778230254.0, "translation": [342506.64882202545, 4703582.236736629, 26.607783119939434], "rotation": [2.3038988391911803, 0.5526344737814725, -0.23693539108134146]}, "geometry": {"type": "Point", "coordinates": [-70.91577615992233, 42.4685786708901, 26.607783119939434]}}, {"type": "Feature", "properties": {"filename": "DJI_20260508085533_1382_V.JPG", "camera": "v2 dji m3t 4000 3000 brown 0.6666", "focal": 0.7188884491448521, "width": 4000, "height": 3000, "capture_time": 1778230533.0, "translation": [342408.3372227026, 4703608.839283545, 26.443886948766686], "rotation": [2.072439433418006, -1.2600795630274666, 0.5069267137497628]}, "geometry": {"type": "Point", "coordinates": [-70.91697869766185, 42.468798126237154, 26.443886948766686]}}, {"type": "Feature", "properties": {"filename": "DJI_20260508085419_1276_V.JPG", "camera": "v2 dji m3t 4000 3000 brown 0.6666", "focal": 0.7188884491448521, "width": 4000, "height": 3000, "capture_time": 1778230459.0, "translation": [342456.35864832666, 4703606.230792301, 26.4366115245697], "rotation": [2.0718301891065565, -1.2470381115011397, 0.5088123463671449]}, "geometry": {"type": "Point", "coordinates": [-70.91639415592795, 42.46878441396528, 26.4366115245697]}}, {"type": "Feature", "properties": {"filename": "DJI_20260508085941_1715_V.JPG", "camera": "v2 dji m3t 4000 3000 brown 0.6666", "focal": 0.7188884491448521, "width": 4000, "height": 3000, "capture_time": 1778230781.0, "translation": [342380.8955278803, 4703636.1217744835, 26.607783543074344], "rotation": [0.6707666575287491, -2.6737031018620723, 1.0852025711403526]}, "geometry": {"type": "Point", "coordinates": [-70.91731981976938, 42.469038110234685, 26.607783543074344]}}, {"type": "Feature", "properties": {"filename": "DJI_20260508084646_0677_V.JPG", "camera": "v2 dji m3t 4000 3000 brown 0.6666", "focal": 0.7188884491448521, "width": 4000, "height": 3000, "capture_time": 1778230006.0, "translation": [342464.24072443537, 4703559.830391236, 26.46876418081269], "rotation": [1.3509181793704983, 2.2066247932430603, -0.9091042326140435]}, "geometry": {"type": "Point", "coordinates": [-70.91628558517107, 42.46836837214468, 26.46876418081269]}}, {"type": "Feature", "properties": {"filename": "DJI_20260508084921_0876_V.JPG", "camera": "v2 dji m3t 4000 3000 brown 0.6666", "focal": 0.7188884491448521, "width": 4000, "height": 3000, "capture_time": 1778230161.0, "translation": [342460.7827754975, 4703575.765675704, 26.543211386950574], "rotation": [2.3104022668008217, 0.5527217814560149, -0.23030876861150604]}, "geometry": {"type": "Point", "coordinates": [-70.91633200186023, 42.46851110064965, 26.543211386950574]}}, {"type": "Feature", "properties": {"filename": "DJI_20260508084723_0708_V.JPG", "camera": "v2 dji m3t 4000 3000 brown 0.6666", "focal": 0.7188884491448521, "width": 4000, "height": 3000, "capture_time": 1778230043.0, "translation": [342425.2805155871, 4703534.2954559205, 26.58969250379735], "rotation": [2.316011488851491, 0.5510392790343561, -0.22537455822502844]}, "geometry": {"type": "Point", "coordinates": [-70.91675222988556, 42.46813061237364, 26.58969250379735]}}, {"type": "Feature", "properties": {"filename": "DJI_20260508085502_1338_V.JPG", "camera": "v2 dji m3t 4000 3000 brown 0.6666", "focal": 0.7188884491448521, "width": 4000, "height": 3000, "capture_time": 1778230502.0, "translation": [342441.794488019, 4703618.421969677, 26.458110278511985], "rotation": [2.0651172707533347, -1.2543028088953834, 0.5071904664412101]}, "geometry": {"type": "Point", "coordinates": [-70.91657456989356, 42.46889118360231, 26.458110278511985]}}, {"type": "Feature", "properties": {"filename": "DJI_20260508085153_1068_V.JPG", "camera": "v2 dji m3t 4000 3000 brown 0.6666", "focal": 0.7188884491448521, "width": 4000, "height": 3000, "capture_time": 1778230313.0, "translation": [342444.334142963, 4703549.626016382, 26.60999951184319], "rotation": [2.0674977398358014, -1.2603911851800744, 0.5148941543826362]}, "geometry": {"type": "Point", "coordinates": [-70.91652479688493, 42.46827247585775, 26.60999951184319]}}, {"type": "Feature", "properties": {"filename": "DJI_20260508084223_0324_V.JPG", "camera": "v2 dji m3t 4000 3000 brown 0.6666", "focal": 0.7188884491448521, "width": 4000, "height": 3000, "capture_time": 1778229743.0, "translation": [342416.0001799778, 4703612.573342522, 26.498409620766918], "rotation": [-1.6792934531997208, -2.6398149221816096, -0.015239155386998595]}, "geometry": {"type": "Point", "coordinates": [-70.91688656037937, 42.46883329471888, 26.498409620766918]}}, {"type": "Feature", "properties": {"filename": "DJI_20260508083956_0115_V.JPG", "camera": "v2 dji m3t 4000 3000 brown 0.6666", "focal": 0.7188884491448521, "width": 4000, "height": 3000, "capture_time": 1778229596.0, "translation": [342427.5068471576, 4703569.305835802, 26.474895427043112], "rotation": [-2.6524928085064188, 1.6475586709948344, -0.02764815144815465]}, "geometry": {"type": "Point", "coordinates": [-70.91673478085221, 42.46844618942269, 26.474895427043112]}}, {"type": "Feature", "properties": {"filename": "DJI_20260508084551_0599_V.JPG", "camera": "v2 dji m3t 4000 3000 brown 0.6666", "focal": 0.7188884491448521, "width": 4000, "height": 3000, "capture_time": 1778229951.0, "translation": [342537.49494008697, 4703610.467782756, 26.550459079987714], "rotation": [1.3539905300854067, 2.2160559839783227, -0.8947616001345013]}, "geometry": {"type": "Point", "coordinates": [-70.915408896203, 42.468839045120255, 26.550459079987714]}}, {"type": "Feature", "properties": {"filename": "DJI_20260508085208_1089_V.JPG", "camera": "v2 dji m3t 4000 3000 brown 0.6666", "focal": 0.7188884491448521, "width": 4000, "height": 3000, "capture_time": 1778230328.0, "translation": [342393.8582648772, 4703531.376019364, 26.574332727098156], "rotation": [2.08933884937838, -1.2570403084340134, 0.5024467294953461]}, "geometry": {"type": "Point", "coordinates": [-70.91713344272581, 42.46809794354475, 26.574332727098156]}}, {"type": "Feature", "properties": {"filename": "DJI_20260508085254_1155_V.JPG", "camera": "v2 dji m3t 4000 3000 brown 0.6666", "focal": 0.7188884491448521, "width": 4000, "height": 3000, "capture_time": 1778230374.0, "translation": [342435.17809037154, 4703566.101624977, 26.482600082828345], "rotation": [2.0797929940081388, -1.2531640291184674, 0.5046146975843909]}, "geometry": {"type": "Point", "coordinates": [-70.91664063729858, 42.46841890884647, 26.482600082828345]}}, {"type": "Feature", "properties": {"filename": "DJI_20260508085532_1381_V.JPG", "camera": "v2 dji m3t 4000 3000 brown 0.6666", "focal": 0.7188884491448521, "width": 4000, "height": 3000, "capture_time": 1778230532.0, "translation": [342404.20723491337, 4703606.7775086695, 26.475432209122108], "rotation": [2.0729815873552058, -1.2602358712713704, 0.5068841441655613]}, "geometry": {"type": "Point", "coordinates": [-70.91702834190968, 42.468778728369045, 26.475432209122108]}}, {"type": "Feature", "properties": {"filename": "DJI_20260508084927_0884_V.JPG", "camera": "v2 dji m3t 4000 3000 brown 0.6666", "focal": 0.7188884491448521, "width": 4000, "height": 3000, "capture_time": 1778230167.0, "translation": [342463.2528092633, 4703584.285222804, 26.57262543452637], "rotation": [2.3040974825203393, 0.5505758354209017, -0.23426623340376002]}, "geometry": {"type": "Point", "coordinates": [-70.916304312173, 42.468588286341905, 26.57262543452637]}}, {"type": "Feature", "properties": {"filename": "DJI_20260508085936_1707_V.JPG", "camera": "v2 dji m3t 4000 3000 brown 0.6666", "focal": 0.7188884491448521, "width": 4000, "height": 3000, "capture_time": 1778230776.0, "translation": [342383.36157301243, 4703644.782599169, 26.66990491641446], "rotation": [0.6626047066630115, -2.662921950442944, 1.0902850052550497]}, "geometry": {"type": "Point", "coordinates": [-70.91729221841106, 42.46911656695, 26.66990491641446]}}, {"type": "Feature", "properties": {"filename": "DJI_20260508084035_0170_V.JPG", "camera": "v2 dji m3t 4000 3000 brown 0.6666", "focal": 0.7188884491448521, "width": 4000, "height": 3000, "capture_time": 1778229635.0, "translation": [342416.9923898319, 4703578.015927562, 26.46303462212575], "rotation": [-2.6618924601101956, 1.645806429486213, -0.02316335633489072]}, "geometry": {"type": "Point", "coordinates": [-70.91686500357001, 42.4685224494038, 26.46303462212575]}}, {"type": "Feature", "properties": {"filename": "DJI_20260508084534_0574_V.JPG", "camera": "v2 dji m3t 4000 3000 brown 0.6666", "focal": 0.7188884491448521, "width": 4000, "height": 3000, "capture_time": 1778229934.0, "translation": [342479.82953916537, 4703588.500579176, 26.494344430696618], "rotation": [1.350818455716339, 2.2042594951136802, -0.9080578424127376]}, "geometry": {"type": "Point", "coordinates": [-70.91610393716292, 42.46862959873515, 26.494344430696618]}}, {"type": "Feature", "properties": {"filename": "DJI_20260508085413_1268_V.JPG", "camera": "v2 dji m3t 4000 3000 brown 0.6666", "focal": 0.7188884491448521, "width": 4000, "height": 3000, "capture_time": 1778230453.0, "translation": [342426.1733284134, 4703589.655229537, 26.406284247413083], "rotation": [2.0751920146664484, -1.2494390123958463, 0.5031297840985315]}, "geometry": {"type": "Point", "coordinates": [-70.91675658334434, 42.46862908066766, 26.406284247413083]}}, {"type": "Feature", "properties": {"filename": "DJI_20260508084709_0687_V.JPG", "camera": "v2 dji m3t 4000 3000 brown 0.6666", "focal": 0.7188884491448521, "width": 4000, "height": 3000, "capture_time": 1778230029.0, "translation": [342404.818458947, 4703560.11097574, 26.563296740336405], "rotation": [2.314011584613968, 0.5436731477302109, -0.2192879679587044]}, "geometry": {"type": "Point", "coordinates": [-70.917008089341, 42.46835881288736, 26.563296740336405]}}, {"type": "Feature", "properties": {"filename": "DJI_20260508084252_0343_V.JPG", "camera": "v2 dji m3t 4000 3000 brown 0.6666", "focal": 0.7188884491448521, "width": 4000, "height": 3000, "capture_time": 1778229772.0, "translation": [342425.508200613, 4703617.40072711, 26.5946057050527], "rotation": [1.3442808775198851, 2.205917016600394, -0.9156838706004761]}, "geometry": {"type": "Point", "coordinates": [-70.91677229178205, 42.468878679283286, 26.5946057050527]}}, {"type": "Feature", "properties": {"filename": "DJI_20260508084119_0233_V.JPG", "camera": "v2 dji m3t 4000 3000 brown 0.6666", "focal": 0.7188884491448521, "width": 4000, "height": 3000, "capture_time": 1778229679.0, "translation": [342437.1363792935, 4703602.192751013, 26.423225737196578], "rotation": [-2.6414293704346843, 1.6611752342984374, -0.013616734404876867]}, "geometry": {"type": "Point", "coordinates": [-70.91662674330337, 42.468744159031665, 26.423225737196578]}}, {"type": "Feature", "properties": {"filename": "DJI_20260508084049_0191_V.JPG", "camera": "v2 dji m3t 4000 3000 brown 0.6666", "focal": 0.7188884491448521, "width": 4000, "height": 3000, "capture_time": 1778229649.0, "translation": [342499.9321080378, 4703621.699771217, 26.437300092802477], "rotation": [-3.0464353967781785, 0.7613818205660515, 0.021179434798051303]}, "geometry": {"type": "Point", "coordinates": [-70.91586865476053, 42.46893250771475, 26.437300092802477]}}, {"type": "Feature", "properties": {"filename": "DJI_20260508084735_0725_V.JPG", "camera": "v2 dji m3t 4000 3000 brown 0.6666", "focal": 0.7188884491448521, "width": 4000, "height": 3000, "capture_time": 1778230055.0, "translation": [342427.40860938776, 4703543.851986048, 26.616515595545522], "rotation": [2.3045494536251283, 0.5476157722480757, -0.22739961278384904]}, "geometry": {"type": "Point", "coordinates": [-70.91672898286262, 42.468217062376084, 26.616515595545522]}}, {"type": "Feature", "properties": {"filename": "DJI_20260508084803_0765_V.JPG", "camera": "v2 dji m3t 4000 3000 brown 0.6666", "focal": 0.7188884491448521, "width": 4000, "height": 3000, "capture_time": 1778230083.0, "translation": [342436.08131301694, 4703554.511709545, 26.59223159429204], "rotation": [2.306926233508479, 0.5436128167793601, -0.23228640137743095]}, "geometry": {"type": "Point", "coordinates": [-70.91662647269911, 42.468314773082085, 26.59223159429204]}}, {"type": "Feature", "properties": {"filename": "DJI_20260508085203_1082_V.JPG", "camera": "v2 dji m3t 4000 3000 brown 0.6666", "focal": 0.7188884491448521, "width": 4000, "height": 3000, "capture_time": 1778230323.0, "translation": [342385.9451648822, 4703521.483958886, 26.5625974421639], "rotation": [2.0827345854243196, -1.2535287000416784, 0.5008719503246173]}, "geometry": {"type": "Point", "coordinates": [-70.91722692783935, 42.468007296573546, 26.5625974421639]}}, {"type": "Feature", "properties": {"filename": "DJI_20260508085735_1535_V.JPG", "camera": "v2 dji m3t 4000 3000 brown 0.6666", "focal": 0.7188884491448521, "width": 4000, "height": 3000, "capture_time": 1778230655.0, "translation": [342446.86962122656, 4703630.891083447, 26.680514835614048], "rotation": [0.6540893440195611, -2.6630315482430347, 1.0986884851858723]}, "geometry": {"type": "Point", "coordinates": [-70.91651629338374, 42.469004448700595, 26.680514835614048]}}, {"type": "Feature", "properties": {"filename": "DJI_20260508084056_0200_V.JPG", "camera": "v2 dji m3t 4000 3000 brown 0.6666", "focal": 0.7188884491448521, "width": 4000, "height": 3000, "capture_time": 1778229656.0, "translation": [342472.6278020245, 4703612.8719805535, 26.480875928000025], "rotation": [-1.6648136759660166, -2.6467040875027075, -0.0018595831724034391]}, "geometry": {"type": "Point", "coordinates": [-70.91619818596826, 42.468847498616235, 26.480875928000025]}}, {"type": "Feature", "properties": {"filename": "DJI_20260508084709_0688_V.JPG", "camera": "v2 dji m3t 4000 3000 brown 0.6666", "focal": 0.7188884491448521, "width": 4000, "height": 3000, "capture_time": 1778230029.0, "translation": [342406.08538043307, 4703557.9933829745, 26.584120183776008], "rotation": [2.3135632622626088, 0.5434983673694899, -0.22206778218037096]}, "geometry": {"type": "Point", "coordinates": [-70.91699210493404, 42.46834001039287, 26.584120183776008]}}, {"type": "Feature", "properties": {"filename": "DJI_20260508084228_0331_V.JPG", "camera": "v2 dji m3t 4000 3000 brown 0.6666", "focal": 0.7188884491448521, "width": 4000, "height": 3000, "capture_time": 1778229748.0, "translation": [342386.5075761115, 4703597.80773747, 26.487008830460923], "rotation": [-1.6841871576810576, -2.647079632848352, -0.02109786308096318]}, "geometry": {"type": "Point", "coordinates": [-70.91724106239705, 42.468694392014164, 26.487008830460923]}}, {"type": "Feature", "properties": {"filename": "DJI_20260508085536_1386_V.JPG", "camera": "v2 dji m3t 4000 3000 brown 0.6666", "focal": 0.7188884491448521, "width": 4000, "height": 3000, "capture_time": 1778230536.0, "translation": [342425.29388145887, 4703617.243765389, 26.466842490368744], "rotation": [2.070387058146939, -1.2605193073624927, 0.5074697990566595]}, "geometry": {"type": "Point", "coordinates": [-70.91677485427152, 42.46887722290011, 26.466842490368744]}}, {"type": "Feature", "properties": {"filename": "DJI_20260508084859_0844_V.JPG", "camera": "v2 dji m3t 4000 3000 brown 0.6666", "focal": 0.7188884491448521, "width": 4000, "height": 3000, "capture_time": 1778230139.0, "translation": [342452.56223440316, 4703577.570328798, 26.601217071525582], "rotation": [2.304804290654877, 0.5475911534828122, -0.23005106167858913]}, "geometry": {"type": "Point", "coordinates": [-70.91643243913637, 42.46852567252602, 26.601217071525582]}}, {"type": "Feature", "properties": {"filename": "DJI_20260508084220_0320_V.JPG", "camera": "v2 dji m3t 4000 3000 brown 0.6666", "focal": 0.7188884491448521, "width": 4000, "height": 3000, "capture_time": 1778229740.0, "translation": [342433.0462580613, 4703621.203030795, 26.5119553217971], "rotation": [-1.6746139313338442, -2.635577014403101, -0.010061862786819082]}, "geometry": {"type": "Point", "coordinates": [-70.91668169149324, 42.468914436463905, 26.5119553217971]}}, {"type": "Feature", "properties": {"filename": "DJI_20260508084326_0392_V.JPG", "camera": "v2 dji m3t 4000 3000 brown 0.6666", "focal": 0.7188884491448521, "width": 4000, "height": 3000, "capture_time": 1778229806.0, "translation": [342436.1047857001, 4703615.625604443, 26.443342340856006], "rotation": [1.3381686004224083, 2.2156985569521463, -0.9005417648122935]}, "geometry": {"type": "Point", "coordinates": [-70.91664297496119, 42.468864856744126, 26.443342340856006]}}, {"type": "Feature", "properties": {"filename": "DJI_20260508085542_1395_V.JPG", "camera": "v2 dji m3t 4000 3000 brown 0.6666", "focal": 0.7188884491448521, "width": 4000, "height": 3000, "capture_time": 1778230542.0, "translation": [342444.30323208816, 4703626.997104316, 26.417880210134197], "rotation": [2.066662082265961, -1.2603026433387152, 0.5043784695831747]}, "geometry": {"type": "Point", "coordinates": [-70.91654642499952, 42.46896887755478, 26.417880210134197]}}, {"type": "Feature", "properties": {"filename": "DJI_20260508084222_0323_V.JPG", "camera": "v2 dji m3t 4000 3000 brown 0.6666", "focal": 0.7188884491448521, "width": 4000, "height": 3000, "capture_time": 1778229742.0, "translation": [342420.3121223521, 4703614.770881356, 26.5175851820856], "rotation": [-1.6771145472234907, -2.638791163038334, -0.014660223189957949]}, "geometry": {"type": "Point", "coordinates": [-70.91683474120816, 42.468853951530406, 26.5175851820856]}}, {"type": "Feature", "properties": {"filename": "DJI_20260508084747_0741_V.JPG", "camera": "v2 dji m3t 4000 3000 brown 0.6666", "focal": 0.7188884491448521, "width": 4000, "height": 3000, "capture_time": 1778230067.0, "translation": [342453.4705619768, 4703505.922267304, 26.60707289221101], "rotation": [2.3115531686725266, 0.5516234098424895, -0.229043439847489]}, "geometry": {"type": "Point", "coordinates": [-70.91640171734987, 42.4678809614379, 26.60707289221101]}}, {"type": "Feature", "properties": {"filename": "DJI_20260508085305_1171_V.JPG", "camera": "v2 dji m3t 4000 3000 brown 0.6666", "focal": 0.7188884491448521, "width": 4000, "height": 3000, "capture_time": 1778230385.0, "translation": [342454.3900560329, 4703582.64330089, 26.522358260162584], "rotation": [2.0677576294912097, -1.2516463168156347, 0.5059595356044243]}, "geometry": {"type": "Point", "coordinates": [-70.91641161065819, 42.468571705433185, 26.522358260162584]}}, {"type": "Feature", "properties": {"filename": "DJI_20260508085255_1157_V.JPG", "camera": "v2 dji m3t 4000 3000 brown 0.6666", "focal": 0.7188884491448521, "width": 4000, "height": 3000, "capture_time": 1778230375.0, "translation": [342443.47164076666, 4703570.302766197, 26.452545177533427], "rotation": [2.0786454862405437, -1.2532835132646696, 0.5061427001798912]}, "geometry": {"type": "Point", "coordinates": [-70.91654096220651, 42.468458409440814, 26.452545177533427]}}, {"type": "Feature", "properties": {"filename": "DJI_20260508084527_0564_V.JPG", "camera": "v2 dji m3t 4000 3000 brown 0.6666", "focal": 0.7188884491448521, "width": 4000, "height": 3000, "capture_time": 1778229927.0, "translation": [342449.5748681578, 4703578.9614774, 26.419835919204253], "rotation": [1.3463655711638138, 2.2070755354237765, -0.8998695347590431]}, "geometry": {"type": "Point", "coordinates": [-70.9164691402912, 42.46853758660691, 26.419835919204253]}}, {"type": "Feature", "properties": {"filename": "DJI_20260508084110_0221_V.JPG", "camera": "v2 dji m3t 4000 3000 brown 0.6666", "focal": 0.7188884491448521, "width": 4000, "height": 3000, "capture_time": 1778229670.0, "translation": [342392.87690135825, 4703579.253292881, 26.435274815768064], "rotation": [-3.0699370539810347, -0.6522643306383892, -0.02034542577137079]}, "geometry": {"type": "Point", "coordinates": [-70.91715852864377, 42.46852868144003, 26.435274815768064]}}, {"type": "Feature", "properties": {"filename": "DJI_20260508084415_0461_V.JPG", "camera": "v2 dji m3t 4000 3000 brown 0.6666", "focal": 0.7188884491448521, "width": 4000, "height": 3000, "capture_time": 1778229855.0, "translation": [342456.71277831384, 4703605.079023002, 26.528067124804874], "rotation": [1.3537315646651542, 2.2131777634760246, -0.9049778349858475]}, "geometry": {"type": "Point", "coordinates": [-70.91638953421175, 42.46877411903663, 26.528067124804874]}}, {"type": "Feature", "properties": {"filename": "DJI_20260508084000_0121_V.JPG", "camera": "v2 dji m3t 4000 3000 brown 0.6666", "focal": 0.7188884491448521, "width": 4000, "height": 3000, "capture_time": 1778229600.0, "translation": [342452.5958071015, 4703581.958089679, 26.471202103005357], "rotation": [-2.6458818434461895, 1.651679035888687, -0.022707430217146003]}, "geometry": {"type": "Point", "coordinates": [-70.91643323613825, 42.46856517307101, 26.471202103005357]}}, {"type": "Feature", "properties": {"filename": "DJI_20260508084154_0283_V.JPG", "camera": "v2 dji m3t 4000 3000 brown 0.6666", "focal": 0.7188884491448521, "width": 4000, "height": 3000, "capture_time": 1778229714.0, "translation": [342399.5247913314, 4703597.248864491, 26.507574359138875], "rotation": [-2.6478403213807855, 1.6573460770777197, -0.02188890956523911]}, "geometry": {"type": "Point", "coordinates": [-70.91708265106084, 42.46869200971824, 26.507574359138875]}}, {"type": "Feature", "properties": {"filename": "DJI_20260508084143_0268_V.JPG", "camera": "v2 dji m3t 4000 3000 brown 0.6666", "focal": 0.7188884491448521, "width": 4000, "height": 3000, "capture_time": 1778229703.0, "translation": [342417.69627599197, 4703599.278516063, 26.485044102424567], "rotation": [-1.6871272152830439, -2.6383492851239514, -0.019574370109548513]}, "geometry": {"type": "Point", "coordinates": [-70.91686228744268, 42.46871397457051, 26.485044102424567]}}, {"type": "Feature", "properties": {"filename": "DJI_20260508085800_1570_V.JPG", "camera": "v2 dji m3t 4000 3000 brown 0.6666", "focal": 0.7188884491448521, "width": 4000, "height": 3000, "capture_time": 1778230680.0, "translation": [342446.4754526361, 4703604.000924396, 26.580339037634797], "rotation": [0.6580809031689197, -2.6652227442244554, 1.0953989321368574]}, "geometry": {"type": "Point", "coordinates": [-70.91651369934897, 42.46876233341975, 26.580339037634797]}}, {"type": "Feature", "properties": {"filename": "DJI_20260508084514_0546_V.JPG", "camera": "v2 dji m3t 4000 3000 brown 0.6666", "focal": 0.7188884491448521, "width": 4000, "height": 3000, "capture_time": 1778229914.0, "translation": [342521.7071762778, 4703616.483893731, 26.532630526326205], "rotation": [1.3526709547924933, 2.2187144221066464, -0.8924872657702924]}, "geometry": {"type": "Point", "coordinates": [-70.91560248947336, 42.468889986559056, 26.532630526326205]}}, {"type": "Feature", "properties": {"filename": "DJI_20260508085154_1070_V.JPG", "camera": "v2 dji m3t 4000 3000 brown 0.6666", "focal": 0.7188884491448521, "width": 4000, "height": 3000, "capture_time": 1778230314.0, "translation": [342435.9156858126, 4703545.411775019, 26.624368942509136], "rotation": [2.0693799316909383, -1.2601669683541386, 0.5105104450289243]}, "geometry": {"type": "Point", "coordinates": [-70.91662598665096, 42.46823283196706, 26.624368942509136]}}, {"type": "Feature", "properties": {"filename": "DJI_20260508085437_1302_V.JPG", "camera": "v2 dji m3t 4000 3000 brown 0.6666", "focal": 0.7188884491448521, "width": 4000, "height": 3000, "capture_time": 1778230477.0, "translation": [342359.8847125767, 4703563.476106873, 26.55486484052001], "rotation": [2.0766720219481627, -1.2589275902227277, 0.5038804642612195]}, "geometry": {"type": "Point", "coordinates": [-70.91755529657907, 42.4683799607742, 26.55486484052001]}}, {"type": "Feature", "properties": {"filename": "DJI_20260508085337_1216_V.JPG", "camera": "v2 dji m3t 4000 3000 brown 0.6666", "focal": 0.7188884491448521, "width": 4000, "height": 3000, "capture_time": 1778230417.0, "translation": [342451.5130954685, 4703588.346991127, 26.423967544585842], "rotation": [2.071852215389811, -1.2526128992670553, 0.5090388271946292]}, "geometry": {"type": "Point", "coordinates": [-70.91644815408802, 42.468622458649, 26.423967544585842]}}, {"type": "Feature", "properties": {"filename": "DJI_20260508084529_0567_V.JPG", "camera": "v2 dji m3t 4000 3000 brown 0.6666", "focal": 0.7188884491448521, "width": 4000, "height": 3000, "capture_time": 1778229929.0, "translation": [342453.6296211511, 4703575.834516549, 26.420431303455615], "rotation": [1.3472463717823628, 2.2067036577610084, -0.9051801118657539]}, "geometry": {"type": "Point", "coordinates": [-70.91641898556783, 42.46851026573573, 26.420431303455615]}}, {"type": "Feature", "properties": {"filename": "DJI_20260508084203_0296_V.JPG", "camera": "v2 dji m3t 4000 3000 brown 0.6666", "focal": 0.7188884491448521, "width": 4000, "height": 3000, "capture_time": 1778229723.0, "translation": [342454.15068577504, 4703624.709232072, 26.526240515065904], "rotation": [-2.643054740942305, 1.672555686689274, 0.005002431143177]}, "geometry": {"type": "Point", "coordinates": [-70.9164260748601, 42.468950287230015, 26.526240515065904]}}, {"type": "Feature", "properties": {"filename": "DJI_20260508084433_0488_V.JPG", "camera": "v2 dji m3t 4000 3000 brown 0.6666", "focal": 0.7188884491448521, "width": 4000, "height": 3000, "capture_time": 1778229873.0, "translation": [342524.3416033546, 4703631.881586511, 26.576236047911813], "rotation": [1.3418524749857133, 2.2271674400644326, -0.890182568149197]}, "geometry": {"type": "Point", "coordinates": [-70.91557468846638, 42.46902911490991, 26.576236047911813]}}, {"type": "Feature", "properties": {"filename": "DJI_20260508084155_0284_V.JPG", "camera": "v2 dji m3t 4000 3000 brown 0.6666", "focal": 0.7188884491448521, "width": 4000, "height": 3000, "capture_time": 1778229715.0, "translation": [342403.611632304, 4703599.32878406, 26.48849952794937], "rotation": [-2.6426111239600574, 1.6639269396318148, -0.02031957851079731]}, "geometry": {"type": "Point", "coordinates": [-70.91703353644439, 42.46871156215002, 26.48849952794937]}}, {"type": "Feature", "properties": {"filename": "DJI_20260508085015_0953_V.JPG", "camera": "v2 dji m3t 4000 3000 brown 0.6666", "focal": 0.7188884491448521, "width": 4000, "height": 3000, "capture_time": 1778230215.0, "translation": [342489.09576423716, 4703575.119657737, 26.552632490072813], "rotation": [2.3099664854618265, 0.5494378942490284, -0.22976676881434996]}, "geometry": {"type": "Point", "coordinates": [-70.91598760795058, 42.468511042511224, 26.552632490072813]}}, {"type": "Feature", "properties": {"filename": "DJI_20260508084603_0616_V.JPG", "camera": "v2 dji m3t 4000 3000 brown 0.6666", "focal": 0.7188884491448521, "width": 4000, "height": 3000, "capture_time": 1778229963.0, "translation": [342466.018152572, 4703574.688270093, 26.427978960637425], "rotation": [1.3467068014280426, 2.2035094416638286, -0.8990915021693431]}, "geometry": {"type": "Point", "coordinates": [-70.9162680566214, 42.46850246758215, 26.427978960637425]}}, {"type": "Feature", "properties": {"filename": "DJI_20260508084253_0345_V.JPG", "camera": "v2 dji m3t 4000 3000 brown 0.6666", "focal": 0.7188884491448521, "width": 4000, "height": 3000, "capture_time": 1778229773.0, "translation": [342434.06018856884, 4703621.697432331, 26.558070522177744], "rotation": [1.3469885960088188, 2.2079383046232084, -0.9169928946805096]}, "geometry": {"type": "Point", "coordinates": [-70.91666950032305, 42.46891909272219, 26.558070522177744]}}, {"type": "Feature", "properties": {"filename": "DJI_20260508085432_1295_V.JPG", "camera": "v2 dji m3t 4000 3000 brown 0.6666", "focal": 0.7188884491448521, "width": 4000, "height": 3000, "capture_time": 1778230472.0, "translation": [342389.37772635306, 4703578.350531108, 26.595598930646084], "rotation": [2.0705114447878223, -1.257751038943379, 0.5019704294074272]}, "geometry": {"type": "Point", "coordinates": [-70.91720082195921, 42.468519843960735, 26.595598930646084]}}, {"type": "Feature", "properties": {"filename": "DJI_20260508084447_0507_V.JPG", "camera": "v2 dji m3t 4000 3000 brown 0.6666", "focal": 0.7188884491448521, "width": 4000, "height": 3000, "capture_time": 1778229887.0, "translation": [342444.3953181978, 4703591.692476489, 26.453429852501493], "rotation": [1.3401830730703133, 2.213523452781858, -0.9063735939135816]}, "geometry": {"type": "Point", "coordinates": [-70.91653560787591, 42.46865112352659, 26.453429852501493]}}, {"type": "Feature", "properties": {"filename": "DJI_20260508085415_1270_V.JPG", "camera": "v2 dji m3t 4000 3000 brown 0.6666", "focal": 0.7188884491448521, "width": 4000, "height": 3000, "capture_time": 1778230455.0, "translation": [342434.6959940303, 4703593.924120112, 26.424174043282285], "rotation": [2.0748327877678094, -1.2490328946126938, 0.5043241420757745]}, "geometry": {"type": "Point", "coordinates": [-70.91665414112538, 42.468669237766484, 26.424174043282285]}}, {"type": "Feature", "properties": {"filename": "DJI_20260508084044_0183_V.JPG", "camera": "v2 dji m3t 4000 3000 brown 0.6666", "focal": 0.7188884491448521, "width": 4000, "height": 3000, "capture_time": 1778229644.0, "translation": [342471.62599591014, 4703605.3855769355, 26.488818205912914], "rotation": [-2.657424351633802, 1.6502657932458158, 0.006784378086324069]}, "geometry": {"type": "Point", "coordinates": [-70.91620830950671, 42.46877991068175, 26.488818205912914]}}, {"type": "Feature", "properties": {"filename": "DJI_20260508084113_0224_V.JPG", "camera": "v2 dji m3t 4000 3000 brown 0.6666", "focal": 0.7188884491448521, "width": 4000, "height": 3000, "capture_time": 1778229673.0, "translation": [342399.0956778892, 4703583.043059497, 26.399789840222653], "rotation": [-2.6610140536946676, 1.6282394212285134, -0.024414074192272584]}, "geometry": {"type": "Point", "coordinates": [-70.91708396486419, 42.468564057704526, 26.399789840222653]}}, {"type": "Feature", "properties": {"filename": "DJI_20260508085705_1492_V.JPG", "camera": "v2 dji m3t 4000 3000 brown 0.6666", "focal": 0.7188884491448521, "width": 4000, "height": 3000, "capture_time": 1778230625.0, "translation": [342464.1932334828, 4703624.404367346, 26.63911406941653], "rotation": [0.6520425229576733, -2.665592092507012, 1.0940452668615168]}, "geometry": {"type": "Point", "coordinates": [-70.91630389754036, 42.46894958526396, 26.63911406941653]}}, {"type": "Feature", "properties": {"filename": "DJI_20260508085633_1446_V.JPG", "camera": "v2 dji m3t 4000 3000 brown 0.6666", "focal": 0.7188884491448521, "width": 4000, "height": 3000, "capture_time": 1778230593.0, "translation": [342485.49654430134, 4703620.187895926, 26.57632217430516], "rotation": [0.6708532420066642, -2.672273836353908, 1.0881331538108194]}, "geometry": {"type": "Point", "coordinates": [-70.9160437418217, 42.4689159647522, 26.57632217430516]}}, {"type": "Feature", "properties": {"filename": "DJI_20260508085335_1213_V.JPG", "camera": "v2 dji m3t 4000 3000 brown 0.6666", "focal": 0.7188884491448521, "width": 4000, "height": 3000, "capture_time": 1778230415.0, "translation": [342438.9866803348, 4703582.106943171, 26.459328930031603], "rotation": [2.0734632374068855, -1.2550582594534598, 0.5069341961352727]}, "geometry": {"type": "Point", "coordinates": [-70.91659873073188, 42.46856374536043, 26.459328930031603]}}, {"type": "Feature", "properties": {"filename": "DJI_20260508084758_0757_V.JPG", "camera": "v2 dji m3t 4000 3000 brown 0.6666", "focal": 0.7188884491448521, "width": 4000, "height": 3000, "capture_time": 1778230078.0, "translation": [342422.4429770874, 4703570.359329817, 26.563058966346365], "rotation": [2.3095116668469706, 0.5463402103343892, -0.22855707556899232]}, "geometry": {"type": "Point", "coordinates": [-70.91679663441735, 42.468454641886524, 26.563058966346365]}}, {"type": "Feature", "properties": {"filename": "DJI_20260508085156_1072_V.JPG", "camera": "v2 dji m3t 4000 3000 brown 0.6666", "focal": 0.7188884491448521, "width": 4000, "height": 3000, "capture_time": 1778230316.0, "translation": [342427.49742149824, 4703541.204204146, 26.628678401671323], "rotation": [2.071465386194712, -1.2588308783580326, 0.5076126201437385]}, "geometry": {"type": "Point", "coordinates": [-70.91672717577484, 42.46819324806879, 26.628678401671323]}}, {"type": "Feature", "properties": {"filename": "DJI_20260508083948_0103_V.JPG", "camera": "v2 dji m3t 4000 3000 brown 0.6666", "focal": 0.7188884491448521, "width": 4000, "height": 3000, "capture_time": 1778229588.0, "translation": [342427.1367933993, 4703562.12871078, 26.448782155313452], "rotation": [-1.6671752688160615, -2.6585043392732683, -0.024901516759389113]}, "geometry": {"type": "Point", "coordinates": [-70.91673730818307, 42.46838151371535, 26.448782155313452]}}, {"type": "Feature", "properties": {"filename": "DJI_20260508085410_1264_V.JPG", "camera": "v2 dji m3t 4000 3000 brown 0.6666", "focal": 0.7188884491448521, "width": 4000, "height": 3000, "capture_time": 1778230450.0, "translation": [342409.3029339796, 4703581.186940547, 26.472057704914484], "rotation": [2.0767204558347925, -1.2506635400274728, 0.5007827348779034]}, "geometry": {"type": "Point", "coordinates": [-70.91695935967154, 42.46854942727582, 26.472057704914484]}}, {"type": "Feature", "properties": {"filename": "DJI_20260508084438_0495_V.JPG", "camera": "v2 dji m3t 4000 3000 brown 0.6666", "focal": 0.7188884491448521, "width": 4000, "height": 3000, "capture_time": 1778229878.0, "translation": [342494.8568878194, 4703617.144373719, 26.459995698656872], "rotation": [1.3384273955997068, 2.21900859789459, -0.9011153047341092]}, "geometry": {"type": "Point", "coordinates": [-70.9159291065174, 42.46889047334852, 26.459995698656872]}}, {"type": "Feature", "properties": {"filename": "DJI_20260508085903_1660_V.JPG", "camera": "v2 dji m3t 4000 3000 brown 0.6666", "focal": 0.7188884491448521, "width": 4000, "height": 3000, "capture_time": 1778230743.0, "translation": [342406.74285828415, 4703626.60581388, 26.684407820940557], "rotation": [0.6581880137554087, -2.6634448673693285, 1.0967887625546386]}, "geometry": {"type": "Point", "coordinates": [-70.91700296264476, 42.468957716310264, 26.684407820940557]}}, {"type": "Feature", "properties": {"filename": "DJI_20260508085427_1288_V.JPG", "camera": "v2 dji m3t 4000 3000 brown 0.6666", "focal": 0.7188884491448521, "width": 4000, "height": 3000, "capture_time": 1778230467.0, "translation": [342418.6977923721, 4703592.892457291, 26.54119935858771], "rotation": [2.0639842642041093, -1.2542620469135093, 0.5037093013258511]}, "geometry": {"type": "Point", "coordinates": [-70.9168483570102, 42.46865669812733, 26.54119935858771]}}, {"type": "Feature", "properties": {"filename": "DJI_20260508084328_0394_V.JPG", "camera": "v2 dji m3t 4000 3000 brown 0.6666", "focal": 0.7188884491448521, "width": 4000, "height": 3000, "capture_time": 1778229808.0, "translation": [342427.7838650354, 4703611.287524878, 26.49436235005222], "rotation": [1.3361452459590089, 2.2136934050851464, -0.900991654080463]}, "geometry": {"type": "Point", "coordinates": [-70.91674294576003, 42.468824117919795, 26.49436235005222]}}, {"type": "Feature", "properties": {"filename": "DJI_20260508084152_0280_V.JPG", "camera": "v2 dji m3t 4000 3000 brown 0.6666", "focal": 0.7188884491448521, "width": 4000, "height": 3000, "capture_time": 1778229712.0, "translation": [342387.87104016746, 4703591.27138129, 26.47566460448063], "rotation": [-2.7020599468605293, 1.5712512627473787, -0.02711775488785682]}, "geometry": {"type": "Point", "coordinates": [-70.91722268992513, 42.468635836447326, 26.47566460448063]}}, {"type": "Feature", "properties": {"filename": "DJI_20260508084331_0399_V.JPG", "camera": "v2 dji m3t 4000 3000 brown 0.6666", "focal": 0.7188884491448521, "width": 4000, "height": 3000, "capture_time": 1778229811.0, "translation": [342429.3766463284, 4703605.577784693, 26.472083614878837], "rotation": [1.3384133361682025, 2.2142108729777275, -0.9075176582512031]}, "geometry": {"type": "Point", "coordinates": [-70.91672201284022, 42.46877304917595, 26.472083614878837]}}, {"type": "Feature", "properties": {"filename": "DJI_20260508084021_0151_V.JPG", "camera": "v2 dji m3t 4000 3000 brown 0.6666", "focal": 0.7188884491448521, "width": 4000, "height": 3000, "capture_time": 1778229621.0, "translation": [342450.2705327266, 4703587.846222901, 26.442974664417747], "rotation": [-1.660060699887544, -2.6517210000647804, -0.012898360585968278]}, "geometry": {"type": "Point", "coordinates": [-70.91646312308137, 42.46861769861616, 26.442974664417747]}}, {"type": "Feature", "properties": {"filename": "DJI_20260508085515_1356_V.JPG", "camera": "v2 dji m3t 4000 3000 brown 0.6666", "focal": 0.7188884491448521, "width": 4000, "height": 3000, "capture_time": 1778230515.0, "translation": [342366.4509410492, 4703580.761746185, 26.577491573875136], "rotation": [2.0655765029325335, -1.2687296271202353, 0.5066439927079507]}, "geometry": {"type": "Point", "coordinates": [-70.91748021790679, 42.46853688266719, 26.577491573875136]}}, {"type": "Feature", "properties": {"filename": "DJI_20260508085506_1344_V.JPG", "camera": "v2 dji m3t 4000 3000 brown 0.6666", "focal": 0.7188884491448521, "width": 4000, "height": 3000, "capture_time": 1778230506.0, "translation": [342416.9126809967, 4703606.040656161, 26.564457474553155], "rotation": [2.0622295315023056, -1.2601897012533865, 0.5052979709558204]}, "geometry": {"type": "Point", "coordinates": [-70.91687367182394, 42.4687746803981, 26.564457474553155]}}, {"type": "Feature", "properties": {"filename": "DJI_20260508084730_0717_V.JPG", "camera": "v2 dji m3t 4000 3000 brown 0.6666", "focal": 0.7188884491448521, "width": 4000, "height": 3000, "capture_time": 1778230050.0, "translation": [342412.5996552696, 4703566.338023724, 26.562854988573875], "rotation": [2.3105715620866767, 0.5500810290949737, -0.22464820260586438]}, "geometry": {"type": "Point", "coordinates": [-70.9169152001233, 42.46841644452595, 26.562854988573875]}}, {"type": "Feature", "properties": {"filename": "DJI_20260508084437_0493_V.JPG", "camera": "v2 dji m3t 4000 3000 brown 0.6666", "focal": 0.7188884491448521, "width": 4000, "height": 3000, "capture_time": 1778229877.0, "translation": [342503.2943415602, 4703621.45871214, 26.46717800618102], "rotation": [1.3392991125565616, 2.221573743826737, -0.8966203449984452]}, "geometry": {"type": "Point", "coordinates": [-70.91582771177548, 42.468931021473125, 26.46717800618102]}}, {"type": "Feature", "properties": {"filename": "DJI_20260508085559_1397_V.JPG", "camera": "v2 dji m3t 4000 3000 brown 0.6666", "focal": 0.7188884491448521, "width": 4000, "height": 3000, "capture_time": 1778230559.0, "translation": [342482.5323744498, 4703658.464227667, 26.60225801149596], "rotation": [0.6632952089087351, -2.6712235227313674, 1.0881912278857764]}, "geometry": {"type": "Point", "coordinates": [-70.91609029054581, 42.4692598828872, 26.60225801149596]}}, {"type": "Feature", "properties": {"filename": "DJI_20260508084120_0234_V.JPG", "camera": "v2 dji m3t 4000 3000 brown 0.6666", "focal": 0.7188884491448521, "width": 4000, "height": 3000, "capture_time": 1778229680.0, "translation": [342441.37819595635, 4703604.199014884, 26.442997925750777], "rotation": [-2.642594278718338, 1.660302780195286, -0.01015212916600069]}, "geometry": {"type": "Point", "coordinates": [-70.91657572413393, 42.468763079821926, 26.442997925750777]}}, {"type": "Feature", "properties": {"filename": "DJI_20260508085538_1389_V.JPG", "camera": "v2 dji m3t 4000 3000 brown 0.6666", "focal": 0.7188884491448521, "width": 4000, "height": 3000, "capture_time": 1778230538.0, "translation": [342437.7980983518, 4703623.47295373, 26.548215276581054], "rotation": [2.068432033973595, -1.2604601588990803, 0.5065418324033037]}, "geometry": {"type": "Point", "coordinates": [-70.91662454395457, 42.46893583416834, 26.548215276581054]}}, {"type": "Feature", "properties": {"filename": "DJI_20260508083949_0105_V.JPG", "camera": "v2 dji m3t 4000 3000 brown 0.6666", "focal": 0.7188884491448521, "width": 4000, "height": 3000, "capture_time": 1778229589.0, "translation": [342418.70006700495, 4703557.906001071, 26.423398026528673], "rotation": [-1.668142912104149, -2.658804495016607, -0.02656770942130598]}, "geometry": {"type": "Point", "coordinates": [-70.91683871776335, 42.46834178969846, 26.423398026528673]}}, {"type": "Feature", "properties": {"filename": "DJI_20260508085916_1679_V.JPG", "camera": "v2 dji m3t 4000 3000 brown 0.6666", "focal": 0.7188884491448521, "width": 4000, "height": 3000, "capture_time": 1778230756.0, "translation": [342403.48774689995, 4703619.149158557, 26.65726033275361], "rotation": [0.6702312713501833, -2.6740648862849796, 1.0881687410780083]}, "geometry": {"type": "Point", "coordinates": [-70.9170404883177, 42.46888993773134, 26.65726033275361]}}, {"type": "Feature", "properties": {"filename": "DJI_20260508085456_1329_V.JPG", "camera": "v2 dji m3t 4000 3000 brown 0.6666", "focal": 0.7188884491448521, "width": 4000, "height": 3000, "capture_time": 1778230496.0, "translation": [342435.8905270898, 4703608.566040822, 26.45348343663275], "rotation": [2.0712426956294605, -1.2591319117778037, 0.508778811131447]}, "geometry": {"type": "Point", "coordinates": [-70.91664364058659, 42.46880127088161, 26.45348343663275]}}, {"type": "Feature", "properties": {"filename": "DJI_20260508084325_0390_V.JPG", "camera": "v2 dji m3t 4000 3000 brown 0.6666", "focal": 0.7188884491448521, "width": 4000, "height": 3000, "capture_time": 1778229805.0, "translation": [342444.4344809494, 4703619.8011285225, 26.471421882549564], "rotation": [1.3388315490008154, 2.216015308899079, -0.9010934575581647]}, "geometry": {"type": "Point", "coordinates": [-70.91654285270093, 42.468904134125395, 26.471421882549564]}}, {"type": "Feature", "properties": {"filename": "DJI_20260508084501_0527_V.JPG", "camera": "v2 dji m3t 4000 3000 brown 0.6666", "focal": 0.7188884491448521, "width": 4000, "height": 3000, "capture_time": 1778229901.0, "translation": [342506.86951257323, 4703616.058631361, 26.547042530737972], "rotation": [1.3552334380619833, 2.208483422628803, -0.9086871114073769]}, "geometry": {"type": "Point", "coordinates": [-70.91578276343658, 42.46888314274277, 26.547042530737972]}}, {"type": "Feature", "properties": {"filename": "DJI_20260508083953_0111_V.JPG", "camera": "v2 dji m3t 4000 3000 brown 0.6666", "focal": 0.7188884491448521, "width": 4000, "height": 3000, "capture_time": 1778229593.0, "translation": [342412.4660898731, 4703561.486119874, 26.425760430923106], "rotation": [-2.7650528665396936, 1.4653223351123197, -0.027562454985149677]}, "geometry": {"type": "Point", "coordinates": [-70.91691549097136, 42.468372745955854, 26.425760430923106]}}, {"type": "Feature", "properties": {"filename": "DJI_20260508084730_0718_V.JPG", "camera": "v2 dji m3t 4000 3000 brown 0.6666", "focal": 0.7188884491448521, "width": 4000, "height": 3000, "capture_time": 1778230050.0, "translation": [342414.4416550728, 4703566.602189287, 26.53957712196268], "rotation": [2.309841126725735, 0.5494250704598633, -0.2234867238212611]}, "geometry": {"type": "Point", "coordinates": [-70.91689287854126, 42.46841919690837, 26.53957712196268]}}, {"type": "Feature", "properties": {"filename": "DJI_20260508084228_0332_V.JPG", "camera": "v2 dji m3t 4000 3000 brown 0.6666", "focal": 0.7188884491448521, "width": 4000, "height": 3000, "capture_time": 1778229748.0, "translation": [342383.0423024999, 4703596.117845183, 26.51067500767865], "rotation": [-1.6711107880969711, -2.6553087331076526, -0.020088534306948787]}, "geometry": {"type": "Point", "coordinates": [-70.91728272735793, 42.468678476534315, 26.51067500767865]}}, {"type": "Feature", "properties": {"filename": "DJI_20260508085314_1184_V.JPG", "camera": "v2 dji m3t 4000 3000 brown 0.6666", "focal": 0.7188884491448521, "width": 4000, "height": 3000, "capture_time": 1778230394.0, "translation": [342399.3606631687, 4703555.111255015, 26.61259505498462], "rotation": [2.0730309333189445, -1.2517302350019976, 0.49872998645404193]}, "geometry": {"type": "Point", "coordinates": [-70.91707306885856, 42.468312700820654, 26.61259505498462]}}, {"type": "Feature", "properties": {"filename": "DJI_20260508085734_1533_V.JPG", "camera": "v2 dji m3t 4000 3000 brown 0.6666", "focal": 0.7188884491448521, "width": 4000, "height": 3000, "capture_time": 1778230654.0, "translation": [342451.0341041733, 4703622.687772616, 26.68257739452403], "rotation": [0.6524658435074631, -2.664645953482859, 1.0972779151113317]}, "geometry": {"type": "Point", "coordinates": [-70.9164634098659, 42.468931458550934, 26.68257739452403]}}, {"type": "Feature", "properties": {"filename": "DJI_20260508084305_0362_V.JPG", "camera": "v2 dji m3t 4000 3000 brown 0.6666", "focal": 0.7188884491448521, "width": 4000, "height": 3000, "capture_time": 1778229785.0, "translation": [342505.7899169064, 4703657.734770051, 26.607768914844783], "rotation": [1.3522719262817562, 2.220525002737392, -0.9074354745873368]}, "geometry": {"type": "Point", "coordinates": [-70.91580733216412, 42.469258045391754, 26.607768914844783]}}, {"type": "Feature", "properties": {"filename": "DJI_20260508085508_1346_V.JPG", "camera": "v2 dji m3t 4000 3000 brown 0.6666", "focal": 0.7188884491448521, "width": 4000, "height": 3000, "capture_time": 1778230508.0, "translation": [342408.60625618155, 4703601.927695396, 26.539783867080576], "rotation": [2.0609466109073247, -1.2617582279842063, 0.5044104532297718]}, "geometry": {"type": "Point", "coordinates": [-70.91697352793985, 42.46873597059329, 26.539783867080576]}}, {"type": "Feature", "properties": {"filename": "DJI_20260508084948_0915_V.JPG", "camera": "v2 dji m3t 4000 3000 brown 0.6666", "focal": 0.7188884491448521, "width": 4000, "height": 3000, "capture_time": 1778230188.0, "translation": [342474.35630186094, 4703576.571419142, 26.596477046445674], "rotation": [2.308412168251412, 0.5537926206402214, -0.22925101565574746]}, "geometry": {"type": "Point", "coordinates": [-70.9161672023564, 42.46852111294964, 26.596477046445674]}}, {"type": "Feature", "properties": {"filename": "DJI_20260508085932_1701_V.JPG", "camera": "v2 dji m3t 4000 3000 brown 0.6666", "focal": 0.7188884491448521, "width": 4000, "height": 3000, "capture_time": 1778230772.0, "translation": [342396.1261868902, 4703619.567528261, 26.710112663603027], "rotation": [0.6606514784266082, -2.6632499598903645, 1.0951343752689746]}, "geometry": {"type": "Point", "coordinates": [-70.91713010227572, 42.46889220594098, 26.710112663603027]}}, {"type": "Feature", "properties": {"filename": "DJI_20260508084500_0526_V.JPG", "camera": "v2 dji m3t 4000 3000 brown 0.6666", "focal": 0.7188884491448521, "width": 4000, "height": 3000, "capture_time": 1778229900.0, "translation": [342502.6429354107, 4703613.94031559, 26.541106312355687], "rotation": [1.3553828031229804, 2.2082329069474316, -0.9091518969829779]}, "geometry": {"type": "Point", "coordinates": [-70.91583356691065, 42.468863216831075, 26.541106312355687]}}, {"type": "Feature", "properties": {"filename": "DJI_20260508084201_0293_V.JPG", "camera": "v2 dji m3t 4000 3000 brown 0.6666", "focal": 0.7188884491448521, "width": 4000, "height": 3000, "capture_time": 1778229721.0, "translation": [342441.6057854913, 4703618.434442971, 26.508077951161738], "rotation": [-2.640111533051593, 1.6705731275141298, -0.0019647718027542924]}, "geometry": {"type": "Point", "coordinates": [-70.91657686749305, 42.46889125749734, 26.508077951161738]}}, {"type": "Feature", "properties": {"filename": "DJI_20260508084329_0396_V.JPG", "camera": "v2 dji m3t 4000 3000 brown 0.6666", "focal": 0.7188884491448521, "width": 4000, "height": 3000, "capture_time": 1778229809.0, "translation": [342424.4138568604, 4703607.870628879, 26.45733781685012], "rotation": [1.3369275640445704, 2.21266212994922, -0.9027352512586284]}, "geometry": {"type": "Point", "coordinates": [-70.91678297830143, 42.46879267744023, 26.45733781685012]}}, {"type": "Feature", "properties": {"filename": "DJI_20260508084929_0887_V.JPG", "camera": "v2 dji m3t 4000 3000 brown 0.6666", "focal": 0.7188884491448521, "width": 4000, "height": 3000, "capture_time": 1778230169.0, "translation": [342469.45848805265, 4703572.238049553, 26.58399493978649], "rotation": [2.302484810792329, 0.5513085114877769, -0.23684764231551517]}, "geometry": {"type": "Point", "coordinates": [-70.91622555767252, 42.46848111295371, 26.58399493978649]}}, {"type": "Feature", "properties": {"filename": "DJI_20260508084604_0617_V.JPG", "camera": "v2 dji m3t 4000 3000 brown 0.6666", "focal": 0.7188884491448521, "width": 4000, "height": 3000, "capture_time": 1778229964.0, "translation": [342461.8688391849, 4703572.534602343, 26.4890062098094], "rotation": [1.344925232754626, 2.2020078379556507, -0.9002541715214357]}, "geometry": {"type": "Point", "coordinates": [-70.91631791058317, 42.468482238974765, 26.4890062098094]}}, {"type": "Feature", "properties": {"filename": "DJI_20260508085904_1662_V.JPG", "camera": "v2 dji m3t 4000 3000 brown 0.6666", "focal": 0.7188884491448521, "width": 4000, "height": 3000, "capture_time": 1778230744.0, "translation": [342402.53515679116, 4703634.9501283495, 26.682564115704142], "rotation": [0.6587489665443973, -2.6644831914922147, 1.0950840312012382]}, "geometry": {"type": "Point", "coordinates": [-70.91705641098156, 42.469031966562675, 26.682564115704142]}}, {"type": "Feature", "properties": {"filename": "DJI_20260508084409_0453_V.JPG", "camera": "v2 dji m3t 4000 3000 brown 0.6666", "focal": 0.7188884491448521, "width": 4000, "height": 3000, "capture_time": 1778229849.0, "translation": [342432.6520064345, 4703597.692291571, 26.45137993456071], "rotation": [1.3475565943758543, 2.2129947799269583, -0.900465719042909]}, "geometry": {"type": "Point", "coordinates": [-70.91668002617865, 42.468702738933004, 26.45137993456071]}}, {"type": "Feature", "properties": {"filename": "DJI_20260508085238_1132_V.JPG", "camera": "v2 dji m3t 4000 3000 brown 0.6666", "focal": 0.7188884491448521, "width": 4000, "height": 3000, "capture_time": 1778230358.0, "translation": [342394.97025468, 4703538.875492261, 26.606963930811027], "rotation": [2.0765931020572945, -1.2458426158438025, 0.4955634161977057]}, "geometry": {"type": "Point", "coordinates": [-70.91712198430498, 42.46816567159512, 26.606963930811027]}}, {"type": "Feature", "properties": {"filename": "DJI_20260508084302_0358_V.JPG", "camera": "v2 dji m3t 4000 3000 brown 0.6666", "focal": 0.7188884491448521, "width": 4000, "height": 3000, "capture_time": 1778229782.0, "translation": [342489.0343244612, 4703649.341032544, 26.622368963622037], "rotation": [1.3526733486238405, 2.219262657895766, -0.9094681455522495]}, "geometry": {"type": "Point", "coordinates": [-70.91600873650617, 42.46917908799301, 26.622368963622037]}}, {"type": "Feature", "properties": {"filename": "DJI_20260508085243_1140_V.JPG", "camera": "v2 dji m3t 4000 3000 brown 0.6666", "focal": 0.7188884491448521, "width": 4000, "height": 3000, "capture_time": 1778230363.0, "translation": [342375.21413877123, 4703535.829712374, 26.47038588416065], "rotation": [2.084336560808567, -1.2476779737846893, 0.4983935610168556]}, "geometry": {"type": "Point", "coordinates": [-70.91736133177378, 42.46813423784967, 26.47038588416065]}}, {"type": "Feature", "properties": {"filename": "DJI_20260508085229_1120_V.JPG", "camera": "v2 dji m3t 4000 3000 brown 0.6666", "focal": 0.7188884491448521, "width": 4000, "height": 3000, "capture_time": 1778230349.0, "translation": [342445.50336009957, 4703564.273001477, 26.591908190268867], "rotation": [2.066129801930048, -1.2496493544459661, 0.5072008183941833]}, "geometry": {"type": "Point", "coordinates": [-70.9165146052796, 42.468404549409556, 26.591908190268867]}}, {"type": "Feature", "properties": {"filename": "DJI_20260508085348_1232_V.JPG", "camera": "v2 dji m3t 4000 3000 brown 0.6666", "focal": 0.7188884491448521, "width": 4000, "height": 3000, "capture_time": 1778230428.0, "translation": [342424.0629436092, 4703581.532427665, 26.572801790994014], "rotation": [2.0637743095985006, -1.25549332538236, 0.505406514544792]}, "geometry": {"type": "Point", "coordinates": [-70.916780009029, 42.46855553908121, 26.572801790994014]}}, {"type": "Feature", "properties": {"filename": "DJI_20260508084330_0397_V.JPG", "camera": "v2 dji m3t 4000 3000 brown 0.6666", "focal": 0.7188884491448521, "width": 4000, "height": 3000, "capture_time": 1778229810.0, "translation": [342425.2792210906, 4703606.220588061, 26.484436775753366], "rotation": [1.3366272250846356, 2.213488009851682, -0.9047813394280183]}, "geometry": {"type": "Point", "coordinates": [-70.91677200425933, 42.46877800162448, 26.484436775753366]}}, {"type": "Feature", "properties": {"filename": "DJI_20260508084314_0375_V.JPG", "camera": "v2 dji m3t 4000 3000 brown 0.6666", "focal": 0.7188884491448521, "width": 4000, "height": 3000, "capture_time": 1778229794.0, "translation": [342507.60906301514, 4703651.601672818, 26.571501796927862], "rotation": [1.3462659244900577, 2.2278250829602078, -0.8943581559677963]}, "geometry": {"type": "Point", "coordinates": [-70.9157835315249, 42.46920321189651, 26.571501796927862]}}, {"type": "Feature", "properties": {"filename": "DJI_20260508084214_0312_V.JPG", "camera": "v2 dji m3t 4000 3000 brown 0.6666", "focal": 0.7188884491448521, "width": 4000, "height": 3000, "capture_time": 1778229734.0, "translation": [342466.6890935094, 4703637.966160139, 26.48933358453285], "rotation": [-1.6768691156060735, -2.634834441480231, 0.004087943304828772]}, "geometry": {"type": "Point", "coordinates": [-70.9162772784973, 42.46907216085848, 26.48933358453285]}}, {"type": "Feature", "properties": {"filename": "DJI_20260508084115_0227_V.JPG", "camera": "v2 dji m3t 4000 3000 brown 0.6666", "focal": 0.7188884491448521, "width": 4000, "height": 3000, "capture_time": 1778229675.0, "translation": [342411.8151368326, 4703589.459600162, 26.46977872596038], "rotation": [-2.6465628322525405, 1.6559323699667403, -0.026729152503860196]}, "geometry": {"type": "Point", "coordinates": [-70.91693109024338, 42.46862439947698, 26.46977872596038]}}, {"type": "Feature", "properties": {"filename": "DJI_20260508084341_0413_V.JPG", "camera": "v2 dji m3t 4000 3000 brown 0.6666", "focal": 0.7188884491448521, "width": 4000, "height": 3000, "capture_time": 1778229821.0, "translation": [342485.9853567404, 4703633.657476155, 26.543912092257223], "rotation": [1.3504428040141545, 2.2129068645892076, -0.9107150676937865]}, "geometry": {"type": "Point", "coordinates": [-70.91604149793999, 42.4690373022533, 26.543912092257223]}}, {"type": "Feature", "properties": {"filename": "DJI_20260508084232_0338_V.JPG", "camera": "v2 dji m3t 4000 3000 brown 0.6666", "focal": 0.7188884491448521, "width": 4000, "height": 3000, "capture_time": 1778229752.0, "translation": [342378.26021284075, 4703593.903490667, 26.565094824546616], "rotation": [-1.6710166993086593, -2.659822463000906, -0.02307618117439217]}, "geometry": {"type": "Point", "coordinates": [-70.91734025745797, 42.46865757252021, 26.565094824546616]}}, {"type": "Feature", "properties": {"filename": "DJI_20260508085338_1217_V.JPG", "camera": "v2 dji m3t 4000 3000 brown 0.6666", "focal": 0.7188884491448521, "width": 4000, "height": 3000, "capture_time": 1778230418.0, "translation": [342455.8577757595, 4703590.554249854, 26.441730154569743], "rotation": [2.0709844969019775, -1.2542164772440707, 0.5094555092547792]}, "geometry": {"type": "Point", "coordinates": [-70.91639593959292, 42.46864320940705, 26.441730154569743]}}, {"type": "Feature", "properties": {"filename": "DJI_20260508085521_1365_V.JPG", "camera": "v2 dji m3t 4000 3000 brown 0.6666", "focal": 0.7188884491448521, "width": 4000, "height": 3000, "capture_time": 1778230521.0, "translation": [342341.09916481975, 4703574.629053806, 26.432203928861554], "rotation": [2.0705151097668746, -1.268235148908586, 0.5068936100459782]}, "geometry": {"type": "Point", "coordinates": [-70.91778674754771, 42.46847652458211, 26.432203928861554]}}, {"type": "Feature", "properties": {"filename": "DJI_20260508085803_1574_V.JPG", "camera": "v2 dji m3t 4000 3000 brown 0.6666", "focal": 0.7188884491448521, "width": 4000, "height": 3000, "capture_time": 1778230683.0, "translation": [342438.53274994344, 4703619.640996486, 26.667919731582703], "rotation": [0.6563475162705912, -2.6646522287849304, 1.0951010224987292]}, "geometry": {"type": "Point", "coordinates": [-70.9166145597174, 42.46890149258557, 26.667919731582703]}}, {"type": "Feature", "properties": {"filename": "DJI_20260508084854_0837_V.JPG", "camera": "v2 dji m3t 4000 3000 brown 0.6666", "focal": 0.7188884491448521, "width": 4000, "height": 3000, "capture_time": 1778230134.0, "translation": [342446.3474483088, 4703576.393149533, 26.595618435310985], "rotation": [2.3096983766024817, 0.548903240003655, -0.22630530253398923]}, "geometry": {"type": "Point", "coordinates": [-70.91650767235255, 42.468513813080115, 26.595618435310985]}}, {"type": "Feature", "properties": {"filename": "DJI_20260508085853_1646_V.JPG", "camera": "v2 dji m3t 4000 3000 brown 0.6666", "focal": 0.7188884491448521, "width": 4000, "height": 3000, "capture_time": 1778230733.0, "translation": [342430.6586370353, 4703591.713619911, 26.619914209980074], "rotation": [0.6627781827533672, -2.669462283718039, 1.0966665506494817]}, "geometry": {"type": "Point", "coordinates": [-70.91670261835728, 42.46864852021884, 26.619914209980074]}}, {"type": "Feature", "properties": {"filename": "DJI_20260508084731_0719_V.JPG", "camera": "v2 dji m3t 4000 3000 brown 0.6666", "focal": 0.7188884491448521, "width": 4000, "height": 3000, "capture_time": 1778230051.0, "translation": [342416.02385455923, 4703565.449224166, 26.558809107999068], "rotation": [2.308779103008676, 0.5488502863212689, -0.22397685622601993]}, "geometry": {"type": "Point", "coordinates": [-70.91687332616223, 42.46840914102129, 26.558809107999068]}}, {"type": "Feature", "properties": {"filename": "DJI_20260508083941_0093_V.JPG", "camera": "v2 dji m3t 4000 3000 brown 0.6666", "focal": 0.7188884491448521, "width": 4000, "height": 3000, "capture_time": 1778229581.0, "translation": [342469.2491969683, 4703583.200179431, 26.485768660678147], "rotation": [-1.661995774676692, -2.6515796151084734, -0.010444396472252261]}, "geometry": {"type": "Point", "coordinates": [-70.91623111272847, 42.4685797392489, 26.485768660678147]}}, {"type": "Feature", "properties": {"filename": "DJI_20260508085850_1641_V.JPG", "camera": "v2 dji m3t 4000 3000 brown 0.6666", "focal": 0.7188884491448521, "width": 4000, "height": 3000, "capture_time": 1778230730.0, "translation": [342420.9959296429, 4703612.355164183, 26.639843327770414], "rotation": [0.6642106582775766, -2.673636124903127, 1.0927849744567288]}, "geometry": {"type": "Point", "coordinates": [-70.916825764091, 42.468832347032475, 26.639843327770414]}}, {"type": "Feature", "properties": {"filename": "DJI_20260508084149_0276_V.JPG", "camera": "v2 dji m3t 4000 3000 brown 0.6666", "focal": 0.7188884491448521, "width": 4000, "height": 3000, "capture_time": 1778229709.0, "translation": [342386.1906958747, 4703585.749685753, 26.463565002317413], "rotation": [-2.226374454515819, -2.199484785343624, -0.026169333115133094]}, "geometry": {"type": "Point", "coordinates": [-70.9172416015583, 42.46858579450187, 26.463565002317413]}}, {"type": "Feature", "properties": {"filename": "DJI_20260508084151_0279_V.JPG", "camera": "v2 dji m3t 4000 3000 brown 0.6666", "focal": 0.7188884491448521, "width": 4000, "height": 3000, "capture_time": 1778229711.0, "translation": [342385.81115804287, 4703590.256889547, 26.507624249528483], "rotation": [-3.026196678957709, 0.8163033286667875, -0.031221020785932342]}, "geometry": {"type": "Point", "coordinates": [-70.91724745430868, 42.468626286080365, 26.507624249528483]}}, {"type": "Feature", "properties": {"filename": "DJI_20260508084949_0916_V.JPG", "camera": "v2 dji m3t 4000 3000 brown 0.6666", "focal": 0.7188884491448521, "width": 4000, "height": 3000, "capture_time": 1778230189.0, "translation": [342472.15376350447, 4703580.864409214, 26.642415677421784], "rotation": [2.3083370602966835, 0.5543083929962708, -0.22921002796559214]}, "geometry": {"type": "Point", "coordinates": [-70.91619515881098, 42.46855930582739, 26.642415677421784]}}, {"type": "Feature", "properties": {"filename": "DJI_20260508085926_1693_V.JPG", "camera": "v2 dji m3t 4000 3000 brown 0.6666", "focal": 0.7188884491448521, "width": 4000, "height": 3000, "capture_time": 1778230766.0, "translation": [342413.0779734819, 4703586.300637271, 26.584681435984173], "rotation": [0.6613176814906758, -2.6648828538566267, 1.0989941245394352]}, "geometry": {"type": "Point", "coordinates": [-70.91691486934995, 42.468596222895705, 26.584681435984173]}}, {"type": "Feature", "properties": {"filename": "DJI_20260508085539_1390_V.JPG", "camera": "v2 dji m3t 4000 3000 brown 0.6666", "focal": 0.7188884491448521, "width": 4000, "height": 3000, "capture_time": 1778230539.0, "translation": [342440.73963700666, 4703624.9172119135, 26.490458279351323], "rotation": [2.067994554170995, -1.26055503636911, 0.5062174281050513]}, "geometry": {"type": "Point", "coordinates": [-70.91658917855173, 42.468949431981336, 26.490458279351323]}}, {"type": "Feature", "properties": {"filename": "DJI_20260508085802_1573_V.JPG", "camera": "v2 dji m3t 4000 3000 brown 0.6666", "focal": 0.7188884491448521, "width": 4000, "height": 3000, "capture_time": 1778230682.0, "translation": [342440.57428146276, 4703615.6102039805, 26.658652424124824], "rotation": [0.6558807259424458, -2.6646153080721193, 1.0950168147613415]}, "geometry": {"type": "Point", "coordinates": [-70.9165886323333, 42.468865627086096, 26.658652424124824]}}, {"type": "Feature", "properties": {"filename": "DJI_20260508085714_1504_V.JPG", "camera": "v2 dji m3t 4000 3000 brown 0.6666", "focal": 0.7188884491448521, "width": 4000, "height": 3000, "capture_time": 1778230634.0, "translation": [342438.5231494948, 4703674.595855443, 26.69636464619881], "rotation": [0.6582785859746069, -2.6633572974758795, 1.0924345587838322]}, "geometry": {"type": "Point", "coordinates": [-70.91662977241397, 42.469396132727866, 26.69636464619881]}}, {"type": "Feature", "properties": {"filename": "DJI_20260508085541_1393_V.JPG", "camera": "v2 dji m3t 4000 3000 brown 0.6666", "focal": 0.7188884491448521, "width": 4000, "height": 3000, "capture_time": 1778230541.0, "translation": [342444.3302837367, 4703626.767720652, 26.4652207406623], "rotation": [2.066499565656851, -1.2601245477655056, 0.5049238462595038]}, "geometry": {"type": "Point", "coordinates": [-70.91654603310722, 42.468966818401064, 26.4652207406623]}}, {"type": "Feature", "properties": {"filename": "DJI_20260508084758_0758_V.JPG", "camera": "v2 dji m3t 4000 3000 brown 0.6666", "focal": 0.7188884491448521, "width": 4000, "height": 3000, "capture_time": 1778230078.0, "translation": [342423.53028285416, 4703571.768911575, 26.573170181727605], "rotation": [2.3096418228937834, 0.5469589545225458, -0.22966321675216855]}, "geometry": {"type": "Point", "coordinates": [-70.91678380269516, 42.46846755050655, 26.573170181727605]}}, {"type": "Feature", "properties": {"filename": "DJI_20260508084130_0249_V.JPG", "camera": "v2 dji m3t 4000 3000 brown 0.6666", "focal": 0.7188884491448521, "width": 4000, "height": 3000, "capture_time": 1778229690.0, "translation": [342491.5163814963, 4703634.587866369, 26.463016322225876], "rotation": [3.0491648003383305, 0.7508331147442346, -0.014343503248338507]}, "geometry": {"type": "Point", "coordinates": [-70.91597450916451, 42.469046801076814, 26.463016322225876]}}, {"type": "Feature", "properties": {"filename": "DJI_20260508084326_0391_V.JPG", "camera": "v2 dji m3t 4000 3000 brown 0.6666", "focal": 0.7188884491448521, "width": 4000, "height": 3000, "capture_time": 1778229806.0, "translation": [342440.19747801824, 4703617.67303058, 26.4504390449451], "rotation": [1.338379919121648, 2.215614134831777, -0.901050958660926]}, "geometry": {"type": "Point", "coordinates": [-70.91659378000362, 42.46888411771275, 26.4504390449451]}}, {"type": "Feature", "properties": {"filename": "DJI_20260508085429_1290_V.JPG", "camera": "v2 dji m3t 4000 3000 brown 0.6666", "focal": 0.7188884491448521, "width": 4000, "height": 3000, "capture_time": 1778230469.0, "translation": [342410.3502470001, 4703588.721563447, 26.56343214150603], "rotation": [2.0659898967378676, -1.25503551953725, 0.502873265998777]}, "geometry": {"type": "Point", "coordinates": [-70.91694869696676, 42.46861745853457, 26.56343214150603]}}, {"type": "Feature", "properties": {"filename": "DJI_20260508084218_0318_V.JPG", "camera": "v2 dji m3t 4000 3000 brown 0.6666", "focal": 0.7188884491448521, "width": 4000, "height": 3000, "capture_time": 1778229738.0, "translation": [342441.4180726898, 4703625.32926104, 26.497460102849242], "rotation": [-1.6736711953128105, -2.63563936955814, -0.008124152677872526]}, "geometry": {"type": "Point", "coordinates": [-70.91658104356816, 42.46895327875754, 26.497460102849242]}}, {"type": "Feature", "properties": {"filename": "DJI_20260508084555_0604_V.JPG", "camera": "v2 dji m3t 4000 3000 brown 0.6666", "focal": 0.7188884491448521, "width": 4000, "height": 3000, "capture_time": 1778229955.0, "translation": [342516.3376180933, 4703599.87292928, 26.4598364523239], "rotation": [1.3498700753433934, 2.2129084699329216, -0.8959047649783829]}, "geometry": {"type": "Point", "coordinates": [-70.91566320987876, 42.468739381720724, 26.4598364523239]}}, {"type": "Feature", "properties": {"filename": "DJI_20260508084712_0692_V.JPG", "camera": "v2 dji m3t 4000 3000 brown 0.6666", "focal": 0.7188884491448521, "width": 4000, "height": 3000, "capture_time": 1778230032.0, "translation": [342413.88739996066, 4703542.592002431, 26.57733658306731], "rotation": [2.312180988982549, 0.5446914282304122, -0.2289627312778137]}, "geometry": {"type": "Point", "coordinates": [-70.91689302061653, 42.46820297136481, 26.57733658306731]}}, {"type": "Feature", "properties": {"filename": "DJI_20260508085643_1460_V.JPG", "camera": "v2 dji m3t 4000 3000 brown 0.6666", "focal": 0.7188884491448521, "width": 4000, "height": 3000, "capture_time": 1778230603.0, "translation": [342459.03266103036, 4703662.787555381, 26.67793191809014], "rotation": [0.660915346797522, -2.6654487949455024, 1.0929779725550521]}, "geometry": {"type": "Point", "coordinates": [-70.91637718026443, 42.46929401843663, 26.67793191809014]}}, {"type": "Feature", "properties": {"filename": "DJI_20260508085211_1093_V.JPG", "camera": "v2 dji m3t 4000 3000 brown 0.6666", "focal": 0.7188884491448521, "width": 4000, "height": 3000, "capture_time": 1778230331.0, "translation": [342410.9514717706, 4703539.876756954, 26.541943463922042], "rotation": [2.0839820566034777, -1.2570783400354246, 0.5046129494947417]}, "geometry": {"type": "Point", "coordinates": [-70.91692796814517, 42.468177934603155, 26.541943463922042]}}, {"type": "Feature", "properties": {"filename": "DJI_20260508085757_1566_V.JPG", "camera": "v2 dji m3t 4000 3000 brown 0.6666", "focal": 0.7188884491448521, "width": 4000, "height": 3000, "capture_time": 1778230677.0, "translation": [342452.35631431907, 4703601.309561763, 26.55100394498233], "rotation": [0.6633338910781876, -2.667247892699588, 1.091711875273788]}, "geometry": {"type": "Point", "coordinates": [-70.91644146299072, 42.468739304683574, 26.55100394498233]}}, {"type": "Feature", "properties": {"filename": "DJI_20260508085719_1511_V.JPG", "camera": "v2 dji m3t 4000 3000 brown 0.6666", "focal": 0.7188884491448521, "width": 4000, "height": 3000, "capture_time": 1778230639.0, "translation": [342436.25127586775, 4703666.116949438, 26.620360537991616], "rotation": [0.6647660725269601, -2.673893702526904, 1.0889686557810077]}, "geometry": {"type": "Point", "coordinates": [-70.916655064011, 42.46931935307469, 26.620360537991616]}}, {"type": "Feature", "properties": {"filename": "DJI_20260508084330_0398_V.JPG", "camera": "v2 dji m3t 4000 3000 brown 0.6666", "focal": 0.7188884491448521, "width": 4000, "height": 3000, "capture_time": 1778229810.0, "translation": [342427.1927263015, 4703605.2101373, 26.477758025595783], "rotation": [1.3386391582391437, 2.213679589037068, -0.9077964363842139]}, "geometry": {"type": "Point", "coordinates": [-70.91674846305546, 42.46876929585599, 26.477758025595783]}}, {"type": "Feature", "properties": {"filename": "DJI_20260508084422_0472_V.JPG", "camera": "v2 dji m3t 4000 3000 brown 0.6666", "focal": 0.7188884491448521, "width": 4000, "height": 3000, "capture_time": 1778229862.0, "translation": [342503.1910347769, 4703628.272972979, 26.59756185179034], "rotation": [1.3500412119397058, 2.212357302721971, -0.9088390815867828]}, "geometry": {"type": "Point", "coordinates": [-70.9158308388178, 42.46899233484728, 26.59756185179034]}}, {"type": "Feature", "properties": {"filename": "DJI_20260508085412_1266_V.JPG", "camera": "v2 dji m3t 4000 3000 brown 0.6666", "focal": 0.7188884491448521, "width": 4000, "height": 3000, "capture_time": 1778230452.0, "translation": [342417.6657601679, 4703585.388844707, 26.418602388240018], "rotation": [2.0757271777825377, -1.2499133653474122, 0.5019746174052123]}, "geometry": {"type": "Point", "coordinates": [-70.91685884257109, 42.46858894910423, 26.418602388240018]}}, {"type": "Feature", "properties": {"filename": "DJI_20260508084511_0541_V.JPG", "camera": "v2 dji m3t 4000 3000 brown 0.6666", "focal": 0.7188884491448521, "width": 4000, "height": 3000, "capture_time": 1778229911.0, "translation": [342542.0511762026, 4703626.810414629, 26.458721430897803], "rotation": [1.354102917513912, 2.218059800908775, -0.893285839553528]}, "geometry": {"type": "Point", "coordinates": [-70.91535798951507, 42.46898706930775, 26.458721430897803]}}, {"type": "Feature", "properties": {"filename": "DJI_20260508085737_1538_V.JPG", "camera": "v2 dji m3t 4000 3000 brown 0.6666", "focal": 0.7188884491448521, "width": 4000, "height": 3000, "capture_time": 1778230657.0, "translation": [342440.4495734407, 4703643.636225316, 26.69269621199758], "rotation": [0.6556819531459399, -2.661132884672581, 1.099416908359797]}, "geometry": {"type": "Point", "coordinates": [-70.91659784701545, 42.469117860592604, 26.69269621199758]}}, {"type": "Feature", "properties": {"filename": "DJI_20260508085407_1259_V.JPG", "camera": "v2 dji m3t 4000 3000 brown 0.6666", "focal": 0.7188884491448521, "width": 4000, "height": 3000, "capture_time": 1778230447.0, "translation": [342388.3273027763, 4703570.632827654, 26.508106109202394], "rotation": [2.0789723594642675, -1.2530529937920678, 0.4979777473891556]}, "geometry": {"type": "Point", "coordinates": [-70.91721147188787, 42.4684501641647, 26.508106109202394]}}, {"type": "Feature", "properties": {"filename": "DJI_20260508084052_0194_V.JPG", "camera": "v2 dji m3t 4000 3000 brown 0.6666", "focal": 0.7188884491448521, "width": 4000, "height": 3000, "capture_time": 1778229652.0, "translation": [342495.25955201365, 4703623.852352806, 26.44240779237251], "rotation": [-2.04912140469913, -2.3725501154900788, 0.011192706661653387]}, "geometry": {"type": "Point", "coordinates": [-70.91592605306057, 42.46895093295111, 26.44240779237251]}}, {"type": "Feature", "properties": {"filename": "DJI_20260508085301_1165_V.JPG", "camera": "v2 dji m3t 4000 3000 brown 0.6666", "focal": 0.7188884491448521, "width": 4000, "height": 3000, "capture_time": 1778230381.0, "translation": [342469.7977674716, 4703586.436044968, 26.43758677512659], "rotation": [2.0727693155091966, -1.251758452150517, 0.5124376960039654]}, "geometry": {"type": "Point", "coordinates": [-70.91622533213331, 42.46860897643552, 26.43758677512659]}}, {"type": "Feature", "properties": {"filename": "DJI_20260508085804_1576_V.JPG", "camera": "v2 dji m3t 4000 3000 brown 0.6666", "focal": 0.7188884491448521, "width": 4000, "height": 3000, "capture_time": 1778230684.0, "translation": [342434.24066735763, 4703628.065407841, 26.684261110576973], "rotation": [0.6562163918289409, -2.663149094332236, 1.096500864543111]}, "geometry": {"type": "Point", "coordinates": [-70.91666905542846, 42.46897644681145, 26.684261110576973]}}, {"type": "Feature", "properties": {"filename": "DJI_20260508085427_1287_V.JPG", "camera": "v2 dji m3t 4000 3000 brown 0.6666", "focal": 0.7188884491448521, "width": 4000, "height": 3000, "capture_time": 1778230467.0, "translation": [342423.14656824974, 4703595.072856311, 26.542189406503095], "rotation": [2.0633415972311155, -1.2535874933829805, 0.5045192049123155]}, "geometry": {"type": "Point", "coordinates": [-70.91679486969723, 42.46867722847641, 26.542189406503095]}}, {"type": "Feature", "properties": {"filename": "DJI_20260508084109_0219_V.JPG", "camera": "v2 dji m3t 4000 3000 brown 0.6666", "focal": 0.7188884491448521, "width": 4000, "height": 3000, "capture_time": 1778229669.0, "translation": [342394.606343921, 4703576.039629321, 26.3876284390466], "rotation": [-2.1756707360396446, -2.246351693855848, -0.0149131076494315]}, "geometry": {"type": "Point", "coordinates": [-70.9171366198667, 42.46850010745673, 26.3876284390466]}}, {"type": "Feature", "properties": {"filename": "DJI_20260508085638_1453_V.JPG", "camera": "v2 dji m3t 4000 3000 brown 0.6666", "focal": 0.7188884491448521, "width": 4000, "height": 3000, "capture_time": 1778230598.0, "translation": [342473.8036225102, 4703633.671625921, 26.623007346893957], "rotation": [0.6619866892459042, -2.6676810594787588, 1.0949201168442113]}, "geometry": {"type": "Point", "coordinates": [-70.91618960307619, 42.46903495285731, 26.623007346893957]}}, {"type": "Feature", "properties": {"filename": "DJI_20260508085330_1207_V.JPG", "camera": "v2 dji m3t 4000 3000 brown 0.6666", "focal": 0.7188884491448521, "width": 4000, "height": 3000, "capture_time": 1778230410.0, "translation": [342413.7178570163, 4703569.349555209, 26.490475710326606], "rotation": [2.0794175049342685, -1.2560256309812987, 0.5038187098401607]}, "geometry": {"type": "Point", "coordinates": [-70.91690243292015, 42.46844377839969, 26.490475710326606]}}, {"type": "Feature", "properties": {"filename": "DJI_20260508085424_1284_V.JPG", "camera": "v2 dji m3t 4000 3000 brown 0.6666", "focal": 0.7188884491448521, "width": 4000, "height": 3000, "capture_time": 1778230464.0, "translation": [342435.6523720023, 4703601.349271232, 26.496996977267365], "rotation": [2.063222568159063, -1.2497348264487707, 0.5066577763210022]}, "geometry": {"type": "Point", "coordinates": [-70.91664455355249, 42.46873626516641, 26.496996977267365]}}, {"type": "Feature", "properties": {"filename": "DJI_20260508085511_1350_V.JPG", "camera": "v2 dji m3t 4000 3000 brown 0.6666", "focal": 0.7188884491448521, "width": 4000, "height": 3000, "capture_time": 1778230511.0, "translation": [342391.8066338005, 4703593.442421319, 26.559819170476818], "rotation": [2.062418483689694, -1.2654914560001815, 0.5039982397437082]}, "geometry": {"type": "Point", "coordinates": [-70.91717543923497, 42.46865617833375, 26.559819170476818]}}, {"type": "Feature", "properties": {"filename": "DJI_20260508085733_1531_V.JPG", "camera": "v2 dji m3t 4000 3000 brown 0.6666", "focal": 0.7188884491448521, "width": 4000, "height": 3000, "capture_time": 1778230653.0, "translation": [342455.43178791384, 4703613.906246029, 26.607190735604267], "rotation": [0.6521416246879009, -2.665888912790193, 1.0964788847841873]}, "geometry": {"type": "Point", "coordinates": [-70.91640753249311, 42.46885331134275, 26.607190735604267]}}, {"type": "Feature", "properties": {"filename": "DJI_20260508085824_1604_V.JPG", "camera": "v2 dji m3t 4000 3000 brown 0.6666", "focal": 0.7188884491448521, "width": 4000, "height": 3000, "capture_time": 1778230704.0, "translation": [342440.12177552155, 4703602.259674203, 26.57566661798362], "rotation": [0.6630141696073928, -2.6719999639824374, 1.092388077405831]}, "geometry": {"type": "Point", "coordinates": [-70.91659046646564, 42.46874536853457, 26.57566661798362]}}, {"type": "Feature", "properties": {"filename": "DJI_20260508085647_1466_V.JPG", "camera": "v2 dji m3t 4000 3000 brown 0.6666", "focal": 0.7188884491448521, "width": 4000, "height": 3000, "capture_time": 1778230607.0, "translation": [342446.50518353115, 4703682.5998902125, 26.60964084750407], "rotation": [0.663822875233018, -2.6660501436783095, 1.084622844567477]}, "geometry": {"type": "Point", "coordinates": [-70.91653492772524, 42.46946979937539, 26.60964084750407]}}, {"type": "Feature", "properties": {"filename": "DJI_20260508085944_1719_V.JPG", "camera": "v2 dji m3t 4000 3000 brown 0.6666", "focal": 0.7188884491448521, "width": 4000, "height": 3000, "capture_time": 1778230784.0, "translation": [342389.35121951305, 4703619.108880512, 26.603811221624657], "rotation": [0.6704869039102257, -2.673642217387469, 1.0870425379480497]}, "geometry": {"type": "Point", "coordinates": [-70.91721234368421, 42.468886699486376, 26.603811221624657]}}, {"type": "Feature", "properties": {"filename": "DJI_20260508084640_0669_V.JPG", "camera": "v2 dji m3t 4000 3000 brown 0.6666", "focal": 0.7188884491448521, "width": 4000, "height": 3000, "capture_time": 1778230000.0, "translation": [342472.95849710377, 4703564.113954212, 26.55139362105933], "rotation": [1.347904272231798, 2.208299828069011, -0.9037453147865926]}, "geometry": {"type": "Point", "coordinates": [-70.91618077506493, 42.46840870055563, 26.55139362105933]}}, {"type": "Feature", "properties": {"filename": "DJI_20260508085506_1343_V.JPG", "camera": "v2 dji m3t 4000 3000 brown 0.6666", "focal": 0.7188884491448521, "width": 4000, "height": 3000, "capture_time": 1778230506.0, "translation": [342421.28766990657, 4703608.2947349185, 26.533506987325612], "rotation": [2.0618685821390748, -1.2588912638739562, 0.5052953333636327]}, "geometry": {"type": "Point", "coordinates": [-70.91682110173434, 42.46879585893526, 26.533506987325612]}}, {"type": "Feature", "properties": {"filename": "DJI_20260508085925_1692_V.JPG", "camera": "v2 dji m3t 4000 3000 brown 0.6666", "focal": 0.7188884491448521, "width": 4000, "height": 3000, "capture_time": 1778230765.0, "translation": [342414.34113052505, 4703583.923766466, 26.592048685703944], "rotation": [0.6633593959422776, -2.667681894369797, 1.0964379106295685]}, "geometry": {"type": "Point", "coordinates": [-70.91689885944187, 42.46857508589352, 26.592048685703944]}}, {"type": "Feature", "properties": {"filename": "DJI_20260508084221_0322_V.JPG", "camera": "v2 dji m3t 4000 3000 brown 0.6666", "focal": 0.7188884491448521, "width": 4000, "height": 3000, "capture_time": 1778229741.0, "translation": [342424.3930127223, 4703616.824673844, 26.513279291451905], "rotation": [-1.6763301852350516, -2.6381154629467516, -0.013704272915754132]}, "geometry": {"type": "Point", "coordinates": [-70.91678569155332, 42.46887326748245, 26.513279291451905]}}, {"type": "Feature", "properties": {"filename": "DJI_20260508085300_1164_V.JPG", "camera": "v2 dji m3t 4000 3000 brown 0.6666", "focal": 0.7188884491448521, "width": 4000, "height": 3000, "capture_time": 1778230380.0, "translation": [342469.7687185951, 4703584.765243309, 26.436748750519293], "rotation": [2.0733671868454477, -1.2512226522924814, 0.5112563790035851]}, "geometry": {"type": "Point", "coordinates": [-70.91622522643517, 42.46859393183881, 26.436748750519293]}}, {"type": "Feature", "properties": {"filename": "DJI_20260508085323_1196_V.JPG", "camera": "v2 dji m3t 4000 3000 brown 0.6666", "focal": 0.7188884491448521, "width": 4000, "height": 3000, "capture_time": 1778230403.0, "translation": [342368.78133411787, 4703546.725445494, 26.469000899294407], "rotation": [2.0881817745760918, -1.2532479095800855, 0.499370463405394]}, "geometry": {"type": "Point", "coordinates": [-70.91744253258388, 42.468231000251976, 26.469000899294407]}}, {"type": "Feature", "properties": {"filename": "DJI_20260508085815_1591_V.JPG", "camera": "v2 dji m3t 4000 3000 brown 0.6666", "focal": 0.7188884491448521, "width": 4000, "height": 3000, "capture_time": 1778230695.0, "translation": [342412.6768854303, 4703656.820017812, 26.570044287680517], "rotation": [0.6688470534339331, -2.6730090025602466, 1.0896990468006218]}, "geometry": {"type": "Point", "coordinates": [-70.91693912006322, 42.46923087771305, 26.570044287680517]}}, {"type": "Feature", "properties": {"filename": "DJI_20260508084033_0168_V.JPG", "camera": "v2 dji m3t 4000 3000 brown 0.6666", "focal": 0.7188884491448521, "width": 4000, "height": 3000, "capture_time": 1778229633.0, "translation": [342408.28317790653, 4703573.554590811, 26.442331332482098], "rotation": [-2.67879611725538, 1.6179649233445423, -0.02307598140038861]}, "geometry": {"type": "Point", "coordinates": [-70.9169696604817, 42.46848052199358, 26.442331332482098]}}, {"type": "Feature", "properties": {"filename": "DJI_20260508085754_1561_V.JPG", "camera": "v2 dji m3t 4000 3000 brown 0.6666", "focal": 0.7188884491448521, "width": 4000, "height": 3000, "capture_time": 1778230674.0, "translation": [342445.88289921597, 4703618.730259385, 26.56082013432757], "rotation": [0.6659503070226443, -2.671506123237999, 1.0907594360929262]}, "geometry": {"type": "Point", "coordinates": [-70.91652494923322, 42.468894789911694, 26.56082013432757]}}, {"type": "Feature", "properties": {"filename": "DJI_20260508085232_1123_V.JPG", "camera": "v2 dji m3t 4000 3000 brown 0.6666", "focal": 0.7188884491448521, "width": 4000, "height": 3000, "capture_time": 1778230352.0, "translation": [342432.84928234044, 4703557.934259271, 26.584344737300647], "rotation": [2.0685881519242697, -1.2498879374545517, 0.5040642833156043]}, "geometry": {"type": "Point", "coordinates": [-70.91666670629188, 42.468344921744894, 26.584344737300647]}}, {"type": "Feature", "properties": {"filename": "DJI_20260508085228_1118_V.JPG", "camera": "v2 dji m3t 4000 3000 brown 0.6666", "focal": 0.7188884491448521, "width": 4000, "height": 3000, "capture_time": 1778230348.0, "translation": [342454.00184414035, 4703568.482087687, 26.52740453245933], "rotation": [2.064777050061283, -1.2508138242663926, 0.5089381811577164]}, "geometry": {"type": "Point", "coordinates": [-70.91641244082146, 42.46844416307993, 26.52740453245933]}}, {"type": "Feature", "properties": {"filename": "DJI_20260508084645_0676_V.JPG", "camera": "v2 dji m3t 4000 3000 brown 0.6666", "focal": 0.7188884491448521, "width": 4000, "height": 3000, "capture_time": 1778230005.0, "translation": [342464.2627041641, 4703559.863364225, 26.463077912050224], "rotation": [1.3506068569862801, 2.2072237478111614, -0.9089354217386938]}, "geometry": {"type": "Point", "coordinates": [-70.91628532700787, 42.468368673399915, 26.463077912050224]}}, {"type": "Feature", "properties": {"filename": "DJI_20260508085716_1508_V.JPG", "camera": "v2 dji m3t 4000 3000 brown 0.6666", "focal": 0.7188884491448521, "width": 4000, "height": 3000, "capture_time": 1778230636.0, "translation": [342432.6782966047, 4703674.278594911, 26.586871680014614], "rotation": [0.6610343983126259, -2.669416844853815, 1.092368004465665]}, "geometry": {"type": "Point", "coordinates": [-70.91670074531311, 42.46939208839597, 26.586871680014614]}}, {"type": "Feature", "properties": {"filename": "DJI_20260508084938_0900_V.JPG", "camera": "v2 dji m3t 4000 3000 brown 0.6666", "focal": 0.7188884491448521, "width": 4000, "height": 3000, "capture_time": 1778230178.0, "translation": [342496.40964634594, 4703523.898628966, 26.637283123611834], "rotation": [2.3079720027388237, 0.5551770867660163, -0.23796620949197986]}, "geometry": {"type": "Point", "coordinates": [-70.9158846245561, 42.46805149479689, 26.637283123611834]}}, {"type": "Feature", "properties": {"filename": "DJI_20260508084231_0336_V.JPG", "camera": "v2 dji m3t 4000 3000 brown 0.6666", "focal": 0.7188884491448521, "width": 4000, "height": 3000, "capture_time": 1778229751.0, "translation": [342378.45780975657, 4703593.867322325, 26.564167154086235], "rotation": [-1.6662294168261151, -2.6608066379110036, -0.02159068065282594]}, "geometry": {"type": "Point", "coordinates": [-70.9173378452213, 42.468657287173606, 26.564167154086235]}}, {"type": "Feature", "properties": {"filename": "DJI_20260508084125_0242_V.JPG", "camera": "v2 dji m3t 4000 3000 brown 0.6666", "focal": 0.7188884491448521, "width": 4000, "height": 3000, "capture_time": 1778229685.0, "translation": [342475.25510169007, 4703621.23175714, 26.489562477823608], "rotation": [-2.650874655289216, 1.6664258593011954, 0.014636887042980865]}, "geometry": {"type": "Point", "coordinates": [-70.91616854012402, 42.468923278178146, 26.489562477823608]}}, {"type": "Feature", "properties": {"filename": "DJI_20260508084802_0763_V.JPG", "camera": "v2 dji m3t 4000 3000 brown 0.6666", "focal": 0.7188884491448521, "width": 4000, "height": 3000, "capture_time": 1778230082.0, "translation": [342431.8047470384, 4703563.046761868, 26.597903768697844], "rotation": [2.3069470293676284, 0.5433752785429589, -0.23213416467835565]}, "geometry": {"type": "Point", "coordinates": [-70.91668080963883, 42.46839072634133, 26.597903768697844]}}, {"type": "Feature", "properties": {"filename": "DJI_20260508084408_0451_V.JPG", "camera": "v2 dji m3t 4000 3000 brown 0.6666", "focal": 0.7188884491448521, "width": 4000, "height": 3000, "capture_time": 1778229848.0, "translation": [342435.6058983399, 4703601.150199288, 26.48841084154077], "rotation": [1.3462263026490247, 2.2129851899019273, -0.8979106563602778]}, "geometry": {"type": "Point", "coordinates": [-70.91664506387562, 42.468734463892154, 26.48841084154077]}}, {"type": "Feature", "properties": {"filename": "DJI_20260508084111_0222_V.JPG", "camera": "v2 dji m3t 4000 3000 brown 0.6666", "focal": 0.7188884491448521, "width": 4000, "height": 3000, "capture_time": 1778229671.0, "translation": [342394.2767850601, 4703580.523715894, 26.425449612610947], "rotation": [-3.033267405972579, 0.7715076108645386, -0.026526172620986263]}, "geometry": {"type": "Point", "coordinates": [-70.91714185856608, 42.4685404011343, 26.425449612610947]}}, {"type": "Feature", "properties": {"filename": "DJI_20260508085244_1141_V.JPG", "camera": "v2 dji m3t 4000 3000 brown 0.6666", "focal": 0.7188884491448521, "width": 4000, "height": 3000, "capture_time": 1778230364.0, "translation": [342377.22015081724, 4703536.94427809, 26.47098709935853], "rotation": [2.0855607663488764, -1.2488573099310962, 0.49834125774798615]}, "geometry": {"type": "Point", "coordinates": [-70.9173372500229, 42.468144678031905, 26.47098709935853]}}, {"type": "Feature", "properties": {"filename": "DJI_20260508084525_0562_V.JPG", "camera": "v2 dji m3t 4000 3000 brown 0.6666", "focal": 0.7188884491448521, "width": 4000, "height": 3000, "capture_time": 1778229925.0, "translation": [342454.56532724696, 4703582.826141054, 26.448986895112455], "rotation": [1.3459662409916793, 2.2080657155641847, -0.896572869295246]}, "geometry": {"type": "Point", "coordinates": [-70.9164095300076, 42.46857338679677, 26.448986895112455]}}, {"type": "Feature", "properties": {"filename": "DJI_20260508085340_1221_V.JPG", "camera": "v2 dji m3t 4000 3000 brown 0.6666", "focal": 0.7188884491448521, "width": 4000, "height": 3000, "capture_time": 1778230420.0, "translation": [342462.5484012496, 4703597.842376508, 26.45141266053883], "rotation": [2.0668951397139304, -1.252151439123319, 0.511501558499355]}, "geometry": {"type": "Point", "coordinates": [-70.91631659951419, 42.46871016945762, 26.45141266053883]}}, {"type": "Feature", "properties": {"filename": "DJI_20260508084139_0262_V.JPG", "camera": "v2 dji m3t 4000 3000 brown 0.6666", "focal": 0.7188884491448521, "width": 4000, "height": 3000, "capture_time": 1778229699.0, "translation": [342442.84607895603, 4703612.012456221, 26.49108793169779], "rotation": [-1.6785088055270094, -2.6388131904146888, -0.01126083677767]}, "geometry": {"type": "Point", "coordinates": [-70.9165600244476, 42.46883370619186, 26.49108793169779]}}, {"type": "Feature", "properties": {"filename": "DJI_20260508084413_0459_V.JPG", "camera": "v2 dji m3t 4000 3000 brown 0.6666", "focal": 0.7188884491448521, "width": 4000, "height": 3000, "capture_time": 1778229853.0, "translation": [342448.2219894045, 4703600.756309859, 26.44639460843628], "rotation": [1.3504396525529008, 2.211042942252373, -0.9071377606314994]}, "geometry": {"type": "Point", "coordinates": [-70.91649157444967, 42.46873348420012, 26.44639460843628]}}, {"type": "Feature", "properties": {"filename": "DJI_20260508084527_0565_V.JPG", "camera": "v2 dji m3t 4000 3000 brown 0.6666", "focal": 0.7188884491448521, "width": 4000, "height": 3000, "capture_time": 1778229927.0, "translation": [342449.98986704845, 4703577.3873132365, 26.398861047139768], "rotation": [1.3463095808874874, 2.20683987994934, -0.9006707552408093]}, "geometry": {"type": "Point", "coordinates": [-70.91646366254703, 42.46852350213229, 26.398861047139768]}}, {"type": "Feature", "properties": {"filename": "DJI_20260508084023_0153_V.JPG", "camera": "v2 dji m3t 4000 3000 brown 0.6666", "focal": 0.7188884491448521, "width": 4000, "height": 3000, "capture_time": 1778229623.0, "translation": [342441.76069855125, 4703583.622082466, 26.47204721214072], "rotation": [-1.6599916222721358, -2.6528455457498827, -0.015633789133972228]}, "geometry": {"type": "Point", "coordinates": [-70.91656542163902, 42.46857794708722, 26.47204721214072]}}, {"type": "Feature", "properties": {"filename": "DJI_20260508085827_1609_V.JPG", "camera": "v2 dji m3t 4000 3000 brown 0.6666", "focal": 0.7188884491448521, "width": 4000, "height": 3000, "capture_time": 1778230707.0, "translation": [342437.3569829258, 4703594.736015202, 26.552053855794114], "rotation": [0.6592486573276821, -2.6671658187117626, 1.0961897456772218]}, "geometry": {"type": "Point", "coordinates": [-70.9166220129768, 42.468677086706, 26.552053855794114]}}, {"type": "Feature", "properties": {"filename": "DJI_20260508084733_0721_V.JPG", "camera": "v2 dji m3t 4000 3000 brown 0.6666", "focal": 0.7188884491448521, "width": 4000, "height": 3000, "capture_time": 1778230053.0, "translation": [342418.80488859856, 4703560.539384491, 26.585862196032377], "rotation": [2.3061135061583995, 0.5478280607747122, -0.22630510760918315]}, "geometry": {"type": "Point", "coordinates": [-70.91683816683961, 42.468365513786885, 26.585862196032377]}}, {"type": "Feature", "properties": {"filename": "DJI_20260508085147_1060_V.JPG", "camera": "v2 dji m3t 4000 3000 brown 0.6666", "focal": 0.7188884491448521, "width": 4000, "height": 3000, "capture_time": 1778230307.0, "translation": [342475.8333615672, 4703565.272887693, 26.484258793204518], "rotation": [2.0654190870072893, -1.2571601549176368, 0.52473619454302]}, "geometry": {"type": "Point", "coordinates": [-70.91614614209061, 42.46841971649824, 26.484258793204518]}}, {"type": "Feature", "properties": {"filename": "DJI_20260508084112_0223_V.JPG", "camera": "v2 dji m3t 4000 3000 brown 0.6666", "focal": 0.7188884491448521, "width": 4000, "height": 3000, "capture_time": 1778229672.0, "translation": [342396.322606615, 4703581.595242303, 26.406718796822165], "rotation": [-2.699546713736912, 1.566433509456098, -0.026799951859351218]}, "geometry": {"type": "Point", "coordinates": [-70.9171172808121, 42.4685504619801, 26.406718796822165]}}, {"type": "Feature", "properties": {"filename": "DJI_20260508084408_0452_V.JPG", "camera": "v2 dji m3t 4000 3000 brown 0.6666", "focal": 0.7188884491448521, "width": 4000, "height": 3000, "capture_time": 1778229848.0, "translation": [342433.2087516347, 4703599.134492188, 26.467020088977698], "rotation": [1.3466787541287422, 2.2140538090570274, -0.9006217169606401]}, "geometry": {"type": "Point", "coordinates": [-70.9166736536778, 42.468715833236715, 26.467020088977698]}}, {"type": "Feature", "properties": {"filename": "DJI_20260508085412_1267_V.JPG", "camera": "v2 dji m3t 4000 3000 brown 0.6666", "focal": 0.7188884491448521, "width": 4000, "height": 3000, "capture_time": 1778230452.0, "translation": [342421.9083294588, 4703587.520854233, 26.403220118223917], "rotation": [2.07531280797865, -1.249580861259956, 0.5025253306449587]}, "geometry": {"type": "Point", "coordinates": [-70.91680784899441, 42.46860900196905, 26.403220118223917]}}, {"type": "Feature", "properties": {"filename": "DJI_20260508083952_0109_V.JPG", "camera": "v2 dji m3t 4000 3000 brown 0.6666", "focal": 0.7188884491448521, "width": 4000, "height": 3000, "capture_time": 1778229592.0, "translation": [342409.57143373456, 4703558.989454865, 26.447022138959547], "rotation": [2.9608345138617476, 1.045009252637492, 0.029067586721942304]}, "geometry": {"type": "Point", "coordinates": [-70.91694999686959, 42.46834968499768, 26.447022138959547]}}, {"type": "Feature", "properties": {"filename": "DJI_20260508085326_1201_V.JPG", "camera": "v2 dji m3t 4000 3000 brown 0.6666", "focal": 0.7188884491448521, "width": 4000, "height": 3000, "capture_time": 1778230406.0, "translation": [342388.5022641704, 4703556.729417521, 26.509014427538773], "rotation": [2.088034303460544, -1.2560148887273808, 0.5016470753080684]}, "geometry": {"type": "Point", "coordinates": [-70.91720552448992, 42.46832505685631, 26.509014427538773]}}, {"type": "Feature", "properties": {"filename": "DJI_20260508085756_1564_V.JPG", "camera": "v2 dji m3t 4000 3000 brown 0.6666", "focal": 0.7188884491448521, "width": 4000, "height": 3000, "capture_time": 1778230676.0, "translation": [342451.99886503315, 4703606.03003239, 26.58127880341464], "rotation": [0.663110092349136, -2.669957107626816, 1.0919178784440424]}, "geometry": {"type": "Point", "coordinates": [-70.91644710527866, 42.46878172039319, 26.58127880341464]}}, {"type": "Feature", "properties": {"filename": "DJI_20260508085318_1189_V.JPG", "camera": "v2 dji m3t 4000 3000 brown 0.6666", "focal": 0.7188884491448521, "width": 4000, "height": 3000, "capture_time": 1778230398.0, "translation": [342378.22090004827, 4703544.576304656, 26.59500198015319], "rotation": [2.0793490786779265, -1.2494759808973699, 0.49720495925904373]}, "geometry": {"type": "Point", "coordinates": [-70.91732718064551, 42.46821357656624, 26.59500198015319]}}, {"type": "Feature", "properties": {"filename": "DJI_20260508084017_0145_V.JPG", "camera": "v2 dji m3t 4000 3000 brown 0.6666", "focal": 0.7188884491448521, "width": 4000, "height": 3000, "capture_time": 1778229617.0, "translation": [342475.6459818135, 4703600.309353451, 26.43744660052882], "rotation": [-1.664857146202948, -2.6470122803395224, -0.002089208297643368]}, "geometry": {"type": "Point", "coordinates": [-70.91615804205844, 42.46873503754499, 26.43744660052882]}}, {"type": "Feature", "properties": {"filename": "DJI_20260508085907_1666_V.JPG", "camera": "v2 dji m3t 4000 3000 brown 0.6666", "focal": 0.7188884491448521, "width": 4000, "height": 3000, "capture_time": 1778230747.0, "translation": [342393.965871682, 4703651.427943578, 26.65135929516212], "rotation": [0.6603451899186942, -2.6648580044524164, 1.0903728164515925]}, "geometry": {"type": "Point", "coordinates": [-70.91716512096278, 42.469178538169956, 26.65135929516212]}}, {"type": "Feature", "properties": {"filename": "DJI_20260508085509_1347_V.JPG", "camera": "v2 dji m3t 4000 3000 brown 0.6666", "focal": 0.7188884491448521, "width": 4000, "height": 3000, "capture_time": 1778230509.0, "translation": [342404.33832245425, 4703599.820068586, 26.524774841397964], "rotation": [2.061143286320887, -1.2626781671345402, 0.5037048436956224]}, "geometry": {"type": "Point", "coordinates": [-70.91702483663194, 42.468716131960555, 26.524774841397964]}}, {"type": "Feature", "properties": {"filename": "DJI_20260508084150_0277_V.JPG", "camera": "v2 dji m3t 4000 3000 brown 0.6666", "focal": 0.7188884491448521, "width": 4000, "height": 3000, "capture_time": 1778229710.0, "translation": [342384.7820740991, 4703587.398311938, 26.53308632498299], "rotation": [-2.8935786949048583, -1.2153467614300413, -0.031999010056027594]}, "geometry": {"type": "Point", "coordinates": [-70.91725917996897, 42.46860034702021, 26.53308632498299]}}, {"type": "Feature", "properties": {"filename": "DJI_20260508083955_0113_V.JPG", "camera": "v2 dji m3t 4000 3000 brown 0.6666", "focal": 0.7188884491448521, "width": 4000, "height": 3000, "capture_time": 1778229595.0, "translation": [342418.81178368366, 4703564.810118242, 26.43637464680202], "rotation": [-2.6708505787537464, 1.6223526487042017, -0.026669219221459914]}, "geometry": {"type": "Point", "coordinates": [-70.9168392562747, 42.468403955551864, 26.43637464680202]}}, {"type": "Feature", "properties": {"filename": "DJI_20260508084141_0264_V.JPG", "camera": "v2 dji m3t 4000 3000 brown 0.6666", "focal": 0.7188884491448521, "width": 4000, "height": 3000, "capture_time": 1778229701.0, "translation": [342434.41880589817, 4703607.790090262, 26.472140124583085], "rotation": [-1.678224661320081, -2.640558007081722, -0.01490865450148161]}, "geometry": {"type": "Point", "coordinates": [-70.91666132003024, 42.46879398733463, 26.472140124583085]}}, {"type": "Feature", "properties": {"filename": "DJI_20260508085307_1173_V.JPG", "camera": "v2 dji m3t 4000 3000 brown 0.6666", "focal": 0.7188884491448521, "width": 4000, "height": 3000, "capture_time": 1778230387.0, "translation": [342445.9138573729, 4703578.450584027, 26.48252053870211], "rotation": [2.065230589551741, -1.2521470768384484, 0.5062250790269415]}, "geometry": {"type": "Point", "coordinates": [-70.91651350888215, 42.46853224363067, 26.48252053870211]}}, {"type": "Feature", "properties": {"filename": "DJI_20260508084706_0683_V.JPG", "camera": "v2 dji m3t 4000 3000 brown 0.6666", "focal": 0.7188884491448521, "width": 4000, "height": 3000, "capture_time": 1778230026.0, "translation": [342400.18230504077, 4703557.535775117, 26.632631614574336], "rotation": [2.3149008974702627, 0.5438996975688284, -0.21424244078517068]}, "geometry": {"type": "Point", "coordinates": [-70.91706374588989, 42.468334690767506, 26.632631614574336]}}, {"type": "Feature", "properties": {"filename": "DJI_20260508085347_1231_V.JPG", "camera": "v2 dji m3t 4000 3000 brown 0.6666", "focal": 0.7188884491448521, "width": 4000, "height": 3000, "capture_time": 1778230427.0, "translation": [342428.37040198175, 4703583.68076203, 26.567996950710317], "rotation": [2.0630396489536165, -1.2548468240860742, 0.5059171917899173]}, "geometry": {"type": "Point", "coordinates": [-70.91672823104454, 42.468575752046114, 26.567996950710317]}}, {"type": "Feature", "properties": {"filename": "DJI_20260508084504_0531_V.JPG", "camera": "v2 dji m3t 4000 3000 brown 0.6666", "focal": 0.7188884491448521, "width": 4000, "height": 3000, "capture_time": 1778229904.0, "translation": [342523.7317400331, 4703624.537873679, 26.54484072283363], "rotation": [1.3546055806721948, 2.210973473870734, -0.9054408016976644]}, "geometry": {"type": "Point", "coordinates": [-70.9155800867767, 42.468962891028454, 26.54484072283363]}}, {"type": "Feature", "properties": {"filename": "DJI_20260508083953_0110_V.JPG", "camera": "v2 dji m3t 4000 3000 brown 0.6666", "focal": 0.7188884491448521, "width": 4000, "height": 3000, "capture_time": 1778229593.0, "translation": [342410.31296668696, 4703560.305568331, 26.417799080611022], "rotation": [-3.120153235438457, 0.32150728741502255, -0.02785521914397795]}, "geometry": {"type": "Point", "coordinates": [-70.91694134325859, 42.46836168200632, 26.417799080611022]}}, {"type": "Feature", "properties": {"filename": "DJI_20260508085902_1659_V.JPG", "camera": "v2 dji m3t 4000 3000 brown 0.6666", "focal": 0.7188884491448521, "width": 4000, "height": 3000, "capture_time": 1778230742.0, "translation": [342408.9789703154, 4703622.289263255, 26.695925920855295], "rotation": [0.6579207964173007, -2.66324835055993, 1.0975032107521734]}, "geometry": {"type": "Point", "coordinates": [-70.9169745908706, 42.46891931840903, 26.695925920855295]}}, {"type": "Feature", "properties": {"filename": "DJI_20260508084025_0156_V.JPG", "camera": "v2 dji m3t 4000 3000 brown 0.6666", "focal": 0.7188884491448521, "width": 4000, "height": 3000, "capture_time": 1778229625.0, "translation": [342429.31157710904, 4703577.241052952, 26.438357774373337], "rotation": [-1.6622021350664176, -2.653412714307086, -0.01887140132182691]}, "geometry": {"type": "Point", "coordinates": [-70.91671501963249, 42.46851798041012, 26.438357774373337]}}, {"type": "Feature", "properties": {"filename": "DJI_20260508085516_1358_V.JPG", "camera": "v2 dji m3t 4000 3000 brown 0.6666", "focal": 0.7188884491448521, "width": 4000, "height": 3000, "capture_time": 1778230516.0, "translation": [342358.1787177505, 4703576.5887518935, 26.566105465197698], "rotation": [2.066259267914795, -1.267376483545477, 0.5059337693557884]}, "geometry": {"type": "Point", "coordinates": [-70.91757964095153, 42.468497638951845, 26.566105465197698]}}, {"type": "Feature", "properties": {"filename": "DJI_20260508084412_0457_V.JPG", "camera": "v2 dji m3t 4000 3000 brown 0.6666", "focal": 0.7188884491448521, "width": 4000, "height": 3000, "capture_time": 1778229852.0, "translation": [342440.5143802962, 4703596.987185551, 26.441172402627362], "rotation": [1.3491263976396137, 2.212053033673133, -0.9051268727177586]}, "geometry": {"type": "Point", "coordinates": [-70.91658424504678, 42.468697991334516, 26.441172402627362]}}, {"type": "Feature", "properties": {"filename": "DJI_20260508084728_0715_V.JPG", "camera": "v2 dji m3t 4000 3000 brown 0.6666", "focal": 0.7188884491448521, "width": 4000, "height": 3000, "capture_time": 1778230048.0, "translation": [342411.335615545, 4703563.160564296, 26.598217646996993], "rotation": [2.311775101489037, 0.5494947050052952, -0.223241064817018]}, "geometry": {"type": "Point", "coordinates": [-70.91692969475744, 42.46838758748985, 26.598217646996993]}}, {"type": "Feature", "properties": {"filename": "DJI_20260508084334_0403_V.JPG", "camera": "v2 dji m3t 4000 3000 brown 0.6666", "focal": 0.7188884491448521, "width": 4000, "height": 3000, "capture_time": 1778229814.0, "translation": [342443.80187359796, 4703612.661654311, 26.486356193070478], "rotation": [1.3444099676408918, 2.2094449026149214, -0.9114889670114705]}, "geometry": {"type": "Point", "coordinates": [-70.9165485825966, 42.46883974391982, 26.486356193070478]}}, {"type": "Feature", "properties": {"filename": "DJI_20260508084524_0560_V.JPG", "camera": "v2 dji m3t 4000 3000 brown 0.6666", "focal": 0.7188884491448521, "width": 4000, "height": 3000, "capture_time": 1778229924.0, "translation": [342463.100421838, 4703587.110802029, 26.20939471688517], "rotation": [1.3479401197887044, 2.19824148422625, -0.9068419881960444]}, "geometry": {"type": "Point", "coordinates": [-70.91630694087013, 42.468613688062995, 26.20939471688517]}}, {"type": "Feature", "properties": {"filename": "DJI_20260508085912_1673_V.JPG", "camera": "v2 dji m3t 4000 3000 brown 0.6666", "focal": 0.7188884491448521, "width": 4000, "height": 3000, "capture_time": 1778230752.0, "translation": [342390.85344303766, 4703644.441618753, 26.60319430867709], "rotation": [0.6680957519946792, -2.6737868595976515, 1.0855598946553]}, "geometry": {"type": "Point", "coordinates": [-70.91720104113193, 42.4691150219546, 26.60319430867709]}}, {"type": "Feature", "properties": {"filename": "DJI_20260508085613_1418_V.JPG", "camera": "v2 dji m3t 4000 3000 brown 0.6666", "focal": 0.7188884491448521, "width": 4000, "height": 3000, "capture_time": 1778230573.0, "translation": [342475.6726097766, 4703657.975918865, 26.654345433644295], "rotation": [0.6654430018304158, -2.66287013973316, 1.0894621691358044]}, "geometry": {"type": "Point", "coordinates": [-70.91617355534652, 42.469254092951026, 26.654345433644295]}}, {"type": "Feature", "properties": {"filename": "DJI_20260508084728_0714_V.JPG", "camera": "v2 dji m3t 4000 3000 brown 0.6666", "focal": 0.7188884491448521, "width": 4000, "height": 3000, "capture_time": 1778230048.0, "translation": [342412.56981724437, 4703559.416368196, 26.5605405066663], "rotation": [2.312755715903908, 0.5494958349699484, -0.2239196353455212]}, "geometry": {"type": "Point", "coordinates": [-70.9169136612772, 42.46835413746795, 26.5605405066663]}}, {"type": "Feature", "properties": {"filename": "DJI_20260508084508_0537_V.JPG", "camera": "v2 dji m3t 4000 3000 brown 0.6666", "focal": 0.7188884491448521, "width": 4000, "height": 3000, "capture_time": 1778229908.0, "translation": [342545.2719189101, 4703632.760631886, 26.488007247441907], "rotation": [1.3554313485273355, 2.213237030357315, -0.8966349632619683]}, "geometry": {"type": "Point", "coordinates": [-70.9153204662613, 42.46904128110812, 26.488007247441907]}}, {"type": "Feature", "properties": {"filename": "DJI_20260508085220_1106_V.JPG", "camera": "v2 dji m3t 4000 3000 brown 0.6666", "focal": 0.7188884491448521, "width": 4000, "height": 3000, "capture_time": 1778230340.0, "translation": [342466.43109016266, 4703567.707481755, 26.447517452538087], "rotation": [2.071937251645818, -1.2562315542820843, 0.5093969329367223]}, "geometry": {"type": "Point", "coordinates": [-70.91626111911273, 42.468439718285886, 26.447517452538087]}}, {"type": "Feature", "properties": {"filename": "DJI_20260508084210_0306_V.JPG", "camera": "v2 dji m3t 4000 3000 brown 0.6666", "focal": 0.7188884491448521, "width": 4000, "height": 3000, "capture_time": 1778229730.0, "translation": [342485.17596937146, 4703645.019406138, 26.489562422043925], "rotation": [-3.080046712396762, -0.6145109546866185, 0.010761738936283103]}, "geometry": {"type": "Point", "coordinates": [-70.9160544583518, 42.46913940510113, 26.489562422043925]}}, {"type": "Feature", "properties": {"filename": "DJI_20260508084332_0400_V.JPG", "camera": "v2 dji m3t 4000 3000 brown 0.6666", "focal": 0.7188884491448521, "width": 4000, "height": 3000, "capture_time": 1778229812.0, "translation": [342431.8732829293, 4703606.688959939, 26.47178608659015], "rotation": [1.338822308505342, 2.212921951084531, -0.9080201573098803]}, "geometry": {"type": "Point", "coordinates": [-70.91669196499045, 42.46878355849462, 26.47178608659015]}}, {"type": "Feature", "properties": {"filename": "DJI_20260508085419_1277_V.JPG", "camera": "v2 dji m3t 4000 3000 brown 0.6666", "focal": 0.7188884491448521, "width": 4000, "height": 3000, "capture_time": 1778230459.0, "translation": [342456.1575975045, 4703607.824802504, 26.428111965544378], "rotation": [2.0711388464247804, -1.2470997477196677, 0.508423522051993]}, "geometry": {"type": "Point", "coordinates": [-70.91639703803723, 42.468798720579876, 26.428111965544378]}}, {"type": "Feature", "properties": {"filename": "DJI_20260508085420_1278_V.JPG", "camera": "v2 dji m3t 4000 3000 brown 0.6666", "focal": 0.7188884491448521, "width": 4000, "height": 3000, "capture_time": 1778230460.0, "translation": [342454.8761475756, 4703609.282525732, 26.443420982464033], "rotation": [2.0696288314686067, -1.2465213702703681, 0.5071568885115976]}, "geometry": {"type": "Point", "coordinates": [-70.91641301777906, 42.46881158079523, 26.443420982464033]}}, {"type": "Feature", "properties": {"filename": "DJI_20260508084147_0273_V.JPG", "camera": "v2 dji m3t 4000 3000 brown 0.6666", "focal": 0.7188884491448521, "width": 4000, "height": 3000, "capture_time": 1778229707.0, "translation": [342396.20927153743, 4703588.702603613, 26.514064061849357], "rotation": [-1.6899864304654981, -2.6385245995092825, -0.0238043311052481]}, "geometry": {"type": "Point", "coordinates": [-70.91712061153297, 42.468614411419765, 26.514064061849357]}}, {"type": "Feature", "properties": {"filename": "DJI_20260508085401_1250_V.JPG", "camera": "v2 dji m3t 4000 3000 brown 0.6666", "focal": 0.7188884491448521, "width": 4000, "height": 3000, "capture_time": 1778230441.0, "translation": [342357.09328403184, 4703554.044507518, 26.555034825743924], "rotation": [2.075529398544098, -1.257411333386823, 0.4977497588499422]}, "geometry": {"type": "Point", "coordinates": [-70.91758664133354, 42.468294500145696, 26.555034825743924]}}, {"type": "Feature", "properties": {"filename": "DJI_20260508084704_0680_V.JPG", "camera": "v2 dji m3t 4000 3000 brown 0.6666", "focal": 0.7188884491448521, "width": 4000, "height": 3000, "capture_time": 1778230024.0, "translation": [342404.2913762382, 4703547.849900376, 26.425296350156607], "rotation": [2.313116086135169, 0.5483661475263136, -0.21461190868964267]}, "geometry": {"type": "Point", "coordinates": [-70.91701112867842, 42.46824834521369, 26.425296350156607]}}, {"type": "Feature", "properties": {"filename": "DJI_20260508084040_0177_V.JPG", "camera": "v2 dji m3t 4000 3000 brown 0.6666", "focal": 0.7188884491448521, "width": 4000, "height": 3000, "capture_time": 1778229640.0, "translation": [342446.2805828775, 4703592.750836255, 26.460375264119083], "rotation": [-2.653147523246931, 1.6497636529764679, -0.011134671816848086]}, "geometry": {"type": "Point", "coordinates": [-70.91651297834281, 42.46866103308306, 26.460375264119083]}}, {"type": "Feature", "properties": {"filename": "DJI_20260508085602_1402_V.JPG", "camera": "v2 dji m3t 4000 3000 brown 0.6666", "focal": 0.7188884491448521, "width": 4000, "height": 3000, "capture_time": 1778230562.0, "translation": [342490.23284374323, 4703642.911166929, 26.623308094974785], "rotation": [0.6644864334919287, -2.6724485315786723, 1.0807872357443327]}, "geometry": {"type": "Point", "coordinates": [-70.91599239960458, 42.469121457188216, 26.623308094974785]}}, {"type": "Feature", "properties": {"filename": "DJI_20260508085648_1467_V.JPG", "camera": "v2 dji m3t 4000 3000 brown 0.6666", "focal": 0.7188884491448521, "width": 4000, "height": 3000, "capture_time": 1778230608.0, "translation": [342444.7332850465, 4703681.60735815, 26.66822399426913], "rotation": [0.6656510667934571, -2.668272083673696, 1.0834886367490641]}, "geometry": {"type": "Point", "coordinates": [-70.91655619734848, 42.469460505372204, 26.66822399426913]}}, {"type": "Feature", "properties": {"filename": "DJI_20260508084407_0450_V.JPG", "camera": "v2 dji m3t 4000 3000 brown 0.6666", "focal": 0.7188884491448521, "width": 4000, "height": 3000, "capture_time": 1778229847.0, "translation": [342439.65787888976, 4703603.494307596, 26.41279109969829], "rotation": [1.347097901147145, 2.213777783682963, -0.8970923295739809]}, "geometry": {"type": "Point", "coordinates": [-70.91659644547217, 42.46875638698145, 26.41279109969829]}}, {"type": "Feature", "properties": {"filename": "DJI_20260508085421_1279_V.JPG", "camera": "v2 dji m3t 4000 3000 brown 0.6666", "focal": 0.7188884491448521, "width": 4000, "height": 3000, "capture_time": 1778230461.0, "translation": [342452.9471234822, 4703609.589212643, 26.43693494183183], "rotation": [2.0691756488346758, -1.2455846280272183, 0.5064185713608139]}, "geometry": {"type": "Point", "coordinates": [-70.91643655432604, 42.46881394898237, 26.43693494183183]}}, {"type": "Feature", "properties": {"filename": "DJI_20260508084145_0270_V.JPG", "camera": "v2 dji m3t 4000 3000 brown 0.6666", "focal": 0.7188884491448521, "width": 4000, "height": 3000, "capture_time": 1778229705.0, "translation": [342409.05552689824, 4703594.997331559, 26.464736338292834], "rotation": [-1.6886532510631906, -2.63821106573104, -0.022500462438644793]}, "geometry": {"type": "Point", "coordinates": [-70.91696616182448, 42.468673682612, 26.464736338292834]}}, {"type": "Feature", "properties": {"filename": "DJI_20260508084316_0377_V.JPG", "camera": "v2 dji m3t 4000 3000 brown 0.6666", "focal": 0.7188884491448521, "width": 4000, "height": 3000, "capture_time": 1778229796.0, "translation": [342499.2921243042, 4703647.359156916, 26.551996329197774], "rotation": [1.3454029867845954, 2.2257221337155846, -0.8962337334971029]}, "geometry": {"type": "Point", "coordinates": [-70.91588348126922, 42.46916333476951, 26.551996329197774]}}, {"type": "Feature", "properties": {"filename": "DJI_20260508084202_0294_V.JPG", "camera": "v2 dji m3t 4000 3000 brown 0.6666", "focal": 0.7188884491448521, "width": 4000, "height": 3000, "capture_time": 1778229722.0, "translation": [342445.8896098899, 4703620.531799069, 26.50606397567708], "rotation": [-2.6410446249632544, 1.6713564728181796, 0.0016800285933293048]}, "geometry": {"type": "Point", "coordinates": [-70.91652536249705, 42.46891100672063, 26.50606397567708]}}, {"type": "Feature", "properties": {"filename": "DJI_20260508084619_0639_V.JPG", "camera": "v2 dji m3t 4000 3000 brown 0.6666", "focal": 0.7188884491448521, "width": 4000, "height": 3000, "capture_time": 1778229979.0, "translation": [342531.33608265914, 4703600.373619098, 26.52220278720756], "rotation": [1.3561393894640807, 2.205687158156657, -0.9024755715304064]}, "geometry": {"type": "Point", "coordinates": [-70.91548100206282, 42.468746936937556, 26.52220278720756]}}, {"type": "Feature", "properties": {"filename": "DJI_20260508085511_1351_V.JPG", "camera": "v2 dji m3t 4000 3000 brown 0.6666", "focal": 0.7188884491448521, "width": 4000, "height": 3000, "capture_time": 1778230511.0, "translation": [342387.5343621622, 4703591.311075809, 26.5499290191301], "rotation": [2.0628089878363216, -1.2663047169757127, 0.5039596954895144]}, "geometry": {"type": "Point", "coordinates": [-70.91722679401668, 42.468636125241325, 26.5499290191301]}}, {"type": "Feature", "properties": {"filename": "DJI_20260508085426_1286_V.JPG", "camera": "v2 dji m3t 4000 3000 brown 0.6666", "focal": 0.7188884491448521, "width": 4000, "height": 3000, "capture_time": 1778230466.0, "translation": [342427.243665744, 4703597.0972389495, 26.51949702458702], "rotation": [2.0628552308919104, -1.2523353350188702, 0.5051564456279007]}, "geometry": {"type": "Point", "coordinates": [-70.91674561504696, 42.46869628299115, 26.51949702458702]}}, {"type": "Feature", "properties": {"filename": "DJI_20260508085109_1030_V.JPG", "camera": "v2 dji m3t 4000 3000 brown 0.6666", "focal": 0.7188884491448521, "width": 4000, "height": 3000, "capture_time": 1778230269.0, "translation": [342515.56130778196, 4703578.810333027, 26.6393295426492], "rotation": [2.3126487236068374, 0.5529730963653225, -0.22679443561273524]}, "geometry": {"type": "Point", "coordinates": [-70.91566686507275, 42.468549641896, 26.6393295426492]}}, {"type": "Feature", "properties": {"filename": "DJI_20260508085457_1331_V.JPG", "camera": "v2 dji m3t 4000 3000 brown 0.6666", "focal": 0.7188884491448521, "width": 4000, "height": 3000, "capture_time": 1778230497.0, "translation": [342444.407662136, 4703612.880172466, 26.488406093376906], "rotation": [2.0713856279620724, -1.2583133626418317, 0.5101563324362748]}, "geometry": {"type": "Point", "coordinates": [-70.91654127768027, 42.468841833970124, 26.488406093376906]}}, {"type": "Feature", "properties": {"filename": "DJI_20260508085255_1156_V.JPG", "camera": "v2 dji m3t 4000 3000 brown 0.6666", "focal": 0.7188884491448521, "width": 4000, "height": 3000, "capture_time": 1778230375.0, "translation": [342439.36201152677, 4703568.226792498, 26.46400345777451], "rotation": [2.079163142419997, -1.2532277980913316, 0.5053288004117276]}, "geometry": {"type": "Point", "coordinates": [-70.91659035492185, 42.46843888810228, 26.46400345777451]}}, {"type": "Feature", "properties": {"filename": "DJI_20260508084801_0762_V.JPG", "camera": "v2 dji m3t 4000 3000 brown 0.6666", "focal": 0.7188884491448521, "width": 4000, "height": 3000, "capture_time": 1778230081.0, "translation": [342429.7939677351, 4703566.945612652, 26.595687538938627], "rotation": [2.307338742457351, 0.5435935988029033, -0.231112524171849]}, "geometry": {"type": "Point", "coordinates": [-70.91670632675316, 42.46842541048827, 26.595687538938627]}}, {"type": "Feature", "properties": {"filename": "DJI_20260508084539_0582_V.JPG", "camera": "v2 dji m3t 4000 3000 brown 0.6666", "focal": 0.7188884491448521, "width": 4000, "height": 3000, "capture_time": 1778229939.0, "translation": [342513.43260311586, 4703605.381133167, 26.508676983318438], "rotation": [1.3566146391995377, 2.205224744218523, -0.9072315849994659]}, "geometry": {"type": "Point", "coordinates": [-70.91570004021618, 42.46878836993111, 26.508676983318438]}}, {"type": "Feature", "properties": {"filename": "DJI_20260508084710_0689_V.JPG", "camera": "v2 dji m3t 4000 3000 brown 0.6666", "focal": 0.7188884491448521, "width": 4000, "height": 3000, "capture_time": 1778230030.0, "translation": [342407.4895430099, 4703555.2676554965, 26.588900729862807], "rotation": [2.312540348136078, 0.5433793169844767, -0.2242301940946676]}, "geometry": {"type": "Point", "coordinates": [-70.91697428494848, 42.468315762064236, 26.588900729862807]}}, {"type": "Feature", "properties": {"filename": "DJI_20260508085810_1585_V.JPG", "camera": "v2 dji m3t 4000 3000 brown 0.6666", "focal": 0.7188884491448521, "width": 4000, "height": 3000, "capture_time": 1778230690.0, "translation": [342414.73259970744, 4703664.831263492, 26.671756377400825], "rotation": [0.6639362547020373, -2.6636747378003234, 1.0942653108172449]}, "geometry": {"type": "Point", "coordinates": [-70.91691632836154, 42.46930340410127, 26.671756377400825]}}, {"type": "Feature", "properties": {"filename": "DJI_20260508085325_1199_V.JPG", "camera": "v2 dji m3t 4000 3000 brown 0.6666", "focal": 0.7188884491448521, "width": 4000, "height": 3000, "capture_time": 1778230405.0, "translation": [342379.95420747146, 4703552.497577806, 26.510138370449265], "rotation": [2.089719424940016, -1.2557689454558727, 0.500597965198496]}, "geometry": {"type": "Point", "coordinates": [-70.91730828465776, 42.468285227605094, 26.510138370449265]}}, {"type": "Feature", "properties": {"filename": "DJI_20260508084914_0866_V.JPG", "camera": "v2 dji m3t 4000 3000 brown 0.6666", "focal": 0.7188884491448521, "width": 4000, "height": 3000, "capture_time": 1778230154.0, "translation": [342481.83848390647, 4703533.8731925, 26.7473653939267], "rotation": [2.3133204722684675, 0.5545378444294329, -0.23058097113698836]}, "geometry": {"type": "Point", "coordinates": [-70.91606451196078, 42.46813831239989, 26.7473653939267]}}, {"type": "Feature", "properties": {"filename": "DJI_20260508084218_0317_V.JPG", "camera": "v2 dji m3t 4000 3000 brown 0.6666", "focal": 0.7188884491448521, "width": 4000, "height": 3000, "capture_time": 1778229738.0, "translation": [342445.6705663958, 4703627.490929008, 26.541917474591976], "rotation": [-1.67369934784291, -2.6347606096049185, -0.004537275028188854]}, "geometry": {"type": "Point", "coordinates": [-70.91652993709585, 42.46897360047553, 26.541917474591976]}}, {"type": "Feature", "properties": {"filename": "DJI_20260508084146_0272_V.JPG", "camera": "v2 dji m3t 4000 3000 brown 0.6666", "focal": 0.7188884491448521, "width": 4000, "height": 3000, "capture_time": 1778229706.0, "translation": [342400.7261503441, 4703590.891483646, 26.500691172832692], "rotation": [-1.6902175580573253, -2.6379491769203356, -0.024058098204771172]}, "geometry": {"type": "Point", "coordinates": [-70.91706629871364, 42.46863503208345, 26.500691172832692]}}, {"type": "Feature", "properties": {"filename": "DJI_20260508085847_1637_V.JPG", "camera": "v2 dji m3t 4000 3000 brown 0.6666", "focal": 0.7188884491448521, "width": 4000, "height": 3000, "capture_time": 1778230727.0, "translation": [342412.4447901518, 4703629.134485626, 26.58020158802865], "rotation": [0.6620414535497406, -2.6718028086637444, 1.0924630402598823]}, "geometry": {"type": "Point", "coordinates": [-70.91693433540748, 42.468981636392925, 26.58020158802865]}}, {"type": "Feature", "properties": {"filename": "DJI_20260508084215_0313_V.JPG", "camera": "v2 dji m3t 4000 3000 brown 0.6666", "focal": 0.7188884491448521, "width": 4000, "height": 3000, "capture_time": 1778229735.0, "translation": [342462.6682533669, 4703635.952863968, 26.480434749470426], "rotation": [-1.673767916307468, -2.6358798203978044, 0.0030064716606646234]}, "geometry": {"type": "Point", "coordinates": [-70.91632560952245, 42.46905322183168, 26.480434749470426]}}, {"type": "Feature", "properties": {"filename": "DJI_20260508084857_0841_V.JPG", "camera": "v2 dji m3t 4000 3000 brown 0.6666", "focal": 0.7188884491448521, "width": 4000, "height": 3000, "capture_time": 1778230137.0, "translation": [342448.2809814099, 4703583.572695792, 26.568114025367336], "rotation": [2.30699013598012, 0.5476669324849923, -0.2272389098107986]}, "geometry": {"type": "Point", "coordinates": [-70.91648613735904, 42.46857882852166, 26.568114025367336]}}, {"type": "Feature", "properties": {"filename": "DJI_20260508084124_0240_V.JPG", "camera": "v2 dji m3t 4000 3000 brown 0.6666", "focal": 0.7188884491448521, "width": 4000, "height": 3000, "capture_time": 1778229684.0, "translation": [342466.93268983456, 4703617.0434228415, 26.486807815759377], "rotation": [-2.6482605775244994, 1.6652549733152906, 0.008831592814414778]}, "geometry": {"type": "Point", "coordinates": [-70.9162685705935, 42.46888388729655, 26.486807815759377]}}, {"type": "Feature", "properties": {"filename": "DJI_20260508084922_0877_V.JPG", "camera": "v2 dji m3t 4000 3000 brown 0.6666", "focal": 0.7188884491448521, "width": 4000, "height": 3000, "capture_time": 1778230162.0, "translation": [342458.64581691124, 4703579.83212883, 26.59851937079133], "rotation": [2.3097901011165263, 0.5521931699633368, -0.23044199206112212]}, "geometry": {"type": "Point", "coordinates": [-70.91635909890002, 42.46854726778798, 26.59851937079133]}}, {"type": "Feature", "properties": {"filename": "DJI_20260508085946_1721_V.JPG", "camera": "v2 dji m3t 4000 3000 brown 0.6666", "focal": 0.7188884491448521, "width": 4000, "height": 3000, "capture_time": 1778230786.0, "translation": [342393.5200002963, 4703610.806087411, 26.646346093969598], "rotation": [0.6699867355100384, -2.6731634619768636, 1.0882870570532222]}, "geometry": {"type": "Point", "coordinates": [-70.91715937988684, 42.46881281511739, 26.646346093969598]}}, {"type": "Feature", "properties": {"filename": "DJI_20260508085242_1138_V.JPG", "camera": "v2 dji m3t 4000 3000 brown 0.6666", "focal": 0.7188884491448521, "width": 4000, "height": 3000, "capture_time": 1778230362.0, "translation": [342374.3013179233, 4703532.884848302, 26.519066398544012], "rotation": [2.0822953967877162, -1.2478605620115304, 0.4982402814048319]}, "geometry": {"type": "Point", "coordinates": [-70.917371620127, 42.46810754577801, 26.519066398544012]}}, {"type": "Feature", "properties": {"filename": "DJI_20260508084327_0393_V.JPG", "camera": "v2 dji m3t 4000 3000 brown 0.6666", "focal": 0.7188884491448521, "width": 4000, "height": 3000, "capture_time": 1778229807.0, "translation": [342431.847941553, 4703613.507341461, 26.458329694499223], "rotation": [1.337683116631886, 2.2155206013812054, -0.9007001205797164]}, "geometry": {"type": "Point", "coordinates": [-70.9166941461224, 42.46884492477615, 26.458329694499223]}}, {"type": "Feature", "properties": {"filename": "DJI_20260508084148_0275_V.JPG", "camera": "v2 dji m3t 4000 3000 brown 0.6666", "focal": 0.7188884491448521, "width": 4000, "height": 3000, "capture_time": 1778229708.0, "translation": [342388.4016073953, 4703585.724397598, 26.58344257543941], "rotation": [-1.6695434331701229, -2.6514812694398087, -0.022402139435344866]}, "geometry": {"type": "Point", "coordinates": [-70.91721471533329, 42.46858601665977, 26.58344257543941]}}, {"type": "Feature", "properties": {"filename": "DJI_20260508084300_0355_V.JPG", "camera": "v2 dji m3t 4000 3000 brown 0.6666", "focal": 0.7188884491448521, "width": 4000, "height": 3000, "capture_time": 1778229780.0, "translation": [342476.3552069943, 4703643.026729241, 26.61689570317485], "rotation": [1.353363385128546, 2.216915482547764, -0.9123759605566601]}, "geometry": {"type": "Point", "coordinates": [-70.91616115100892, 42.469119675841085, 26.61689570317485]}}, {"type": "Feature", "properties": {"filename": "DJI_20260508085620_1428_V.JPG", "camera": "v2 dji m3t 4000 3000 brown 0.6666", "focal": 0.7188884491448521, "width": 4000, "height": 3000, "capture_time": 1778230580.0, "translation": [342455.47687935876, 4703686.593754489, 26.70734464936412], "rotation": [0.6754007814663923, -2.665104316514679, 1.0890923686923133]}, "geometry": {"type": "Point", "coordinates": [-70.91642694927087, 42.46950757213319, 26.70734464936412]}}, {"type": "Feature", "properties": {"filename": "DJI_20260508085102_1020_V.JPG", "camera": "v2 dji m3t 4000 3000 brown 0.6666", "focal": 0.7188884491448521, "width": 4000, "height": 3000, "capture_time": 1778230262.0, "translation": [342531.20995531627, 4703543.73159143, 26.627233915562268], "rotation": [2.309584765000415, 0.5562468281675949, -0.2342403290193703]}, "geometry": {"type": "Point", "coordinates": [-70.91546698569798, 42.46823708280347, 26.627233915562268]}}, {"type": "Feature", "properties": {"filename": "DJI_20260508084452_0514_V.JPG", "camera": "v2 dji m3t 4000 3000 brown 0.6666", "focal": 0.7188884491448521, "width": 4000, "height": 3000, "capture_time": 1778229892.0, "translation": [342451.8185052587, 4703588.604909785, 26.417398839200295], "rotation": [1.3488436979045955, 2.20958740707258, -0.9165371304481782]}, "geometry": {"type": "Point", "coordinates": [-70.91644451188994, 42.46862484224967, 26.417398839200295]}}, {"type": "Feature", "properties": {"filename": "DJI_20260508085342_1224_V.JPG", "camera": "v2 dji m3t 4000 3000 brown 0.6666", "focal": 0.7188884491448521, "width": 4000, "height": 3000, "capture_time": 1778230422.0, "translation": [342456.68274781946, 4703597.748030266, 26.406488688421945], "rotation": [2.064510644784928, -1.2520043101867815, 0.5102615362165231]}, "geometry": {"type": "Point", "coordinates": [-70.91638788577673, 42.46870812752995, 26.406488688421945]}}, {"type": "Feature", "properties": {"filename": "DJI_20260508085417_1274_V.JPG", "camera": "v2 dji m3t 4000 3000 brown 0.6666", "focal": 0.7188884491448521, "width": 4000, "height": 3000, "capture_time": 1778230457.0, "translation": [342451.3124894495, 4703602.377798444, 26.46514333654807], "rotation": [2.074093814186399, -1.2479621453412115, 0.5073005300106459]}, "geometry": {"type": "Point", "coordinates": [-70.91645444679715, 42.46874870749228, 26.46514333654807]}}, {"type": "Feature", "properties": {"filename": "DJI_20260508085502_1337_V.JPG", "camera": "v2 dji m3t 4000 3000 brown 0.6666", "focal": 0.7188884491448521, "width": 4000, "height": 3000, "capture_time": 1778230502.0, "translation": [342444.3890560506, 4703619.6573482985, 26.45830137274447], "rotation": [2.0668701102692584, -1.2553037588177953, 0.505903971016916]}, "geometry": {"type": "Point", "coordinates": [-70.91654336546546, 42.468902830739026, 26.45830137274447]}}, {"type": "Feature", "properties": {"filename": "DJI_20260508084546_0591_V.JPG", "camera": "v2 dji m3t 4000 3000 brown 0.6666", "focal": 0.7188884491448521, "width": 4000, "height": 3000, "capture_time": 1778229946.0, "translation": [342550.1862548218, 4703622.724155395, 26.463102972169644], "rotation": [1.3601843250521513, 2.2104891891028964, -0.9015152418623639]}, "geometry": {"type": "Point", "coordinates": [-70.91525796443197, 42.46895194265169, 26.463102972169644]}}, {"type": "Feature", "properties": {"filename": "DJI_20260508084229_0333_V.JPG", "camera": "v2 dji m3t 4000 3000 brown 0.6666", "focal": 0.7188884491448521, "width": 4000, "height": 3000, "capture_time": 1778229749.0, "translation": [342380.84573987516, 4703594.972834977, 26.521080060751228], "rotation": [-1.6659736955072395, -2.658650824344276, -0.020220907931066557]}, "geometry": {"type": "Point", "coordinates": [-70.91730911758576, 42.46866772356701, 26.521080060751228]}}, {"type": "Feature", "properties": {"filename": "DJI_20260508085457_1330_V.JPG", "camera": "v2 dji m3t 4000 3000 brown 0.6666", "focal": 0.7188884491448521, "width": 4000, "height": 3000, "capture_time": 1778230497.0, "translation": [342439.9846556239, 4703610.6311055655, 26.455836874046526], "rotation": [2.0707515910594543, -1.2592248117229536, 0.5092789715592879]}, "geometry": {"type": "Point", "coordinates": [-70.91659443306256, 42.46882069090478, 26.455836874046526]}}, {"type": "Feature", "properties": {"filename": "DJI_20260508084446_0506_V.JPG", "camera": "v2 dji m3t 4000 3000 brown 0.6666", "focal": 0.7188884491448521, "width": 4000, "height": 3000, "capture_time": 1778229886.0, "translation": [342448.51624690683, 4703593.975307444, 26.403739935928108], "rotation": [1.3413804795711175, 2.215188021892454, -0.9055672490272096]}, "geometry": {"type": "Point", "coordinates": [-70.91648613442226, 42.46867250904, 26.403739935928108]}}, {"type": "Feature", "properties": {"filename": "DJI_20260508084732_0720_V.JPG", "camera": "v2 dji m3t 4000 3000 brown 0.6666", "focal": 0.7188884491448521, "width": 4000, "height": 3000, "capture_time": 1778230052.0, "translation": [342417.24372263165, 4703563.435910727, 26.57310743605446], "rotation": [2.3075876401911177, 0.5482260424840915, -0.22487887416809507]}, "geometry": {"type": "Point", "coordinates": [-70.91685794248241, 42.46839126754295, 26.57310743605446]}}, {"type": "Feature", "properties": {"filename": "DJI_20260508085524_1369_V.JPG", "camera": "v2 dji m3t 4000 3000 brown 0.6666", "focal": 0.7188884491448521, "width": 4000, "height": 3000, "capture_time": 1778230524.0, "translation": [342353.6709769092, 4703581.287037165, 26.539038512472516], "rotation": [2.0746850055081123, -1.2666221620346865, 0.5049895357107652]}, "geometry": {"type": "Point", "coordinates": [-70.91763573522684, 42.46853901042857, 26.539038512472516]}}, {"type": "Feature", "properties": {"filename": "DJI_20260508084106_0214_V.JPG", "camera": "v2 dji m3t 4000 3000 brown 0.6666", "focal": 0.7188884491448521, "width": 4000, "height": 3000, "capture_time": 1778229666.0, "translation": [342413.5781783416, 4703583.4029359715, 26.39880137533387], "rotation": [-1.671485604440354, -2.6470229731288386, -0.018693300822921925]}, "geometry": {"type": "Point", "coordinates": [-70.91690799198501, 42.468570242777275, 26.39880137533387]}}, {"type": "Feature", "properties": {"filename": "DJI_20260508085159_1076_V.JPG", "camera": "v2 dji m3t 4000 3000 brown 0.6666", "focal": 0.7188884491448521, "width": 4000, "height": 3000, "capture_time": 1778230319.0, "translation": [342410.50843252277, 4703532.706188524, 26.622473603537028], "rotation": [2.0757460694103136, -1.2550567837918583, 0.5025751298072859]}, "geometry": {"type": "Point", "coordinates": [-70.91693138439601, 42.46811330306271, 26.622473603537028]}}, {"type": "Feature", "properties": {"filename": "DJI_20260508084427_0479_V.JPG", "camera": "v2 dji m3t 4000 3000 brown 0.6666", "focal": 0.7188884491448521, "width": 4000, "height": 3000, "capture_time": 1778229867.0, "translation": [342532.6024012428, 4703642.835460127, 26.565122090440504], "rotation": [1.3458994622723206, 2.220692860717446, -0.9004885469762818]}, "geometry": {"type": "Point", "coordinates": [-70.91547726375775, 42.46912938852432, 26.565122090440504]}}, {"type": "Feature", "properties": {"filename": "DJI_20260508085307_1174_V.JPG", "camera": "v2 dji m3t 4000 3000 brown 0.6666", "focal": 0.7188884491448521, "width": 4000, "height": 3000, "capture_time": 1778230387.0, "translation": [342441.6919734045, 4703576.3660341, 26.521567115779185], "rotation": [2.0652173387591555, -1.2527894067511023, 0.5057182375892053]}, "geometry": {"type": "Point", "coordinates": [-70.91656426404982, 42.468512622280834, 26.521567115779185]}}, {"type": "Feature", "properties": {"filename": "DJI_20260508085223_1110_V.JPG", "camera": "v2 dji m3t 4000 3000 brown 0.6666", "focal": 0.7188884491448521, "width": 4000, "height": 3000, "capture_time": 1778230343.0, "translation": [342476.7889251723, 4703575.113737466, 26.465334217999143], "rotation": [2.0680271235162415, -1.2559191558338927, 0.5126968046090385]}, "geometry": {"type": "Point", "coordinates": [-70.91613722730692, 42.46850848712544, 26.465334217999143]}}, {"type": "Feature", "properties": {"filename": "DJI_20260508084105_0213_V.JPG", "camera": "v2 dji m3t 4000 3000 brown 0.6666", "focal": 0.7188884491448521, "width": 4000, "height": 3000, "capture_time": 1778229665.0, "translation": [342417.8267318837, 4703585.527968326, 26.422145541291346], "rotation": [-1.6707286462819535, -2.6471029146973253, -0.01832603416762968]}, "geometry": {"type": "Point", "coordinates": [-70.9168569237691, 42.468590234079905, 26.422145541291346]}}, {"type": "Feature", "properties": {"filename": "DJI_20260508085050_1003_V.JPG", "camera": "v2 dji m3t 4000 3000 brown 0.6666", "focal": 0.7188884491448521, "width": 4000, "height": 3000, "capture_time": 1778230250.0, "translation": [342496.59261947474, 4703602.230901061, 26.63708609606361], "rotation": [2.3052608265870353, 0.5507112021718813, -0.2355413264736959]}, "geometry": {"type": "Point", "coordinates": [-70.91590390902654, 42.4687565917727, 26.63708609606361]}}, {"type": "Feature", "properties": {"filename": "DJI_20260508084347_0422_V.JPG", "camera": "v2 dji m3t 4000 3000 brown 0.6666", "focal": 0.7188884491448521, "width": 4000, "height": 3000, "capture_time": 1778229827.0, "translation": [342523.61248671816, 4703652.551127121, 26.63758979864231], "rotation": [1.3488096753238108, 2.2180118755466167, -0.9038399564387728]}, "geometry": {"type": "Point", "coordinates": [-70.91558922761659, 42.4692150108792, 26.63758979864231]}}, {"type": "Feature", "properties": {"filename": "DJI_20260508085333_1211_V.JPG", "camera": "v2 dji m3t 4000 3000 brown 0.6666", "focal": 0.7188884491448521, "width": 4000, "height": 3000, "capture_time": 1778230413.0, "translation": [342430.51823902084, 4703577.822530212, 26.4800358722149], "rotation": [2.0747043313182147, -1.2552686941750908, 0.5056644682614363]}, "geometry": {"type": "Point", "coordinates": [-70.91670050931994, 42.46852345962608, 26.4800358722149]}}, {"type": "Feature", "properties": {"filename": "DJI_20260508084031_0165_V.JPG", "camera": "v2 dji m3t 4000 3000 brown 0.6666", "focal": 0.7188884491448521, "width": 4000, "height": 3000, "capture_time": 1778229631.0, "translation": [342401.3620791405, 4703569.558879373, 26.512973288702728], "rotation": [3.127964171714867, 0.2560082986819097, 0.022571717508851244]}, "geometry": {"type": "Point", "coordinates": [-70.91705270614933, 42.468443149257176, 26.512973288702728]}}, {"type": "Feature", "properties": {"filename": "DJI_20260508084127_0245_V.JPG", "camera": "v2 dji m3t 4000 3000 brown 0.6666", "focal": 0.7188884491448521, "width": 4000, "height": 3000, "capture_time": 1778229687.0, "translation": [342487.57000020304, 4703627.516918969, 26.461845909024767], "rotation": [-2.6544796311736985, 1.669645629170242, 0.018472235943593197]}, "geometry": {"type": "Point", "coordinates": [-70.91602054613878, 42.46898235398499, 26.461845909024767]}}, {"type": "Feature", "properties": {"filename": "DJI_20260508085858_1653_V.JPG", "camera": "v2 dji m3t 4000 3000 brown 0.6666", "focal": 0.7188884491448521, "width": 4000, "height": 3000, "capture_time": 1778230738.0, "translation": [342421.7913861805, 4703596.899881738, 26.64859705985866], "rotation": [0.6566031555580611, -2.6635113133167447, 1.100570533272067]}, "geometry": {"type": "Point", "coordinates": [-70.91681184734578, 42.468693397683865, 26.64859705985866]}}, {"type": "Feature", "properties": {"filename": "DJI_20260508085606_1407_V.JPG", "camera": "v2 dji m3t 4000 3000 brown 0.6666", "focal": 0.7188884491448521, "width": 4000, "height": 3000, "capture_time": 1778230566.0, "translation": [342496.0871708789, 4703625.919340317, 26.707814353690523], "rotation": [0.6608902769640342, -2.6698178721483816, 1.0794076551231995]}, "geometry": {"type": "Point", "coordinates": [-70.91591655875737, 42.46896970591793, 26.707814353690523]}}, {"type": "Feature", "properties": {"filename": "DJI_20260508083934_0083_V.JPG", "camera": "v2 dji m3t 4000 3000 brown 0.6666", "focal": 0.7188884491448521, "width": 4000, "height": 3000, "capture_time": 1778229574.0, "translation": [342508.78785639256, 4703602.548919774, 26.41847880596167], "rotation": [-2.066269292340039, -2.356583554942924, 0.0012210641356115719]}, "geometry": {"type": "Point", "coordinates": [-70.9157557315656, 42.468761933341646, 26.41847880596167]}}, {"type": "Feature", "properties": {"filename": "DJI_20260508084414_0460_V.JPG", "camera": "v2 dji m3t 4000 3000 brown 0.6666", "focal": 0.7188884491448521, "width": 4000, "height": 3000, "capture_time": 1778229854.0, "translation": [342452.76471347385, 4703602.998431545, 26.42006125489461], "rotation": [1.3497605072036643, 2.2069212827268254, -0.9090138356342475]}, "geometry": {"type": "Point", "coordinates": [-70.91643696171887, 42.46875458904879, 26.42006125489461]}}, {"type": "Feature", "properties": {"filename": "DJI_20260508084404_0446_V.JPG", "camera": "v2 dji m3t 4000 3000 brown 0.6666", "focal": 0.7188884491448521, "width": 4000, "height": 3000, "capture_time": 1778229844.0, "translation": [342456.53311272763, 4703611.96120219, 26.41764944423161], "rotation": [1.345237213660244, 2.2141444002882458, -0.8964163325478103]}, "geometry": {"type": "Point", "coordinates": [-70.91639360878372, 42.468836028184, 26.41764944423161]}}, {"type": "Feature", "properties": {"filename": "DJI_20260508083846_0015_V.JPG", "camera": "v2 dji m3t 4000 3000 brown 0.6666", "focal": 0.7188884491448521, "width": 4000, "height": 3000, "capture_time": 1778229526.0, "translation": [342475.41144591133, 4703565.031190859, 26.443166210755574], "rotation": [-2.6670128761484295, 1.6187543820159502, -0.0013273844719288968]}, "geometry": {"type": "Point", "coordinates": [-70.9161512051671, 42.46841745522995, 26.443166210755574]}}, {"type": "Feature", "properties": {"filename": "DJI_20260508084029_0162_V.JPG", "camera": "v2 dji m3t 4000 3000 brown 0.6666", "focal": 0.7188884491448521, "width": 4000, "height": 3000, "capture_time": 1778229629.0, "translation": [342404.49832649285, 4703565.905788337, 26.52274432631399], "rotation": [-1.6447120378792965, -2.6689830723643095, -0.01661118114442611]}, "geometry": {"type": "Point", "coordinates": [-70.9170135734589, 42.468410906177645, 26.52274432631399]}}, {"type": "Feature", "properties": {"filename": "DJI_20260508084039_0176_V.JPG", "camera": "v2 dji m3t 4000 3000 brown 0.6666", "focal": 0.7188884491448521, "width": 4000, "height": 3000, "capture_time": 1778229639.0, "translation": [342442.0729474662, 4703590.648448564, 26.454748577135284], "rotation": [-2.6529083326338183, 1.6500145291796644, -0.013588828897536242]}, "geometry": {"type": "Point", "coordinates": [-70.91656355548571, 42.46864125407383, 26.454748577135284]}}, {"type": "Feature", "properties": {"filename": "DJI_20260508085239_1133_V.JPG", "camera": "v2 dji m3t 4000 3000 brown 0.6666", "focal": 0.7188884491448521, "width": 4000, "height": 3000, "capture_time": 1778230359.0, "translation": [342390.8886868522, 4703536.835616543, 26.592408081898395], "rotation": [2.077064439314557, -1.24554566128678, 0.4952644142970915]}, "geometry": {"type": "Point", "coordinates": [-70.91717104536632, 42.468146480635305, 26.592408081898395]}}, {"type": "Feature", "properties": {"filename": "DJI_20260508090022_1773_V.JPG", "camera": "v2 dji m3t 4000 3000 brown 0.6666", "focal": 0.7188884491448521, "width": 4000, "height": 3000, "capture_time": 1778230822.0, "translation": [342357.8633005991, 4703639.278090165, 26.684030410496224], "rotation": [0.6630212210276524, -2.6674864025923117, 1.0932029185035186]}, "geometry": {"type": "Point", "coordinates": [-70.91760070475713, 42.469061833705275, 26.684030410496224]}}, {"type": "Feature", "properties": {"filename": "DJI_20260508084230_0335_V.JPG", "camera": "v2 dji m3t 4000 3000 brown 0.6666", "focal": 0.7188884491448521, "width": 4000, "height": 3000, "capture_time": 1778229750.0, "translation": [342378.68570890045, 4703593.925836918, 26.57270286975116], "rotation": [-1.6645273075062768, -2.6613153123725604, -0.020609370028472192]}, "geometry": {"type": "Point", "coordinates": [-70.91733509060167, 42.46865786022127, 26.57270286975116]}}, {"type": "Feature", "properties": {"filename": "DJI_20260508084028_0161_V.JPG", "camera": "v2 dji m3t 4000 3000 brown 0.6666", "focal": 0.7188884491448521, "width": 4000, "height": 3000, "capture_time": 1778229628.0, "translation": [342407.8859715699, 4703566.862933854, 26.4699618598653], "rotation": [-1.6615099542601535, -2.656525849612883, -0.014017146488825082]}, "geometry": {"type": "Point", "coordinates": [-70.91697265105658, 42.468420210402726, 26.4699618598653]}}, {"type": "Feature", "properties": {"filename": "DJI_20260508085924_1690_V.JPG", "camera": "v2 dji m3t 4000 3000 brown 0.6666", "focal": 0.7188884491448521, "width": 4000, "height": 3000, "capture_time": 1778230764.0, "translation": [342416.9754211777, 4703581.441910395, 26.63162519007294], "rotation": [0.6653760047547382, -2.669298799632208, 1.0949977170213527]}, "geometry": {"type": "Point", "coordinates": [-70.91686615107645, 42.46855328281198, 26.63162519007294]}}, {"type": "Feature", "properties": {"filename": "DJI_20260508085759_1569_V.JPG", "camera": "v2 dji m3t 4000 3000 brown 0.6666", "focal": 0.7188884491448521, "width": 4000, "height": 3000, "capture_time": 1778230679.0, "translation": [342447.6879605974, 4703601.8706910275, 26.55370154334468], "rotation": [0.6601577399882935, -2.6675108639686522, 1.0931908658812524]}, "geometry": {"type": "Point", "coordinates": [-70.91649837304564, 42.468743406014696, 26.55370154334468]}}, {"type": "Feature", "properties": {"filename": "DJI_20260508084023_0154_V.JPG", "camera": "v2 dji m3t 4000 3000 brown 0.6666", "focal": 0.7188884491448521, "width": 4000, "height": 3000, "capture_time": 1778229623.0, "translation": [342437.650110144, 4703581.511458179, 26.44912561812663], "rotation": [-1.659205420840045, -2.654199553086253, -0.01622705108957275]}, "geometry": {"type": "Point", "coordinates": [-70.91661481658195, 42.46855811365588, 26.44912561812663]}}, {"type": "Feature", "properties": {"filename": "DJI_20260508085455_1327_V.JPG", "camera": "v2 dji m3t 4000 3000 brown 0.6666", "focal": 0.7188884491448521, "width": 4000, "height": 3000, "capture_time": 1778230495.0, "translation": [342427.60339841514, 4703604.395159717, 26.46754777562042], "rotation": [2.072839975180884, -1.2595985517299546, 0.5074645082722302]}, "geometry": {"type": "Point", "coordinates": [-70.91674324638736, 42.46876204386428, 26.46754777562042]}}, {"type": "Feature", "properties": {"filename": "DJI_20260508084426_0478_V.JPG", "camera": "v2 dji m3t 4000 3000 brown 0.6666", "focal": 0.7188884491448521, "width": 4000, "height": 3000, "capture_time": 1778229866.0, "translation": [342528.4439307151, 4703640.87522504, 26.563970898744067], "rotation": [1.3472369107252937, 2.2190395639749547, -0.9032105296918111]}, "geometry": {"type": "Point", "coordinates": [-70.91552728291187, 42.469110899452225, 26.563970898744067]}}, {"type": "Feature", "properties": {"filename": "DJI_20260508084024_0155_V.JPG", "camera": "v2 dji m3t 4000 3000 brown 0.6666", "focal": 0.7188884491448521, "width": 4000, "height": 3000, "capture_time": 1778229624.0, "translation": [342433.3453197031, 4703579.265168692, 26.437929569131267], "rotation": [-1.6599948326970733, -2.6539879905894077, -0.017213040066102085]}, "geometry": {"type": "Point", "coordinates": [-70.91666653524686, 42.46853701960198, 26.437929569131267]}}, {"type": "Feature", "properties": {"filename": "DJI_20260508084026_0157_V.JPG", "camera": "v2 dji m3t 4000 3000 brown 0.6666", "focal": 0.7188884491448521, "width": 4000, "height": 3000, "capture_time": 1778229626.0, "translation": [342425.074187611, 4703575.134234467, 26.427809509261184], "rotation": [-1.6632986008257713, -2.6531934005492475, -0.01991568411340655]}, "geometry": {"type": "Point", "coordinates": [-70.91676595711422, 42.46849815538225, 26.427809509261184]}}, {"type": "Feature", "properties": {"filename": "DJI_20260508085350_1235_V.JPG", "camera": "v2 dji m3t 4000 3000 brown 0.6666", "focal": 0.7188884491448521, "width": 4000, "height": 3000, "capture_time": 1778230430.0, "translation": [342411.445409532, 4703575.249646155, 26.610473441203897], "rotation": [2.0666299199919917, -1.2568877321361451, 0.5043566843974112]}, "geometry": {"type": "Point", "coordinates": [-70.91693168123007, 42.468496422191876, 26.610473441203897]}}, {"type": "Feature", "properties": {"filename": "DJI_20260508085346_1229_V.JPG", "camera": "v2 dji m3t 4000 3000 brown 0.6666", "focal": 0.7188884491448521, "width": 4000, "height": 3000, "capture_time": 1778230426.0, "translation": [342436.7793953914, 4703587.848087959, 26.48618599539736], "rotation": [2.0622902954221627, -1.2539366659044016, 0.5080270016530639]}, "geometry": {"type": "Point", "coordinates": [-70.9166271429703, 42.468614971829766, 26.48618599539736]}}, {"type": "Feature", "properties": {"filename": "DJI_20260508084255_0347_V.JPG", "camera": "v2 dji m3t 4000 3000 brown 0.6666", "focal": 0.7188884491448521, "width": 4000, "height": 3000, "capture_time": 1778229775.0, "translation": [342442.45510348835, 4703625.88839136, 26.581895700500997], "rotation": [1.3485755559182542, 2.2133447026398865, -0.9134848660223953]}, "geometry": {"type": "Point", "coordinates": [-70.9165685893181, 42.46895852231922, 26.581895700500997]}}, {"type": "Feature", "properties": {"filename": "DJI_20260508084641_0670_V.JPG", "camera": "v2 dji m3t 4000 3000 brown 0.6666", "focal": 0.7188884491448521, "width": 4000, "height": 3000, "capture_time": 1778230001.0, "translation": [342469.3730642812, 4703562.34289755, 26.559007078033872], "rotation": [1.3482120702203604, 2.207960359914412, -0.9051275514863674]}, "geometry": {"type": "Point", "coordinates": [-70.91622387866971, 42.46839203047654, 26.559007078033872]}}, {"type": "Feature", "properties": {"filename": "DJI_20260508084759_0759_V.JPG", "camera": "v2 dji m3t 4000 3000 brown 0.6666", "focal": 0.7188884491448521, "width": 4000, "height": 3000, "capture_time": 1778230079.0, "translation": [342425.53759602597, 4703572.4028513795, 26.576586886441326], "rotation": [2.309004073373593, 0.5458666033241221, -0.22878651327371768]}, "geometry": {"type": "Point", "coordinates": [-70.91675957286631, 42.468473664779566, 26.576586886441326]}}, {"type": "Feature", "properties": {"filename": "DJI_20260508084115_0228_V.JPG", "camera": "v2 dji m3t 4000 3000 brown 0.6666", "focal": 0.7188884491448521, "width": 4000, "height": 3000, "capture_time": 1778229675.0, "translation": [342416.0234139618, 4703591.581297969, 26.459495372026893], "rotation": [-2.6448786510435, 1.6570433091147803, -0.0249293469250225]}, "geometry": {"type": "Point", "coordinates": [-70.9168805107389, 42.468644352584505, 26.459495372026893]}}, {"type": "Feature", "properties": {"filename": "DJI_20260508084150_0278_V.JPG", "camera": "v2 dji m3t 4000 3000 brown 0.6666", "focal": 0.7188884491448521, "width": 4000, "height": 3000, "capture_time": 1778229710.0, "translation": [342384.4133164037, 4703588.99571969, 26.527075608828216], "rotation": [-3.0805308845982973, -0.6065028395138178, -0.03138476187064874]}, "geometry": {"type": "Point", "coordinates": [-70.91726410210443, 42.46861465007278, 26.527075608828216]}}, {"type": "Feature", "properties": {"filename": "DJI_20260508084027_0159_V.JPG", "camera": "v2 dji m3t 4000 3000 brown 0.6666", "focal": 0.7188884491448521, "width": 4000, "height": 3000, "capture_time": 1778229627.0, "translation": [342416.4729506641, 4703570.851266936, 26.453835783833426], "rotation": [-1.6642349474363385, -2.652771255398672, -0.021561633310633675]}, "geometry": {"type": "Point", "coordinates": [-70.916869350349, 42.46845785550333, 26.453835783833426]}}, {"type": "Feature", "properties": {"filename": "DJI_20260508084034_0169_V.JPG", "camera": "v2 dji m3t 4000 3000 brown 0.6666", "focal": 0.7188884491448521, "width": 4000, "height": 3000, "capture_time": 1778229634.0, "translation": [342412.5042296861, 4703575.738344518, 26.475558645286768], "rotation": [-2.6706473313040755, 1.633074618836099, -0.023844786664286577]}, "geometry": {"type": "Point", "coordinates": [-70.91691894284489, 42.46850103627208, 26.475558645286768]}}, {"type": "Feature", "properties": {"filename": "DJI_20260508084518_0551_V.JPG", "camera": "v2 dji m3t 4000 3000 brown 0.6666", "focal": 0.7188884491448521, "width": 4000, "height": 3000, "capture_time": 1778229918.0, "translation": [342500.8194425635, 4703606.080724718, 26.44877445334253], "rotation": [1.3506976699322182, 2.215722298341402, -0.8937824334471759]}, "geometry": {"type": "Point", "coordinates": [-70.91585357811566, 42.4687921028666, 26.44877445334253]}}, {"type": "Feature", "properties": {"filename": "DJI_20260508085157_1074_V.JPG", "camera": "v2 dji m3t 4000 3000 brown 0.6666", "focal": 0.7188884491448521, "width": 4000, "height": 3000, "capture_time": 1778230317.0, "translation": [342419.1657430352, 4703537.021850835, 26.603281581869364], "rotation": [2.0734695294876886, -1.2568916267287735, 0.5050523846505826]}, "geometry": {"type": "Point", "coordinates": [-70.91682731903133, 42.46815390867433, 26.603281581869364]}}, {"type": "Feature", "properties": {"filename": "DJI_20260508084036_0172_V.JPG", "camera": "v2 dji m3t 4000 3000 brown 0.6666", "focal": 0.7188884491448521, "width": 4000, "height": 3000, "capture_time": 1778229636.0, "translation": [342425.284356732, 4703582.23510444, 26.481428037358427], "rotation": [-2.655578154427266, 1.650671921641526, -0.02082953096594363]}, "geometry": {"type": "Point", "coordinates": [-70.91676535267028, 42.468562112207906, 26.481428037358427]}}, {"type": "Feature", "properties": {"filename": "DJI_20260508084000_0120_V.JPG", "camera": "v2 dji m3t 4000 3000 brown 0.6666", "focal": 0.7188884491448521, "width": 4000, "height": 3000, "capture_time": 1778229600.0, "translation": [342448.515270231, 4703579.875981791, 26.4814897074566], "rotation": [-2.645565405591185, 1.652383140234386, -0.024383202355230272]}, "geometry": {"type": "Point", "coordinates": [-70.91648227359467, 42.468545602479864, 26.4814897074566]}}, {"type": "Feature", "properties": {"filename": "DJI_20260508084037_0173_V.JPG", "camera": "v2 dji m3t 4000 3000 brown 0.6666", "focal": 0.7188884491448521, "width": 4000, "height": 3000, "capture_time": 1778229637.0, "translation": [342429.7772273469, 4703584.500189004, 26.466066860201373], "rotation": [-2.6540790833319394, 1.6503852742542584, -0.01933534334916273]}, "geometry": {"type": "Point", "coordinates": [-70.91671135258747, 42.468583413729874, 26.466066860201373]}}, {"type": "Feature", "properties": {"filename": "DJI_20260508085530_1378_V.JPG", "camera": "v2 dji m3t 4000 3000 brown 0.6666", "focal": 0.7188884491448521, "width": 4000, "height": 3000, "capture_time": 1778230530.0, "translation": [342391.40334559977, 4703600.329089468, 26.49627401961989], "rotation": [2.074940170843342, -1.2612676655394985, 0.5054336221388882]}, "geometry": {"type": "Point", "coordinates": [-70.91718223451221, 42.46871808235229, 26.49627401961989]}}, {"type": "Feature", "properties": {"filename": "DJI_20260508083841_0007_V.JPG", "camera": "v2 dji m3t 4000 3000 brown 0.6666", "focal": 0.7188884491448521, "width": 4000, "height": 3000, "capture_time": 1778229521.0, "translation": [342441.7112313354, 4703548.250105155, 26.46410086058069], "rotation": [-2.6686568324621365, 1.6266533517110928, -0.003106009472297835]}, "geometry": {"type": "Point", "coordinates": [-70.91655630699334, 42.46825955804971, 26.46410086058069]}}, {"type": "Feature", "properties": {"filename": "DJI_20260508084038_0175_V.JPG", "camera": "v2 dji m3t 4000 3000 brown 0.6666", "focal": 0.7188884491448521, "width": 4000, "height": 3000, "capture_time": 1778229638.0, "translation": [342437.99226445967, 4703588.606209327, 26.47035514333344], "rotation": [-2.6530026770736597, 1.649718934911152, -0.015792488465544402]}, "geometry": {"type": "Point", "coordinates": [-70.91661260568627, 42.46862204225002, 26.47035514333344]}}, {"type": "Feature", "properties": {"filename": "DJI_20260508084412_0458_V.JPG", "camera": "v2 dji m3t 4000 3000 brown 0.6666", "focal": 0.7188884491448521, "width": 4000, "height": 3000, "capture_time": 1778229852.0, "translation": [342443.8245622028, 4703598.591015469, 26.4505209779119], "rotation": [1.3501125999648176, 2.2110275708352116, -0.9064464778577818]}, "geometry": {"type": "Point", "coordinates": [-70.9165444417874, 42.46871310038723, 26.4505209779119]}}, {"type": "Feature", "properties": {"filename": "DJI_20260508085641_1458_V.JPG", "camera": "v2 dji m3t 4000 3000 brown 0.6666", "focal": 0.7188884491448521, "width": 4000, "height": 3000, "capture_time": 1778230601.0, "translation": [342463.24984978826, 4703654.462287264, 26.65655129077176], "rotation": [0.6614506895977689, -2.6648934306798098, 1.0941327038138051]}, "geometry": {"type": "Point", "coordinates": [-70.91632362237296, 42.46921994122201, 26.65655129077176]}}, {"type": "Feature", "properties": {"filename": "DJI_20260508085344_1227_V.JPG", "camera": "v2 dji m3t 4000 3000 brown 0.6666", "focal": 0.7188884491448521, "width": 4000, "height": 3000, "capture_time": 1778230424.0, "translation": [342445.247233388, 4703592.131708209, 26.456257053957017], "rotation": [2.061982423348158, -1.2527555175591285, 0.5094446934462652]}, "geometry": {"type": "Point", "coordinates": [-70.91652537130372, 42.46865525024447, 26.456257053957017]}}, {"type": "Feature", "properties": {"filename": "DJI_20260508084040_0178_V.JPG", "camera": "v2 dji m3t 4000 3000 brown 0.6666", "focal": 0.7188884491448521, "width": 4000, "height": 3000, "capture_time": 1778229640.0, "translation": [342450.5633629514, 4703594.862745788, 26.46810538538798], "rotation": [-2.653909059280066, 1.6490847487930131, -0.008530725125610143]}, "geometry": {"type": "Point", "coordinates": [-70.91646149020573, 42.46868091305636, 26.46810538538798]}}, {"type": "Feature", "properties": {"filename": "DJI_20260508084756_0755_V.JPG", "camera": "v2 dji m3t 4000 3000 brown 0.6666", "focal": 0.7188884491448521, "width": 4000, "height": 3000, "capture_time": 1778230076.0, "translation": [342424.40132505243, 4703564.1249012, 26.541679946836055], "rotation": [2.3108002762365567, 0.5474778624285013, -0.22524447317910373]}, "geometry": {"type": "Point", "coordinates": [-70.91677111306534, 42.46839892484057, 26.541679946836055]}}, {"type": "Feature", "properties": {"filename": "DJI_20260508084144_0269_V.JPG", "camera": "v2 dji m3t 4000 3000 brown 0.6666", "focal": 0.7188884491448521, "width": 4000, "height": 3000, "capture_time": 1778229704.0, "translation": [342413.4336631888, 4703597.174628625, 26.45280451072642], "rotation": [-1.6876737116762783, -2.63837234675145, -0.0210990934454354]}, "geometry": {"type": "Point", "coordinates": [-70.91691353249179, 42.468694170727105, 26.45280451072642]}}, {"type": "Feature", "properties": {"filename": "DJI_20260508084729_0716_V.JPG", "camera": "v2 dji m3t 4000 3000 brown 0.6666", "focal": 0.7188884491448521, "width": 4000, "height": 3000, "capture_time": 1778230049.0, "translation": [342411.1751848792, 4703565.141042923, 26.50194758243751], "rotation": [2.311473628797009, 0.5502834875885368, -0.22550446386146694]}, "geometry": {"type": "Point", "coordinates": [-70.91693218930276, 42.46840538090777, 26.50194758243751]}}, {"type": "Feature", "properties": {"filename": "DJI_20260508085357_1245_V.JPG", "camera": "v2 dji m3t 4000 3000 brown 0.6666", "focal": 0.7188884491448521, "width": 4000, "height": 3000, "capture_time": 1778230437.0, "translation": [342369.29242411, 4703554.110563714, 26.589173984455442], "rotation": [2.072415651061125, -1.2559106531849173, 0.49930585936278044]}, "geometry": {"type": "Point", "coordinates": [-70.91743834849078, 42.46829757677754, 26.589173984455442]}}, {"type": "Feature", "properties": {"filename": "DJI_20260508085229_1119_V.JPG", "camera": "v2 dji m3t 4000 3000 brown 0.6666", "focal": 0.7188884491448521, "width": 4000, "height": 3000, "capture_time": 1778230349.0, "translation": [342449.71569618816, 4703566.374307981, 26.563954719786192], "rotation": [2.0654212482502943, -1.2502532911729018, 0.5080558529611063]}, "geometry": {"type": "Point", "coordinates": [-70.91646397086286, 42.4684243196187, 26.563954719786192]}}, {"type": "Feature", "properties": {"filename": "DJI_20260508084138_0260_V.JPG", "camera": "v2 dji m3t 4000 3000 brown 0.6666", "focal": 0.7188884491448521, "width": 4000, "height": 3000, "capture_time": 1778229698.0, "translation": [342451.41433171503, 4703616.354081301, 26.511973324354372], "rotation": [-1.678974194626147, -2.637441593443638, -0.009838128438371254]}, "geometry": {"type": "Point", "coordinates": [-70.91645704751458, 42.46887452706766, 26.511973324354372]}}, {"type": "Feature", "properties": {"filename": "DJI_20260508084950_0917_V.JPG", "camera": "v2 dji m3t 4000 3000 brown 0.6666", "focal": 0.7188884491448521, "width": 4000, "height": 3000, "capture_time": 1778230190.0, "translation": [342470.03592829756, 4703585.087018578, 26.644830091603268], "rotation": [2.307657409573208, 0.5533096148097908, -0.22951555703392726]}, "geometry": {"type": "Point", "coordinates": [-70.91622206618723, 42.46859688243132, 26.644830091603268]}}, {"type": "Feature", "properties": {"filename": "DJI_20260508084925_0882_V.JPG", "camera": "v2 dji m3t 4000 3000 brown 0.6666", "focal": 0.7188884491448521, "width": 4000, "height": 3000, "capture_time": 1778230165.0, "translation": [342460.60602216236, 4703588.621063736, 26.556430157663335], "rotation": [2.306767523384328, 0.5515798411058639, -0.2321285328590721]}, "geometry": {"type": "Point", "coordinates": [-70.91633768149468, 42.46862677454598, 26.556430157663335]}}, {"type": "Feature", "properties": {"filename": "DJI_20260508085335_1214_V.JPG", "camera": "v2 dji m3t 4000 3000 brown 0.6666", "focal": 0.7188884491448521, "width": 4000, "height": 3000, "capture_time": 1778230415.0, "translation": [342443.0930455746, 4703584.161918359, 26.464726542059523], "rotation": [2.0728500908478584, -1.2547957146486362, 0.5077057019779829]}, "geometry": {"type": "Point", "coordinates": [-70.91654937183684, 42.46858307703521, 26.464726542059523]}}, {"type": "Feature", "properties": {"filename": "DJI_20260508085705_1491_V.JPG", "camera": "v2 dji m3t 4000 3000 brown 0.6666", "focal": 0.7188884491448521, "width": 4000, "height": 3000, "capture_time": 1778230625.0, "translation": [342466.3542793229, 4703620.168760179, 26.598285498336125], "rotation": [0.6539228473363531, -2.6656799446815107, 1.0939874029574301]}, "geometry": {"type": "Point", "coordinates": [-70.91627646104855, 42.468911900479945, 26.598285498336125]}}, {"type": "Feature", "properties": {"filename": "DJI_20260508083843_0011_V.JPG", "camera": "v2 dji m3t 4000 3000 brown 0.6666", "focal": 0.7188884491448521, "width": 4000, "height": 3000, "capture_time": 1778229523.0, "translation": [342458.69232440874, 4703556.688184177, 26.51440129424371], "rotation": [-2.6675226561775203, 1.6180158422302464, -0.003499779549515213]}, "geometry": {"type": "Point", "coordinates": [-70.9163521769342, 42.468338961316434, 26.51440129424371]}}, {"type": "Feature", "properties": {"filename": "DJI_20260508083906_0044_V.JPG", "camera": "v2 dji m3t 4000 3000 brown 0.6666", "focal": 0.7188884491448521, "width": 4000, "height": 3000, "capture_time": 1778229546.0, "translation": [342454.02150642424, 4703561.619611974, 26.457456951965074], "rotation": [-1.646429494488304, -2.6732223716765593, -0.02476862269600604]}, "geometry": {"type": "Point", "coordinates": [-70.91641031692565, 42.46838239874174, 26.457456951965074]}}, {"type": "Feature", "properties": {"filename": "DJI_20260508084356_0435_V.JPG", "camera": "v2 dji m3t 4000 3000 brown 0.6666", "focal": 0.7188884491448521, "width": 4000, "height": 3000, "capture_time": 1778229836.0, "translation": [342502.78454367555, 4703635.066188874, 26.52048788996576], "rotation": [1.3450798500701984, 2.220244632491863, -0.8918260603404117]}, "geometry": {"type": "Point", "coordinates": [-70.91583764609994, 42.46905339716389, 26.52048788996576]}}, {"type": "Feature", "properties": {"filename": "DJI_20260508085532_1380_V.JPG", "camera": "v2 dji m3t 4000 3000 brown 0.6666", "focal": 0.7188884491448521, "width": 4000, "height": 3000, "capture_time": 1778230532.0, "translation": [342399.9881625731, 4703604.640799046, 26.48332488304286], "rotation": [2.0736748852168962, -1.2602893878186197, 0.506665903721432]}, "geometry": {"type": "Point", "coordinates": [-70.91707904859058, 42.46875863787997, 26.48332488304286]}}, {"type": "Feature", "properties": {"filename": "DJI_20260508084756_0754_V.JPG", "camera": "v2 dji m3t 4000 3000 brown 0.6666", "focal": 0.7188884491448521, "width": 4000, "height": 3000, "capture_time": 1778230076.0, "translation": [342426.4722687248, 4703559.848469622, 26.503804329432764], "rotation": [2.3109393387889816, 0.5481455690817866, -0.22494031510396195]}, "geometry": {"type": "Point", "coordinates": [-70.91674476075347, 42.46836085438508, 26.503804329432764]}}, {"type": "Feature", "properties": {"filename": "DJI_20260508085447_1316_V.JPG", "camera": "v2 dji m3t 4000 3000 brown 0.6666", "focal": 0.7188884491448521, "width": 4000, "height": 3000, "capture_time": 1778230487.0, "translation": [342381.2315006663, 4703581.1611732235, 26.56722440593218], "rotation": [2.0809746818762123, -1.2618754016829405, 0.5031218025860184]}, "geometry": {"type": "Point", "coordinates": [-70.91730063236524, 42.4685434849737, 26.56722440593218]}}, {"type": "Feature", "properties": {"filename": "DJI_20260508085525_1371_V.JPG", "camera": "v2 dji m3t 4000 3000 brown 0.6666", "focal": 0.7188884491448521, "width": 4000, "height": 3000, "capture_time": 1778230525.0, "translation": [342362.3440851425, 4703585.666002136, 26.54172163136176], "rotation": [2.0747125998092337, -1.2649283924563326, 0.5038194181318979]}, "geometry": {"type": "Point", "coordinates": [-70.91753149498095, 42.468580189675926, 26.54172163136176]}}, {"type": "Feature", "properties": {"filename": "DJI_20260508083838_0004_V.JPG", "camera": "v2 dji m3t 4000 3000 brown 0.6666", "focal": 0.7188884491448521, "width": 4000, "height": 3000, "capture_time": 1778229518.0, "translation": [342428.94650185126, 4703541.833997513, 26.467109752120063], "rotation": [-2.6774315396583375, 1.6240596427931564, 0.005377741394775057]}, "geometry": {"type": "Point", "coordinates": [-70.91670973161187, 42.46819921147497, 26.467109752120063]}}, {"type": "Feature", "properties": {"filename": "DJI_20260508085755_1563_V.JPG", "camera": "v2 dji m3t 4000 3000 brown 0.6666", "focal": 0.7188884491448521, "width": 4000, "height": 3000, "capture_time": 1778230675.0, "translation": [342450.0794018665, 4703610.426632848, 26.55900165813195], "rotation": [0.6658490558513744, -2.671477938198481, 1.0906971758010249]}, "geometry": {"type": "Point", "coordinates": [-70.91647164896555, 42.468820903344614, 26.55900165813195]}}, {"type": "Feature", "properties": {"filename": "DJI_20260508084902_0848_V.JPG", "camera": "v2 dji m3t 4000 3000 brown 0.6666", "focal": 0.7188884491448521, "width": 4000, "height": 3000, "capture_time": 1778230142.0, "translation": [342460.9845487432, 4703561.111656207, 26.634622272731814], "rotation": [2.3048582079275777, 0.5507184992544958, -0.2330224810073604]}, "geometry": {"type": "Point", "coordinates": [-70.91632552408382, 42.46837924256679, 26.634622272731814]}}, {"type": "Feature", "properties": {"filename": "DJI_20260508084219_0319_V.JPG", "camera": "v2 dji m3t 4000 3000 brown 0.6666", "focal": 0.7188884491448521, "width": 4000, "height": 3000, "capture_time": 1778229739.0, "translation": [342437.1569915272, 4703623.2307764655, 26.508814980997432], "rotation": [-1.6738145922721215, -2.635708054596523, -0.008045058137890342]}, "geometry": {"type": "Point", "coordinates": [-70.91663227176618, 42.468933523977064, 26.508814980997432]}}, {"type": "Feature", "properties": {"filename": "DJI_20260508083955_0114_V.JPG", "camera": "v2 dji m3t 4000 3000 brown 0.6666", "focal": 0.7188884491448521, "width": 4000, "height": 3000, "capture_time": 1778229595.0, "translation": [342423.2791828334, 4703567.143145767, 26.47754318238496], "rotation": [-2.6594492134774543, 1.6394905429330593, -0.028226101480764296]}, "geometry": {"type": "Point", "coordinates": [-70.91678558468719, 42.46842586347192, 26.47754318238496]}}, {"type": "Feature", "properties": {"filename": "DJI_20260508085240_1135_V.JPG", "camera": "v2 dji m3t 4000 3000 brown 0.6666", "focal": 0.7188884491448521, "width": 4000, "height": 3000, "capture_time": 1778230360.0, "translation": [342382.38297043025, 4703532.622399398, 26.578652624224013], "rotation": [2.0790885750406893, -1.2442928518058576, 0.49396190809940244]}, "geometry": {"type": "Point", "coordinates": [-70.91727329563592, 42.4681068276523, 26.578652624224013]}}, {"type": "Feature", "properties": {"filename": "DJI_20260508085622_1430_V.JPG", "camera": "v2 dji m3t 4000 3000 brown 0.6666", "focal": 0.7188884491448521, "width": 4000, "height": 3000, "capture_time": 1778230582.0, "translation": [342456.3051239409, 4703682.699104822, 26.634786106635847], "rotation": [0.6752497472360557, -2.667643949242621, 1.0883703368785937]}, "geometry": {"type": "Point", "coordinates": [-70.91641580994056, 42.4694726852813, 26.634786106635847]}}, {"type": "Feature", "properties": {"filename": "DJI_20260508085342_1223_V.JPG", "camera": "v2 dji m3t 4000 3000 brown 0.6666", "focal": 0.7188884491448521, "width": 4000, "height": 3000, "capture_time": 1778230422.0, "translation": [342458.8636449546, 4703598.729687006, 26.439463608209312], "rotation": [2.0652709810567416, -1.2521751214900474, 0.5086712244891628]}, "geometry": {"type": "Point", "coordinates": [-70.9163616409551, 42.46871740677769, 26.439463608209312]}}, {"type": "Feature", "properties": {"filename": "DJI_20260508085344_1226_V.JPG", "camera": "v2 dji m3t 4000 3000 brown 0.6666", "focal": 0.7188884491448521, "width": 4000, "height": 3000, "capture_time": 1778230424.0, "translation": [342449.55437780434, 4703594.246102009, 26.455551288279445], "rotation": [2.0623192375137394, -1.2517134601005753, 0.5100674298474052]}, "geometry": {"type": "Point", "coordinates": [-70.91647358764645, 42.468675157538364, 26.455551288279445]}}, {"type": "Feature", "properties": {"filename": "DJI_20260508084733_0722_V.JPG", "camera": "v2 dji m3t 4000 3000 brown 0.6666", "focal": 0.7188884491448521, "width": 4000, "height": 3000, "capture_time": 1778230053.0, "translation": [342420.8412305502, 4703556.585654542, 26.584974706290335], "rotation": [2.305667756291193, 0.5477683198498293, -0.22692612230851442]}, "geometry": {"type": "Point", "coordinates": [-70.91681232382476, 42.46833034090832, 26.584974706290335]}}, {"type": "Feature", "properties": {"filename": "DJI_20260508085349_1233_V.JPG", "camera": "v2 dji m3t 4000 3000 brown 0.6666", "focal": 0.7188884491448521, "width": 4000, "height": 3000, "capture_time": 1778230429.0, "translation": [342419.85907078773, 4703579.441097027, 26.579479748691412], "rotation": [2.0646519120875713, -1.256305536415969, 0.5051529265036733]}, "geometry": {"type": "Point", "coordinates": [-70.91683054329347, 42.4685358602456, 26.579479748691412]}}, {"type": "Feature", "properties": {"filename": "DJI_20260508085305_1170_V.JPG", "camera": "v2 dji m3t 4000 3000 brown 0.6666", "focal": 0.7188884491448521, "width": 4000, "height": 3000, "capture_time": 1778230385.0, "translation": [342458.85571307474, 4703584.947031296, 26.426586210450168], "rotation": [2.0677648508504842, -1.2492883109201192, 0.5094255772919791]}, "geometry": {"type": "Point", "coordinates": [-70.9163579519061, 42.46859334910395, 26.426586210450168]}}, {"type": "Feature", "properties": {"filename": "DJI_20260508085501_1336_V.JPG", "camera": "v2 dji m3t 4000 3000 brown 0.6666", "focal": 0.7188884491448521, "width": 4000, "height": 3000, "capture_time": 1778230501.0, "translation": [342446.5135310171, 4703620.353727218, 26.481027762353715], "rotation": [2.0662139454064152, -1.2553042664738039, 0.5061393269978051]}, "geometry": {"type": "Point", "coordinates": [-70.91651772818695, 42.46890953079758, 26.481027762353715]}}, {"type": "Feature", "properties": {"filename": "DJI_20260508085513_1354_V.JPG", "camera": "v2 dji m3t 4000 3000 brown 0.6666", "focal": 0.7188884491448521, "width": 4000, "height": 3000, "capture_time": 1778230513.0, "translation": [342374.7580263521, 4703584.898309008, 26.57650542321031], "rotation": [2.064479139305892, -1.2683636873872364, 0.5056883610984003]}, "geometry": {"type": "Point", "coordinates": [-70.91738036088749, 42.46857580547596, 26.57650542321031]}}, {"type": "Feature", "properties": {"filename": "DJI_20260508085826_1608_V.JPG", "camera": "v2 dji m3t 4000 3000 brown 0.6666", "focal": 0.7188884491448521, "width": 4000, "height": 3000, "capture_time": 1778230706.0, "translation": [342438.82597770385, 4703593.957414827, 26.564184888475552], "rotation": [0.6602246381785964, -2.667585531979814, 1.0954397767764723]}, "geometry": {"type": "Point", "coordinates": [-70.91660393968675, 42.46867037736418, 26.564184888475552]}}, {"type": "Feature", "properties": {"filename": "DJI_20260508085503_1339_V.JPG", "camera": "v2 dji m3t 4000 3000 brown 0.6666", "focal": 0.7188884491448521, "width": 4000, "height": 3000, "capture_time": 1778230503.0, "translation": [342438.32447209646, 4703616.730849457, 26.482463955509406], "rotation": [2.064205086865147, -1.254577798139355, 0.5072555383810835]}, "geometry": {"type": "Point", "coordinates": [-70.91661629247886, 42.46887525634248, 26.482463955509406]}}, {"type": "Feature", "properties": {"filename": "DJI_20260508085314_1183_V.JPG", "camera": "v2 dji m3t 4000 3000 brown 0.6666", "focal": 0.7188884491448521, "width": 4000, "height": 3000, "capture_time": 1778230394.0, "translation": [342403.58697019075, 4703557.221993046, 26.621588704239414], "rotation": [2.0720686767342475, -1.2520423315501716, 0.49868056218177687]}, "geometry": {"type": "Point", "coordinates": [-70.91702226743926, 42.46833255900581, 26.621588704239414]}}, {"type": "Feature", "properties": {"filename": "DJI_20260508085613_1417_V.JPG", "camera": "v2 dji m3t 4000 3000 brown 0.6666", "focal": 0.7188884491448521, "width": 4000, "height": 3000, "capture_time": 1778230573.0, "translation": [342477.7660347897, 4703653.911303716, 26.632179954058238], "rotation": [0.6647902547157919, -2.663357825050188, 1.0890995904658722]}, "geometry": {"type": "Point", "coordinates": [-70.9161469878643, 42.46921793346911, 26.632179954058238]}}, {"type": "Feature", "properties": {"filename": "DJI_20260508084030_0163_V.JPG", "camera": "v2 dji m3t 4000 3000 brown 0.6666", "focal": 0.7188884491448521, "width": 4000, "height": 3000, "capture_time": 1778229630.0, "translation": [342402.5343897698, 4703566.424857073, 26.491251307786726], "rotation": [-2.4233079951722867, -1.9869582691725998, -0.021144372392704374]}, "geometry": {"type": "Point", "coordinates": [-70.91703759267631, 42.46841517876556, 26.491251307786726]}}, {"type": "Feature", "properties": {"filename": "DJI_20260508084159_0291_V.JPG", "camera": "v2 dji m3t 4000 3000 brown 0.6666", "focal": 0.7188884491448521, "width": 4000, "height": 3000, "capture_time": 1778229719.0, "translation": [342433.0961088775, 4703614.212673198, 26.500837236538747], "rotation": [-2.6388695648813307, 1.6696223190600683, -0.008040349609979045]}, "geometry": {"type": "Point", "coordinates": [-70.91667916515003, 42.46885152723123, 26.500837236538747]}}, {"type": "Feature", "properties": {"filename": "DJI_20260508085354_1240_V.JPG", "camera": "v2 dji m3t 4000 3000 brown 0.6666", "focal": 0.7188884491448521, "width": 4000, "height": 3000, "capture_time": 1778230434.0, "translation": [342390.3774114409, 4703564.67340402, 26.62273948262468], "rotation": [2.070820900320245, -1.257577502186489, 0.5018539599943922]}, "geometry": {"type": "Point", "coordinates": [-70.91718491015422, 42.46839694117156, 26.62273948262468]}}, {"type": "Feature", "properties": {"filename": "DJI_20260508085150_1064_V.JPG", "camera": "v2 dji m3t 4000 3000 brown 0.6666", "focal": 0.7188884491448521, "width": 4000, "height": 3000, "capture_time": 1778230310.0, "translation": [342461.1770759619, 4703558.013391412, 26.579128892216367], "rotation": [2.064454958782223, -1.2588097597171972, 0.5218564328915053]}, "geometry": {"type": "Point", "coordinates": [-70.91632233249999, 42.46835139459611, 26.579128892216367]}}, {"type": "Feature", "properties": {"filename": "DJI_20260508090008_1753_V.JPG", "camera": "v2 dji m3t 4000 3000 brown 0.6666", "focal": 0.7188884491448521, "width": 4000, "height": 3000, "capture_time": 1778230808.0, "translation": [342367.497314634, 4703634.887652617, 26.60209235986493], "rotation": [0.6624556919201737, -2.673211024680786, 1.0883794786797907]}, "geometry": {"type": "Point", "coordinates": [-70.91748237126254, 42.469024276142406, 26.60209235986493]}}, {"type": "Feature", "properties": {"filename": "DJI_20260508085258_1161_V.JPG", "camera": "v2 dji m3t 4000 3000 brown 0.6666", "focal": 0.7188884491448521, "width": 4000, "height": 3000, "capture_time": 1778230378.0, "translation": [342460.3394037891, 4703578.7896655165, 26.431925970848894], "rotation": [2.0760665523935944, -1.252284812114197, 0.5093453078722342]}, "geometry": {"type": "Point", "coordinates": [-70.91633822271409, 42.468538229072266, 26.431925970848894]}}, {"type": "Feature", "properties": {"filename": "DJI_20260508085302_1167_V.JPG", "camera": "v2 dji m3t 4000 3000 brown 0.6666", "focal": 0.7188884491448521, "width": 4000, "height": 3000, "capture_time": 1778230382.0, "translation": [342466.8583077016, 4703588.422338563, 26.44950506325077], "rotation": [2.07093634836041, -1.2499361795416386, 0.5096719981132182]}, "geometry": {"type": "Point", "coordinates": [-70.91626161432555, 42.46862625715362, 26.44950506325077]}}, {"type": "Feature", "properties": {"filename": "DJI_20260508085828_1610_V.JPG", "camera": "v2 dji m3t 4000 3000 brown 0.6666", "focal": 0.7188884491448521, "width": 4000, "height": 3000, "capture_time": 1778230708.0, "translation": [342436.1454990345, 4703596.576500709, 26.583083641687033], "rotation": [0.6579923101429059, -2.6662459524653235, 1.0965988694598676]}, "geometry": {"type": "Point", "coordinates": [-70.91663724725721, 42.46869340631662, 26.583083641687033]}}, {"type": "Feature", "properties": {"filename": "DJI_20260508084320_0383_V.JPG", "camera": "v2 dji m3t 4000 3000 brown 0.6666", "focal": 0.7188884491448521, "width": 4000, "height": 3000, "capture_time": 1778229800.0, "translation": [342473.92883611395, 4703634.641321245, 26.47376547906166], "rotation": [1.3421301582026648, 2.220056501946893, -0.8989339007216665]}, "geometry": {"type": "Point", "coordinates": [-70.91618834708507, 42.469043706430064, 26.47376547906166]}}, {"type": "Feature", "properties": {"filename": "DJI_20260508084346_0420_V.JPG", "camera": "v2 dji m3t 4000 3000 brown 0.6666", "focal": 0.7188884491448521, "width": 4000, "height": 3000, "capture_time": 1778229826.0, "translation": [342515.303342016, 4703648.386545837, 26.60013700280359], "rotation": [1.3509699623404208, 2.2168366074616785, -0.9053070620209254]}, "geometry": {"type": "Point", "coordinates": [-70.91568910415005, 42.469175836983815, 26.60013700280359]}}, {"type": "Feature", "properties": {"filename": "DJI_20260508085330_1206_V.JPG", "camera": "v2 dji m3t 4000 3000 brown 0.6666", "focal": 0.7188884491448521, "width": 4000, "height": 3000, "capture_time": 1778230410.0, "translation": [342409.49663321936, 4703567.230215566, 26.500471173069872], "rotation": [2.081022552768968, -1.2559348297801418, 0.5041269863483334]}, "geometry": {"type": "Point", "coordinates": [-70.91695317030536, 42.46842384387735, 26.500471173069872]}}, {"type": "Feature", "properties": {"filename": "DJI_20260508084707_0685_V.JPG", "camera": "v2 dji m3t 4000 3000 brown 0.6666", "focal": 0.7188884491448521, "width": 4000, "height": 3000, "capture_time": 1778230027.0, "translation": [342401.4298480749, 4703560.821123021, 26.531845733572737], "rotation": [2.315034580764631, 0.5439899250711175, -0.2180936643034767]}, "geometry": {"type": "Point", "coordinates": [-70.91704948153054, 42.46836451555482, 26.531845733572737]}}, {"type": "Feature", "properties": {"filename": "DJI_20260508085429_1291_V.JPG", "camera": "v2 dji m3t 4000 3000 brown 0.6666", "focal": 0.7188884491448521, "width": 4000, "height": 3000, "capture_time": 1778230469.0, "translation": [342406.2779189277, 4703586.778970386, 26.581432629740906], "rotation": [2.066704449689658, -1.2556920249249974, 0.5022877247666675]}, "geometry": {"type": "Point", "coordinates": [-70.91699767282694, 42.468599145151124, 26.581432629740906]}}, {"type": "Feature", "properties": {"filename": "DJI_20260508085826_1607_V.JPG", "camera": "v2 dji m3t 4000 3000 brown 0.6666", "focal": 0.7188884491448521, "width": 4000, "height": 3000, "capture_time": 1778230706.0, "translation": [342440.71538877796, 4703594.580774969, 26.55024881046603], "rotation": [0.6616084757833184, -2.6676088210955426, 1.0933807714315908]}, "geometry": {"type": "Point", "coordinates": [-70.91658114025908, 42.468676372397404, 26.55024881046603]}}, {"type": "Feature", "properties": {"filename": "DJI_20260508085409_1262_V.JPG", "camera": "v2 dji m3t 4000 3000 brown 0.6666", "focal": 0.7188884491448521, "width": 4000, "height": 3000, "capture_time": 1778230449.0, "translation": [342400.93934340426, 4703576.960798323, 26.490825138253705], "rotation": [2.07792662725116, -1.251391126607944, 0.49992129866314317]}, "geometry": {"type": "Point", "coordinates": [-70.91705987927668, 42.46850968704213, 26.490825138253705]}}, {"type": "Feature", "properties": {"filename": "DJI_20260508084742_0734_V.JPG", "camera": "v2 dji m3t 4000 3000 brown 0.6666", "focal": 0.7188884491448521, "width": 4000, "height": 3000, "capture_time": 1778230062.0, "translation": [342446.46947460546, 4703506.105939214, 26.66031854179217], "rotation": [2.3052346151098373, 0.5505964561931138, -0.23456998711113614]}, "geometry": {"type": "Point", "coordinates": [-70.91648688297965, 42.467881190992564, 26.66031854179217]}}, {"type": "Feature", "properties": {"filename": "DJI_20260508085431_1293_V.JPG", "camera": "v2 dji m3t 4000 3000 brown 0.6666", "focal": 0.7188884491448521, "width": 4000, "height": 3000, "capture_time": 1778230471.0, "translation": [342397.93997287017, 4703582.596139539, 26.592629467106057], "rotation": [2.0691032666857723, -1.2567525551459315, 0.5022647191391123]}, "geometry": {"type": "Point", "coordinates": [-70.9170978926108, 42.468559799940074, 26.592629467106057]}}, {"type": "Feature", "properties": {"filename": "DJI_20260508084012_0137_V.JPG", "camera": "v2 dji m3t 4000 3000 brown 0.6666", "focal": 0.7188884491448521, "width": 4000, "height": 3000, "capture_time": 1778229612.0, "translation": [342504.30613766285, 4703613.621881386, 26.487069360632333], "rotation": [-2.9321924698674375, -1.1276495827644795, 0.013793409664978966]}, "geometry": {"type": "Point", "coordinates": [-70.91581325889803, 42.46886068874653, 26.487069360632333]}}, {"type": "Feature", "properties": {"filename": "DJI_20260508085418_1275_V.JPG", "camera": "v2 dji m3t 4000 3000 brown 0.6666", "focal": 0.7188884491448521, "width": 4000, "height": 3000, "capture_time": 1778230458.0, "translation": [342454.7079147614, 4703604.723531663, 26.49375375265449], "rotation": [2.0728899114905404, -1.246395798140369, 0.5077217330708067]}, "geometry": {"type": "Point", "coordinates": [-70.91641381089273, 42.468770511619006, 26.49375375265449]}}, {"type": "Feature", "properties": {"filename": "DJI_20260508085618_1425_V.JPG", "camera": "v2 dji m3t 4000 3000 brown 0.6666", "focal": 0.7188884491448521, "width": 4000, "height": 3000, "capture_time": 1778230578.0, "translation": [342460.2209001562, 4703686.815358784, 26.729712818072297], "rotation": [0.672524800147971, -2.661630340544772, 1.0890582483422375]}, "geometry": {"type": "Point", "coordinates": [-70.91636933357387, 42.46951053145896, 26.729712818072297]}}, {"type": "Feature", "properties": {"filename": "DJI_20260508084637_0664_V.JPG", "camera": "v2 dji m3t 4000 3000 brown 0.6666", "focal": 0.7188884491448521, "width": 4000, "height": 3000, "capture_time": 1778229997.0, "translation": [342494.16734752775, 4703574.749764504, 26.4331774717836], "rotation": [1.3472654372814308, 2.2087213589178454, -0.9024536939828343]}, "geometry": {"type": "Point", "coordinates": [-70.91592584835992, 42.468508744189464, 26.4331774717836]}}, {"type": "Feature", "properties": {"filename": "DJI_20260508084848_0828_V.JPG", "camera": "v2 dji m3t 4000 3000 brown 0.6666", "focal": 0.7188884491448521, "width": 4000, "height": 3000, "capture_time": 1778230128.0, "translation": [342465.3976192183, 4703538.613761809, 26.636536596240056], "rotation": [2.3124720859608736, 0.5526283379820212, -0.22679458168202685]}, "geometry": {"type": "Point", "coordinates": [-70.91626569329337, 42.468177638972605, 26.636536596240056]}}, {"type": "Feature", "properties": {"filename": "DJI_20260508084933_0893_V.JPG", "camera": "v2 dji m3t 4000 3000 brown 0.6666", "focal": 0.7188884491448521, "width": 4000, "height": 3000, "capture_time": 1778230173.0, "translation": [342482.1711199181, 4703547.004702037, 26.584305282374526], "rotation": [2.3018186328346997, 0.5537459737211083, -0.23811627666266952]}, "geometry": {"type": "Point", "coordinates": [-70.91606407396961, 42.46825657522839, 26.584305282374526]}}, {"type": "Feature", "properties": {"filename": "DJI_20260508085618_1424_V.JPG", "camera": "v2 dji m3t 4000 3000 brown 0.6666", "focal": 0.7188884491448521, "width": 4000, "height": 3000, "capture_time": 1778230578.0, "translation": [342462.7125935658, 4703683.304367321, 26.70100463346561], "rotation": [0.6711114324903811, -2.6613219355259607, 1.0895380512365458]}, "geometry": {"type": "Point", "coordinates": [-70.91633807588447, 42.469479436114334, 26.70100463346561]}}, {"type": "Feature", "properties": {"filename": "DJI_20260508085855_1649_V.JPG", "camera": "v2 dji m3t 4000 3000 brown 0.6666", "focal": 0.7188884491448521, "width": 4000, "height": 3000, "capture_time": 1778230735.0, "translation": [342427.7512133651, 4703587.786138968, 26.58763380189752], "rotation": [0.6615117111239354, -2.6672875058538086, 1.097940949498685]}, "geometry": {"type": "Point", "coordinates": [-70.91673688664775, 42.46861257812158, 26.58763380189752]}}, {"type": "Feature", "properties": {"filename": "DJI_20260508084053_0196_V.JPG", "camera": "v2 dji m3t 4000 3000 brown 0.6666", "focal": 0.7188884491448521, "width": 4000, "height": 3000, "capture_time": 1778229653.0, "translation": [342489.5950870414, 4703621.203226325, 26.415445854846308], "rotation": [-1.6954921147859334, -2.6301867518798523, 0.0030290234937571676]}, "geometry": {"type": "Point", "coordinates": [-70.91599419208475, 42.46892593688347, 26.415445854846308]}}, {"type": "Feature", "properties": {"filename": "DJI_20260508084455_0519_V.JPG", "camera": "v2 dji m3t 4000 3000 brown 0.6666", "focal": 0.7188884491448521, "width": 4000, "height": 3000, "capture_time": 1778229895.0, "translation": [342472.98636115115, 4703599.159477205, 26.49511856579163], "rotation": [1.354173062665933, 2.2073302150738607, -0.9137775035441393]}, "geometry": {"type": "Point", "coordinates": [-70.91619006084436, 42.46872414688327, 26.49511856579163]}}, {"type": "Feature", "properties": {"filename": "DJI_20260508085507_1345_V.JPG", "camera": "v2 dji m3t 4000 3000 brown 0.6666", "focal": 0.7188884491448521, "width": 4000, "height": 3000, "capture_time": 1778230507.0, "translation": [342412.72598389816, 4703603.935099312, 26.56039378364846], "rotation": [2.061555285978491, -1.260751991611675, 0.5052290344461742]}, "geometry": {"type": "Point", "coordinates": [-70.91692399350755, 42.468754876964105, 26.56039378364846]}}, {"type": "Feature", "properties": {"filename": "DJI_20260508084311_0371_V.JPG", "camera": "v2 dji m3t 4000 3000 brown 0.6666", "focal": 0.7188884491448521, "width": 4000, "height": 3000, "capture_time": 1778229791.0, "translation": [342523.08958058304, 4703659.428110781, 26.525123065814874], "rotation": [1.3494648072200663, 2.2258644298085994, -0.8992552184507091]}, "geometry": {"type": "Point", "coordinates": [-70.91559747303394, 42.46927680353329, 26.525123065814874]}}, {"type": "Feature", "properties": {"filename": "DJI_20260508085721_1514_V.JPG", "camera": "v2 dji m3t 4000 3000 brown 0.6666", "focal": 0.7188884491448521, "width": 4000, "height": 3000, "capture_time": 1778230641.0, "translation": [342442.7188971316, 4703653.039315958, 26.66473218950261], "rotation": [0.6647382648073057, -2.6757400239799263, 1.0885559707410908]}, "geometry": {"type": "Point", "coordinates": [-70.91657284028682, 42.46920295819218, 26.66473218950261]}}, {"type": "Feature", "properties": {"filename": "DJI_20260508084523_0559_V.JPG", "camera": "v2 dji m3t 4000 3000 brown 0.6666", "focal": 0.7188884491448521, "width": 4000, "height": 3000, "capture_time": 1778229923.0, "translation": [342467.15723008884, 4703589.137196272, 26.41648336461665], "rotation": [1.3482228902345947, 2.2076506830943803, -0.8984831872136475]}, "geometry": {"type": "Point", "coordinates": [-70.91625817648504, 42.46863275228426, 26.41648336461665]}}, {"type": "Feature", "properties": {"filename": "DJI_20260508084047_0188_V.JPG", "camera": "v2 dji m3t 4000 3000 brown 0.6666", "focal": 0.7188884491448521, "width": 4000, "height": 3000, "capture_time": 1778229647.0, "translation": [342492.72540001554, 4703615.988530239, 26.430009390889893], "rotation": [-2.660709879101965, 1.6542138480141013, 0.01676353527684019]}, "geometry": {"type": "Point", "coordinates": [-70.91595470294648, 42.46887963640768, 26.430009390889893]}}, {"type": "Feature", "properties": {"filename": "DJI_20260508084202_0295_V.JPG", "camera": "v2 dji m3t 4000 3000 brown 0.6666", "focal": 0.7188884491448521, "width": 4000, "height": 3000, "capture_time": 1778229722.0, "translation": [342449.9404551451, 4703622.5595382815, 26.51895997498619], "rotation": [-2.6424557699629503, 1.6716783909932298, 0.003717532618646935]}, "geometry": {"type": "Point", "coordinates": [-70.91647667081935, 42.46893008193056, 26.51895997498619]}}, {"type": "Feature", "properties": {"filename": "DJI_20260508085908_1668_V.JPG", "camera": "v2 dji m3t 4000 3000 brown 0.6666", "focal": 0.7188884491448521, "width": 4000, "height": 3000, "capture_time": 1778230748.0, "translation": [342390.3467989654, 4703654.594019759, 26.59014771593667], "rotation": [0.6614072952600439, -2.667098727303368, 1.0889074039935849]}, "geometry": {"type": "Point", "coordinates": [-70.9172099904327, 42.46920629939881, 26.59014771593667]}}, {"type": "Feature", "properties": {"filename": "DJI_20260508085822_1601_V.JPG", "camera": "v2 dji m3t 4000 3000 brown 0.6666", "focal": 0.7188884491448521, "width": 4000, "height": 3000, "capture_time": 1778230702.0, "translation": [342433.83363155305, 4703614.783298289, 26.59229297011261], "rotation": [0.6651882766934099, -2.67332054192962, 1.0917005344743957]}, "geometry": {"type": "Point", "coordinates": [-70.91667035538916, 42.468856813353646, 26.59229297011261]}}, {"type": "Feature", "properties": {"filename": "DJI_20260508084052_0195_V.JPG", "camera": "v2 dji m3t 4000 3000 brown 0.6666", "focal": 0.7188884491448521, "width": 4000, "height": 3000, "capture_time": 1778229652.0, "translation": [342492.7615934013, 4703622.722468208, 26.431866083846366], "rotation": [-1.7158287190291655, -2.6178377653179, 0.005156660077485091]}, "geometry": {"type": "Point", "coordinates": [-70.91595611205989, 42.468940255160014, 26.431866083846366]}}, {"type": "Feature", "properties": {"filename": "DJI_20260508090019_1769_V.JPG", "camera": "v2 dji m3t 4000 3000 brown 0.6666", "focal": 0.7188884491448521, "width": 4000, "height": 3000, "capture_time": 1778230819.0, "translation": [342358.9519387679, 4703637.5663872, 26.642041982368834], "rotation": [0.6595547306750318, -2.6670297712198936, 1.0929474081510873]}, "geometry": {"type": "Point", "coordinates": [-70.91758699904616, 42.46904664839035, 26.642041982368834]}}, {"type": "Feature", "properties": {"filename": "DJI_20260508084048_0189_V.JPG", "camera": "v2 dji m3t 4000 3000 brown 0.6666", "focal": 0.7188884491448521, "width": 4000, "height": 3000, "capture_time": 1778229648.0, "translation": [342496.7849002176, 4703618.303788391, 26.471190783210904], "rotation": [-2.6612159061716443, 1.655432324115604, 0.016245761087748306]}, "geometry": {"type": "Point", "coordinates": [-70.91590598483755, 42.4689013010623, 26.471190783210904]}}, {"type": "Feature", "properties": {"filename": "DJI_20260508084101_0208_V.JPG", "camera": "v2 dji m3t 4000 3000 brown 0.6666", "focal": 0.7188884491448521, "width": 4000, "height": 3000, "capture_time": 1778229661.0, "translation": [342438.86231502914, 4703596.116770349, 26.433403729046873], "rotation": [-1.6664793595043286, -2.6464705190477367, -0.01589024031999678]}, "geometry": {"type": "Point", "coordinates": [-70.91660409106775, 42.4686898208559, 26.433403729046873]}}, {"type": "Feature", "properties": {"filename": "DJI_20260508084009_0134_V.JPG", "camera": "v2 dji m3t 4000 3000 brown 0.6666", "focal": 0.7188884491448521, "width": 4000, "height": 3000, "capture_time": 1778229609.0, "translation": [342505.6613575966, 4703609.525688515, 26.511744595939316], "rotation": [-2.637637299370913, 1.6911951230091882, 0.009254419802772801]}, "geometry": {"type": "Point", "coordinates": [-70.91579565793428, 42.468824094879956, 26.511744595939316]}}, {"type": "Feature", "properties": {"filename": "DJI_20260508085655_1477_V.JPG", "camera": "v2 dji m3t 4000 3000 brown 0.6666", "focal": 0.7188884491448521, "width": 4000, "height": 3000, "capture_time": 1778230615.0, "translation": [342459.82918966596, 4703646.973094178, 26.687585178326927], "rotation": [0.6703840634994411, -2.6765270553168734, 1.0829103493169006]}, "geometry": {"type": "Point", "coordinates": [-70.91636315268381, 42.4691518363189, 26.687585178326927]}}, {"type": "Feature", "properties": {"filename": "DJI_20260508085958_1738_V.JPG", "camera": "v2 dji m3t 4000 3000 brown 0.6666", "focal": 0.7188884491448521, "width": 4000, "height": 3000, "capture_time": 1778230798.0, "translation": [342389.5039993196, 4703604.701541344, 26.66603658650884], "rotation": [0.6507179852709967, -2.6650485895514904, 1.0994650196204752]}, "geometry": {"type": "Point", "coordinates": [-70.9172065274175, 42.468757051871904, 26.66603658650884]}}, {"type": "Feature", "properties": {"filename": "DJI_20260508084824_0794_V.JPG", "camera": "v2 dji m3t 4000 3000 brown 0.6666", "focal": 0.7188884491448521, "width": 4000, "height": 3000, "capture_time": 1778230104.0, "translation": [342439.78558572737, 4703561.2551590735, 26.563493507421985], "rotation": [2.3142690328635536, 0.5486807609234772, -0.22303224420696208]}, "geometry": {"type": "Point", "coordinates": [-70.91658329030106, 42.46837622339657, 26.563493507421985]}}, {"type": "Feature", "properties": {"filename": "DJI_20260508084405_0448_V.JPG", "camera": "v2 dji m3t 4000 3000 brown 0.6666", "focal": 0.7188884491448521, "width": 4000, "height": 3000, "capture_time": 1778229845.0, "translation": [342447.992763403, 4703607.742618672, 26.359997396602843], "rotation": [1.3458721439143433, 2.213238966263751, -0.8994875112489842]}, "geometry": {"type": "Point", "coordinates": [-70.91649628025567, 42.46879632052226, 26.359997396602843]}}, {"type": "Feature", "properties": {"filename": "DJI_20260508083941_0094_V.JPG", "camera": "v2 dji m3t 4000 3000 brown 0.6666", "focal": 0.7188884491448521, "width": 4000, "height": 3000, "capture_time": 1778229581.0, "translation": [342465.07806047297, 4703581.127660215, 26.462550698235425], "rotation": [-1.6620345050797616, -2.6518434600420058, -0.011428942408868397]}, "geometry": {"type": "Point", "coordinates": [-70.91628125436571, 42.468560236627475, 26.462550698235425]}}, {"type": "Feature", "properties": {"filename": "DJI_20260508084051_0193_V.JPG", "camera": "v2 dji m3t 4000 3000 brown 0.6666", "focal": 0.7188884491448521, "width": 4000, "height": 3000, "capture_time": 1778229651.0, "translation": [342497.3066818611, 4703624.24261474, 26.474170735061346], "rotation": [-2.8714318061006225, -1.2690678608853834, 0.014578856830947876]}, "geometry": {"type": "Point", "coordinates": [-70.91590127196798, 42.46895486182581, 26.474170735061346]}}, {"type": "Feature", "properties": {"filename": "DJI_20260508085225_1113_V.JPG", "camera": "v2 dji m3t 4000 3000 brown 0.6666", "focal": 0.7188884491448521, "width": 4000, "height": 3000, "capture_time": 1778230345.0, "translation": [342472.26222744776, 4703577.41778397, 26.442493561735088], "rotation": [2.0654697755413935, -1.2536064696671223, 0.5096229803763442]}, "geometry": {"type": "Point", "coordinates": [-70.91619289360597, 42.46852830520916, 26.442493561735088]}}, {"type": "Feature", "properties": {"filename": "DJI_20260508084050_0192_V.JPG", "camera": "v2 dji m3t 4000 3000 brown 0.6666", "focal": 0.7188884491448521, "width": 4000, "height": 3000, "capture_time": 1778229650.0, "translation": [342499.0132513958, 4703623.409737141, 26.486214815686672], "rotation": [-3.0822335193327093, -0.6063933240165109, 0.016601798315405057]}, "geometry": {"type": "Point", "coordinates": [-70.9158802954189, 42.4689477121247, 26.486214815686672]}}, {"type": "Feature", "properties": {"filename": "DJI_20260508084136_0257_V.JPG", "camera": "v2 dji m3t 4000 3000 brown 0.6666", "focal": 0.7188884491448521, "width": 4000, "height": 3000, "capture_time": 1778229696.0, "translation": [342464.0435742567, 4703622.515912542, 26.531180337631053], "rotation": [-1.6837543025319297, -2.6359124060346573, -0.0019486896232357765]}, "geometry": {"type": "Point", "coordinates": [-70.91630519837713, 42.46893255707373, 26.531180337631053]}}, {"type": "Feature", "properties": {"filename": "DJI_20260508084631_0655_V.JPG", "camera": "v2 dji m3t 4000 3000 brown 0.6666", "focal": 0.7188884491448521, "width": 4000, "height": 3000, "capture_time": 1778229991.0, "translation": [342531.98169217556, 4703593.615221482, 26.49028702114634], "rotation": [1.3533884488112427, 2.2119938577029625, -0.8950754008022834]}, "geometry": {"type": "Point", "coordinates": [-70.91547129762677, 42.468686236584716, 26.49028702114634]}}, {"type": "Feature", "properties": {"filename": "DJI_20260508085332_1209_V.JPG", "camera": "v2 dji m3t 4000 3000 brown 0.6666", "focal": 0.7188884491448521, "width": 4000, "height": 3000, "capture_time": 1778230412.0, "translation": [342422.10031311435, 4703573.572582443, 26.491294879338916], "rotation": [2.0767244495060675, -1.2555429562067144, 0.504494371224332]}, "geometry": {"type": "Point", "coordinates": [-70.91680168310026, 42.468483494294915, 26.491294879338916]}}, {"type": "Feature", "properties": {"filename": "DJI_20260508085733_1532_V.JPG", "camera": "v2 dji m3t 4000 3000 brown 0.6666", "focal": 0.7188884491448521, "width": 4000, "height": 3000, "capture_time": 1778230653.0, "translation": [342453.25423881406, 4703618.236733379, 26.652420704288033], "rotation": [0.6518183970949469, -2.665105204791995, 1.0968152494223378]}, "geometry": {"type": "Point", "coordinates": [-70.9164351957365, 42.468891846744, 26.652420704288033]}}, {"type": "Feature", "properties": {"filename": "DJI_20260508085531_1379_V.JPG", "camera": "v2 dji m3t 4000 3000 brown 0.6666", "focal": 0.7188884491448521, "width": 4000, "height": 3000, "capture_time": 1778230531.0, "translation": [342395.6963600362, 4703602.486615139, 26.47770653422265], "rotation": [2.0742191596047084, -1.2606114972917937, 0.506275718102887]}, "geometry": {"type": "Point", "coordinates": [-70.91713063466058, 42.468738375290116, 26.47770653422265]}}, {"type": "Feature", "properties": {"filename": "DJI_20260508084309_0367_V.JPG", "camera": "v2 dji m3t 4000 3000 brown 0.6666", "focal": 0.7188884491448521, "width": 4000, "height": 3000, "capture_time": 1778229789.0, "translation": [342524.27377635724, 4703665.212255829, 26.604851670497695], "rotation": [1.3515587100077833, 2.221529281390443, -0.9010183127679351]}, "geometry": {"type": "Point", "coordinates": [-70.91558466397754, 42.46932910666191, 26.604851670497695]}}, {"type": "Feature", "properties": {"filename": "DJI_20260508090014_1762_V.JPG", "camera": "v2 dji m3t 4000 3000 brown 0.6666", "focal": 0.7188884491448521, "width": 4000, "height": 3000, "capture_time": 1778230814.0, "translation": [342373.9326645531, 4703615.231812212, 26.571009007978674], "rotation": [0.6618959444360164, -2.6698608926919216, 1.0887394455508914]}, "geometry": {"type": "Point", "coordinates": [-70.91739873104092, 42.46884866567787, 26.571009007978674]}}, {"type": "Feature", "properties": {"filename": "DJI_20260508085458_1332_V.JPG", "camera": "v2 dji m3t 4000 3000 brown 0.6666", "focal": 0.7188884491448521, "width": 4000, "height": 3000, "capture_time": 1778230498.0, "translation": [342447.8004887918, 4703615.156355572, 26.511596256811373], "rotation": [2.070145700414652, -1.2563550048413936, 0.5104405804866045]}, "geometry": {"type": "Point", "coordinates": [-70.91650065423764, 42.46886301158714, 26.511596256811373]}}, {"type": "Feature", "properties": {"filename": "DJI_20260508084405_0447_V.JPG", "camera": "v2 dji m3t 4000 3000 brown 0.6666", "focal": 0.7188884491448521, "width": 4000, "height": 3000, "capture_time": 1778229845.0, "translation": [342452.2769777539, 4703609.867966732, 26.364613227077644], "rotation": [1.3431756304597742, 2.2123409180597062, -0.8998740800979976]}, "geometry": {"type": "Point", "coordinates": [-70.91644477825743, 42.468816321740206, 26.364613227077644]}}, {"type": "Feature", "properties": {"filename": "DJI_20260508084033_0167_V.JPG", "camera": "v2 dji m3t 4000 3000 brown 0.6666", "focal": 0.7188884491448521, "width": 4000, "height": 3000, "capture_time": 1778229633.0, "translation": [342405.16327414, 4703571.897333545, 26.46304253392135], "rotation": [-2.694406736048293, 1.5924928773148996, -0.02307660403070706]}, "geometry": {"type": "Point", "coordinates": [-70.91700713549638, 42.46846497060884, 26.46304253392135]}}, {"type": "Feature", "properties": {"filename": "DJI_20260508085730_1527_V.JPG", "camera": "v2 dji m3t 4000 3000 brown 0.6666", "focal": 0.7188884491448521, "width": 4000, "height": 3000, "capture_time": 1778230650.0, "translation": [342461.2033813889, 4703606.404953913, 26.560562924004532], "rotation": [0.6578871301166483, -2.6692787614773263, 1.09246456579254]}, "geometry": {"type": "Point", "coordinates": [-70.9163353034415, 42.46878696671446, 26.560562924004532]}}, {"type": "Feature", "properties": {"filename": "DJI_20260508085729_1526_V.JPG", "camera": "v2 dji m3t 4000 3000 brown 0.6666", "focal": 0.7188884491448521, "width": 4000, "height": 3000, "capture_time": 1778230649.0, "translation": [342463.0586484764, 4703607.3074401645, 26.544425944918636], "rotation": [0.6594055336993613, -2.6700513509045627, 1.0910895169425994]}, "geometry": {"type": "Point", "coordinates": [-70.91631299571524, 42.46879546713395, 26.544425944918636]}}, {"type": "Feature", "properties": {"filename": "DJI_20260508085728_1525_V.JPG", "camera": "v2 dji m3t 4000 3000 brown 0.6666", "focal": 0.7188884491448521, "width": 4000, "height": 3000, "capture_time": 1778230648.0, "translation": [342463.7792241965, 4703608.91066824, 26.623196558287162], "rotation": [0.6591189529094532, -2.6717804155502987, 1.0918462136299811]}, "geometry": {"type": "Point", "coordinates": [-70.9163046755679, 42.468810044120694, 26.623196558287162]}}, {"type": "Feature", "properties": {"filename": "DJI_20260508085214_1098_V.JPG", "camera": "v2 dji m3t 4000 3000 brown 0.6666", "focal": 0.7188884491448521, "width": 4000, "height": 3000, "capture_time": 1778230334.0, "translation": [342432.00602943066, 4703550.513982522, 26.49650990850942], "rotation": [2.0780457827091237, -1.256396144149731, 0.5076346540492411]}, "geometry": {"type": "Point", "coordinates": [-70.91667491981775, 42.46827796122074, 26.49650990850942]}}, {"type": "Feature", "properties": {"filename": "DJI_20260508084135_0256_V.JPG", "camera": "v2 dji m3t 4000 3000 brown 0.6666", "focal": 0.7188884491448521, "width": 4000, "height": 3000, "capture_time": 1778229695.0, "translation": [342468.3574683313, 4703624.664164256, 26.491196887829233], "rotation": [-1.6837832950620442, -2.637062957831134, 0.0004623282315865296]}, "geometry": {"type": "Point", "coordinates": [-70.91625334165988, 42.46895277039667, 26.491196887829233]}}, {"type": "Feature", "properties": {"filename": "DJI_20260508083915_0056_V.JPG", "camera": "v2 dji m3t 4000 3000 brown 0.6666", "focal": 0.7188884491448521, "width": 4000, "height": 3000, "capture_time": 1778229555.0, "translation": [342420.04256496154, 4703551.428217351, 26.394984201805855], "rotation": [-2.906508443073951, 1.1527405997863238, -0.02831176613081725]}, "geometry": {"type": "Point", "coordinates": [-70.9168206167657, 42.46828375699352, 26.394984201805855]}}, {"type": "Feature", "properties": {"filename": "DJI_20260508084134_0254_V.JPG", "camera": "v2 dji m3t 4000 3000 brown 0.6666", "focal": 0.7188884491448521, "width": 4000, "height": 3000, "capture_time": 1778229694.0, "translation": [342476.50780183653, 4703628.672618312, 26.529334199115667], "rotation": [-1.6951981684755588, -2.632164145201867, 0.0038830968329472124]}, "geometry": {"type": "Point", "coordinates": [-70.91615535373849, 42.468990507198754, 26.529334199115667]}}, {"type": "Feature", "properties": {"filename": "DJI_20260508085529_1376_V.JPG", "camera": "v2 dji m3t 4000 3000 brown 0.6666", "focal": 0.7188884491448521, "width": 4000, "height": 3000, "capture_time": 1778230529.0, "translation": [342383.20868018665, 4703596.118388255, 26.53022598583636], "rotation": [2.07544606414818, -1.2622712559188454, 0.5043807526148568]}, "geometry": {"type": "Point", "coordinates": [-70.91728070475851, 42.46867851527024, 26.53022598583636]}}, {"type": "Feature", "properties": {"filename": "DJI_20260508084355_0433_V.JPG", "camera": "v2 dji m3t 4000 3000 brown 0.6666", "focal": 0.7188884491448521, "width": 4000, "height": 3000, "capture_time": 1778229835.0, "translation": [342511.2263276417, 4703639.29956839, 26.528532938137506], "rotation": [1.345249825052656, 2.2220136857975756, -0.8909442515735325]}, "geometry": {"type": "Point", "coordinates": [-70.91573617616241, 42.46909321739134, 26.528532938137506]}}, {"type": "Feature", "properties": {"filename": "DJI_20260508090001_1743_V.JPG", "camera": "v2 dji m3t 4000 3000 brown 0.6666", "focal": 0.7188884491448521, "width": 4000, "height": 3000, "capture_time": 1778230801.0, "translation": [342378.7399195495, 4703626.007113578, 26.668158343790132], "rotation": [0.6533130499826952, -2.6650288200233114, 1.0973393087044059]}, "geometry": {"type": "Point", "coordinates": [-70.91734324737456, 42.46894663087027, 26.668158343790132]}}, {"type": "Feature", "properties": {"filename": "DJI_20260508083938_0089_V.JPG", "camera": "v2 dji m3t 4000 3000 brown 0.6666", "focal": 0.7188884491448521, "width": 4000, "height": 3000, "capture_time": 1778229578.0, "translation": [342486.2575522883, 4703591.595648138, 26.47028965295996], "rotation": [-1.662159718731642, -2.6512096277215536, -0.0034838983736407993]}, "geometry": {"type": "Point", "coordinates": [-70.91602663806675, 42.46865876397305, 26.47028965295996]}}, {"type": "Feature", "properties": {"filename": "DJI_20260508085117_1042_V.JPG", "camera": "v2 dji m3t 4000 3000 brown 0.6666", "focal": 0.7188884491448521, "width": 4000, "height": 3000, "capture_time": 1778230277.0, "translation": [342513.77908843313, 4703590.87457082, 26.531685085883804], "rotation": [2.3018814984417175, 0.5465375291696857, -0.23596597388024262]}, "geometry": {"type": "Point", "coordinates": [-70.91569184485316, 42.46865786845329, 26.531685085883804]}}, {"type": "Feature", "properties": {"filename": "DJI_20260508085727_1523_V.JPG", "camera": "v2 dji m3t 4000 3000 brown 0.6666", "focal": 0.7188884491448521, "width": 4000, "height": 3000, "capture_time": 1778230647.0, "translation": [342461.55319031805, 4703615.551562758, 26.637169736720146], "rotation": [0.6613388810489641, -2.674070321348917, 1.0904411797944382]}, "geometry": {"type": "Point", "coordinates": [-70.91633356274976, 42.46886936539223, 26.637169736720146]}}, {"type": "Feature", "properties": {"filename": "DJI_20260508085150_1063_V.JPG", "camera": "v2 dji m3t 4000 3000 brown 0.6666", "focal": 0.7188884491448521, "width": 4000, "height": 3000, "capture_time": 1778230310.0, "translation": [342465.7585494388, 4703560.24083377, 26.605458225442803], "rotation": [2.0660071020283306, -1.2596779747921891, 0.5200800358803378]}, "geometry": {"type": "Point", "coordinates": [-70.9162672449088, 42.46837237511194, 26.605458225442803]}}, {"type": "Feature", "properties": {"filename": "DJI_20260508083844_0012_V.JPG", "camera": "v2 dji m3t 4000 3000 brown 0.6666", "focal": 0.7188884491448521, "width": 4000, "height": 3000, "capture_time": 1778229524.0, "translation": [342463.0013385031, 4703558.870789701, 26.50126146488336], "rotation": [-2.6679911621785193, 1.616685160539468, -0.0037141102926855404]}, "geometry": {"type": "Point", "coordinates": [-70.91630038947964, 42.468359482874874, 26.50126146488336]}}, {"type": "Feature", "properties": {"filename": "DJI_20260508083931_0079_V.JPG", "camera": "v2 dji m3t 4000 3000 brown 0.6666", "focal": 0.7188884491448521, "width": 4000, "height": 3000, "capture_time": 1778229571.0, "translation": [342512.58387586847, 4703599.0328853885, 26.48242373860552], "rotation": [-2.6522625540687175, 1.677500619189341, 0.004586308838888694]}, "geometry": {"type": "Point", "coordinates": [-70.9157086157103, 42.46873105755667, 26.48242373860552]}}, {"type": "Feature", "properties": {"filename": "DJI_20260508084850_0832_V.JPG", "camera": "v2 dji m3t 4000 3000 brown 0.6666", "focal": 0.7188884491448521, "width": 4000, "height": 3000, "capture_time": 1778230130.0, "translation": [342456.8148623238, 4703555.432515741, 26.548924323972013], "rotation": [2.309983154539962, 0.5509803817656458, -0.22649720716811272]}, "geometry": {"type": "Point", "coordinates": [-70.91637465732778, 42.46832727742744, 26.548924323972013]}}, {"type": "Feature", "properties": {"filename": "DJI_20260508084959_0930_V.JPG", "camera": "v2 dji m3t 4000 3000 brown 0.6666", "focal": 0.7188884491448521, "width": 4000, "height": 3000, "capture_time": 1778230199.0, "translation": [342486.7652889749, 4703565.792757348, 26.63848067545611], "rotation": [2.302850124860607, 0.545601899998782, -0.2371692924586049]}, "geometry": {"type": "Point", "coordinates": [-70.91601337961002, 42.46842661836663, 26.63848067545611]}}, {"type": "Feature", "properties": {"filename": "DJI_20260508084426_0477_V.JPG", "camera": "v2 dji m3t 4000 3000 brown 0.6666", "focal": 0.7188884491448521, "width": 4000, "height": 3000, "capture_time": 1778229866.0, "translation": [342524.1396178711, 4703638.722304769, 26.555765548160235], "rotation": [1.3472873429618315, 2.217594896454654, -0.9044763397195942]}, "geometry": {"type": "Point", "coordinates": [-70.91557902223647, 42.46909064637756, 26.555765548160235]}}, {"type": "Feature", "properties": {"filename": "DJI_20260508085725_1520_V.JPG", "camera": "v2 dji m3t 4000 3000 brown 0.6666", "focal": 0.7188884491448521, "width": 4000, "height": 3000, "capture_time": 1778230645.0, "translation": [342455.20758734975, 4703628.061287537, 26.649341165752002], "rotation": [0.6629225812696922, -2.675231504279037, 1.0885571124949733]}, "geometry": {"type": "Point", "coordinates": [-70.91641414613758, 42.46898067360392, 26.649341165752002]}}, {"type": "Feature", "properties": {"filename": "DJI_20260508084430_0483_V.JPG", "camera": "v2 dji m3t 4000 3000 brown 0.6666", "focal": 0.7188884491448521, "width": 4000, "height": 3000, "capture_time": 1778229870.0, "translation": [342539.50867762434, 4703640.214685641, 26.479163376679658], "rotation": [1.34487486561596, 2.2241697980333672, -0.8956709386662879]}, "geometry": {"type": "Point", "coordinates": [-70.91539258005523, 42.469107202899494, 26.479163376679658]}}, {"type": "Feature", "properties": {"filename": "DJI_20260508090009_1754_V.JPG", "camera": "v2 dji m3t 4000 3000 brown 0.6666", "focal": 0.7188884491448521, "width": 4000, "height": 3000, "capture_time": 1778230809.0, "translation": [342369.24810204864, 4703631.368111696, 26.61557401006285], "rotation": [0.6648257750890896, -2.673944417799767, 1.0880580180722692]}, "geometry": {"type": "Point", "coordinates": [-70.91746011859621, 42.46899295340847, 26.61557401006285]}}, {"type": "Feature", "properties": {"filename": "DJI_20260508085336_1215_V.JPG", "camera": "v2 dji m3t 4000 3000 brown 0.6666", "focal": 0.7188884491448521, "width": 4000, "height": 3000, "capture_time": 1778230416.0, "translation": [342447.3378721575, 4703586.2586248135, 26.430083949084352], "rotation": [2.072056245745315, -1.2526168854662398, 0.5085136165100125]}, "geometry": {"type": "Point", "coordinates": [-70.91649834102094, 42.46860281246443, 26.430083949084352]}}, {"type": "Feature", "properties": {"filename": "DJI_20260508085930_1698_V.JPG", "camera": "v2 dji m3t 4000 3000 brown 0.6666", "focal": 0.7188884491448521, "width": 4000, "height": 3000, "capture_time": 1778230770.0, "translation": [342402.62396517856, 4703606.922517218, 26.720178344230614], "rotation": [0.658715236913683, -2.6633253424774215, 1.0971470935573118]}, "geometry": {"type": "Point", "coordinates": [-70.91704763050011, 42.46877971151401, 26.720178344230614]}}, {"type": "Feature", "properties": {"filename": "DJI_20260508085819_1597_V.JPG", "camera": "v2 dji m3t 4000 3000 brown 0.6666", "focal": 0.7188884491448521, "width": 4000, "height": 3000, "capture_time": 1778230699.0, "translation": [342425.3064843611, 4703631.655375551, 26.623096364198517], "rotation": [0.6674694190045151, -2.6739266489673996, 1.0914593943754436]}, "geometry": {"type": "Point", "coordinates": [-70.91677866017797, 42.46900694263104, 26.623096364198517]}}, {"type": "Feature", "properties": {"filename": "DJI_20260508085537_1387_V.JPG", "camera": "v2 dji m3t 4000 3000 brown 0.6666", "focal": 0.7188884491448521, "width": 4000, "height": 3000, "capture_time": 1778230537.0, "translation": [342429.74656833475, 4703619.439651048, 26.466346294150462], "rotation": [2.0696128873147117, -1.2607043814522827, 0.5074336940146955]}, "geometry": {"type": "Point", "coordinates": [-70.91672132345396, 42.46889789340716, 26.466346294150462]}}, {"type": "Feature", "properties": {"filename": "DJI_20260508084351_0428_V.JPG", "camera": "v2 dji m3t 4000 3000 brown 0.6666", "focal": 0.7188884491448521, "width": 4000, "height": 3000, "capture_time": 1778229831.0, "translation": [342530.32245858025, 4703648.983355635, 26.549877130985458], "rotation": [1.3462790434018892, 2.2212019896556057, -0.8957078157987987]}, "geometry": {"type": "Point", "coordinates": [-70.91550667038221, 42.469184261629124, 26.549877130985458]}}, {"type": "Feature", "properties": {"filename": "DJI_20260508085059_1015_V.JPG", "camera": "v2 dji m3t 4000 3000 brown 0.6666", "focal": 0.7188884491448521, "width": 4000, "height": 3000, "capture_time": 1778230259.0, "translation": [342521.58097916964, 4703552.6417794125, 26.66184310682722], "rotation": [2.3051865011330337, 0.5552308931117887, -0.23817520694775698]}, "geometry": {"type": "Point", "coordinates": [-70.91558649617136, 42.46831532529335, 26.66184310682722]}}, {"type": "Feature", "properties": {"filename": "DJI_20260508084054_0197_V.JPG", "camera": "v2 dji m3t 4000 3000 brown 0.6666", "focal": 0.7188884491448521, "width": 4000, "height": 3000, "capture_time": 1778229654.0, "translation": [342485.4126870916, 4703619.189378743, 26.49597849494276], "rotation": [-1.6832650589636406, -2.6378956598859156, 0.003747546505296625]}, "geometry": {"type": "Point", "coordinates": [-70.91604448712076, 42.468906960166436, 26.49597849494276]}}, {"type": "Feature", "properties": {"filename": "DJI_20260508084211_0307_V.JPG", "camera": "v2 dji m3t 4000 3000 brown 0.6666", "focal": 0.7188884491448521, "width": 4000, "height": 3000, "capture_time": 1778229731.0, "translation": [342483.3260680048, 4703645.69978211, 26.478708907469144], "rotation": [-2.7999784354326804, -1.4150305833782693, 0.00871498655438493]}, "geometry": {"type": "Point", "coordinates": [-70.91607713568564, 42.469145152977866, 26.478708907469144]}}, {"type": "Feature", "properties": {"filename": "DJI_20260508084445_0505_V.JPG", "camera": "v2 dji m3t 4000 3000 brown 0.6666", "focal": 0.7188884491448521, "width": 4000, "height": 3000, "capture_time": 1778229885.0, "translation": [342452.51447847445, 4703595.994517401, 26.400566317513082], "rotation": [1.3410378569924815, 2.2148294451056736, -0.9058066049985947]}, "geometry": {"type": "Point", "coordinates": [-70.91643808022674, 42.46869149676071, 26.400566317513082]}}, {"type": "Feature", "properties": {"filename": "DJI_20260508085709_1498_V.JPG", "camera": "v2 dji m3t 4000 3000 brown 0.6666", "focal": 0.7188884491448521, "width": 4000, "height": 3000, "capture_time": 1778230629.0, "translation": [342451.31253522926, 4703650.062211376, 26.697933304873487], "rotation": [0.653315922705429, -2.6639523047130127, 1.0972343006679917]}, "geometry": {"type": "Point", "coordinates": [-70.91646754385665, 42.469177909238034, 26.697933304873487]}}, {"type": "Feature", "properties": {"filename": "DJI_20260508084925_0881_V.JPG", "camera": "v2 dji m3t 4000 3000 brown 0.6666", "focal": 0.7188884491448521, "width": 4000, "height": 3000, "capture_time": 1778230165.0, "translation": [342458.85219376214, 4703589.167987663, 26.54141152765301], "rotation": [2.307075338322573, 0.5520733345819789, -0.23235603970800933]}, "geometry": {"type": "Point", "coordinates": [-70.91635915399853, 42.468631340719796, 26.54141152765301]}}, {"type": "Feature", "properties": {"filename": "DJI_20260508085014_0952_V.JPG", "camera": "v2 dji m3t 4000 3000 brown 0.6666", "focal": 0.7188884491448521, "width": 4000, "height": 3000, "capture_time": 1778230214.0, "translation": [342491.2739984745, 4703570.881113536, 26.585028213219893], "rotation": [2.3107240255847015, 0.5496952741879868, -0.22940700241681594]}, "geometry": {"type": "Point", "coordinates": [-70.91595996207194, 42.46847333469956, 26.585028213219893]}}, {"type": "Feature", "properties": {"filename": "DJI_20260508084211_0308_V.JPG", "camera": "v2 dji m3t 4000 3000 brown 0.6666", "focal": 0.7188884491448521, "width": 4000, "height": 3000, "capture_time": 1778229731.0, "translation": [342481.20810733596, 4703645.088330089, 26.466408713244654], "rotation": [-1.9443282349088984, -2.4501622976306017, 0.009779470947384935]}, "geometry": {"type": "Point", "coordinates": [-70.9161027172343, 42.469139218756844, 26.466408713244654]}}, {"type": "Feature", "properties": {"filename": "DJI_20260508084123_0239_V.JPG", "camera": "v2 dji m3t 4000 3000 brown 0.6666", "focal": 0.7188884491448521, "width": 4000, "height": 3000, "capture_time": 1778229683.0, "translation": [342462.35952068254, 4703614.738267136, 26.4838564387887], "rotation": [-2.6475823301425265, 1.665122916747461, 0.004914026007470107]}, "geometry": {"type": "Point", "coordinates": [-70.91632353632185, 42.468862208972794, 26.4838564387887]}}, {"type": "Feature", "properties": {"filename": "DJI_20260508084856_0840_V.JPG", "camera": "v2 dji m3t 4000 3000 brown 0.6666", "focal": 0.7188884491448521, "width": 4000, "height": 3000, "capture_time": 1778230136.0, "translation": [342446.39310677064, 4703583.234122923, 26.561978796179627], "rotation": [2.3075003819240565, 0.5486220083973474, -0.22875508277016696]}, "geometry": {"type": "Point", "coordinates": [-70.91650899630635, 42.46857539715675, 26.561978796179627]}}, {"type": "Feature", "properties": {"filename": "DJI_20260508084942_0906_V.JPG", "camera": "v2 dji m3t 4000 3000 brown 0.6666", "focal": 0.7188884491448521, "width": 4000, "height": 3000, "capture_time": 1778230182.0, "translation": [342493.3460469163, 4703538.8594143605, 26.70235621151162], "rotation": [2.3132286168065663, 0.5557707743454554, -0.23129868401620585]}, "geometry": {"type": "Point", "coordinates": [-70.9159259781934, 42.46818553230934, 26.70235621151162]}}, {"type": "Feature", "properties": {"filename": "DJI_20260508084250_0340_V.JPG", "camera": "v2 dji m3t 4000 3000 brown 0.6666", "focal": 0.7188884491448521, "width": 4000, "height": 3000, "capture_time": 1778229770.0, "translation": [342418.5831766116, 4703613.902665221, 26.53190997419719], "rotation": [1.3373494823508054, 2.2071120181660175, -0.9111439327620283]}, "geometry": {"type": "Point", "coordinates": [-70.91685552253023, 42.46884578516471, 26.53190997419719]}}, {"type": "Feature", "properties": {"filename": "DJI_20260508084140_0263_V.JPG", "camera": "v2 dji m3t 4000 3000 brown 0.6666", "focal": 0.7188884491448521, "width": 4000, "height": 3000, "capture_time": 1778229700.0, "translation": [342438.7151625631, 4703609.957247028, 26.514387278730798], "rotation": [-1.6794865480897894, -2.6388256064492426, -0.013532751584828466]}, "geometry": {"type": "Point", "coordinates": [-70.9166096819523, 42.46881436741023, 26.514387278730798]}}, {"type": "Feature", "properties": {"filename": "DJI_20260508083926_0072_V.JPG", "camera": "v2 dji m3t 4000 3000 brown 0.6666", "focal": 0.7188884491448521, "width": 4000, "height": 3000, "capture_time": 1778229566.0, "translation": [342484.95492858125, 4703584.064914364, 26.45746456523531], "rotation": [-2.6584869545449004, 1.6412250944551703, -0.013941462038342557]}, "geometry": {"type": "Point", "coordinates": [-70.91604040680298, 42.46859071587951, 26.45746456523531]}}, {"type": "Feature", "properties": {"filename": "DJI_20260508084531_0570_V.JPG", "camera": "v2 dji m3t 4000 3000 brown 0.6666", "focal": 0.7188884491448521, "width": 4000, "height": 3000, "capture_time": 1778229931.0, "translation": [342462.74676777114, 4703579.946816802, 26.4472038599499], "rotation": [1.3483978384269446, 2.2043432853533638, -0.907396851267814]}, "geometry": {"type": "Point", "coordinates": [-70.91630927287117, 42.4685491339623, 26.4472038599499]}}, {"type": "Feature", "properties": {"filename": "DJI_20260508084136_0258_V.JPG", "camera": "v2 dji m3t 4000 3000 brown 0.6666", "focal": 0.7188884491448521, "width": 4000, "height": 3000, "capture_time": 1778229696.0, "translation": [342459.77335173683, 4703620.391713798, 26.52356404072587], "rotation": [-1.682993244466124, -2.6357324946186877, -0.004881028133012313]}, "geometry": {"type": "Point", "coordinates": [-70.91635653072437, 42.468912569106124, 26.52356404072587]}}, {"type": "Feature", "properties": {"filename": "DJI_20260508083930_0077_V.JPG", "camera": "v2 dji m3t 4000 3000 brown 0.6666", "focal": 0.7188884491448521, "width": 4000, "height": 3000, "capture_time": 1778229570.0, "translation": [342506.08428593766, 4703594.6407524245, 26.44640411302541], "rotation": [-2.666680519782371, 1.6465001240205388, -0.00044871610613369655]}, "geometry": {"type": "Point", "coordinates": [-70.91578642911138, 42.46869020325462, 26.44640411302541]}}, {"type": "Feature", "properties": {"filename": "DJI_20260508085207_1088_V.JPG", "camera": "v2 dji m3t 4000 3000 brown 0.6666", "focal": 0.7188884491448521, "width": 4000, "height": 3000, "capture_time": 1778230327.0, "translation": [342389.4730047835, 4703529.148805433, 26.517113035476783], "rotation": [2.0889317127502216, -1.2564900894467184, 0.5026928957811858]}, "geometry": {"type": "Point", "coordinates": [-70.91718614438214, 42.46807700459321, 26.517113035476783]}}, {"type": "Feature", "properties": {"filename": "DJI_20260508085736_1536_V.JPG", "camera": "v2 dji m3t 4000 3000 brown 0.6666", "focal": 0.7188884491448521, "width": 4000, "height": 3000, "capture_time": 1778230656.0, "translation": [342444.73627502803, 4703635.134872424, 26.677412801647506], "rotation": [0.6547278455555882, -2.662608456538805, 1.0989580789686018]}, "geometry": {"type": "Point", "coordinates": [-70.91654339554482, 42.46904221269946, 26.677412801647506]}}, {"type": "Feature", "properties": {"filename": "DJI_20260508084438_0494_V.JPG", "camera": "v2 dji m3t 4000 3000 brown 0.6666", "focal": 0.7188884491448521, "width": 4000, "height": 3000, "capture_time": 1778229878.0, "translation": [342499.07539229945, 4703619.322512829, 26.49490134650911], "rotation": [1.338829556886569, 2.22020250191202, -0.8990226388071512]}, "geometry": {"type": "Point", "coordinates": [-70.91587841762495, 42.46891093612419, 26.49490134650911]}}, {"type": "Feature", "properties": {"filename": "DJI_20260508085813_1589_V.JPG", "camera": "v2 dji m3t 4000 3000 brown 0.6666", "focal": 0.7188884491448521, "width": 4000, "height": 3000, "capture_time": 1778230693.0, "translation": [342410.4909954894, 4703661.945965577, 26.577469431487188], "rotation": [0.6663381635367572, -2.6692917891363583, 1.0927361494056234]}, "geometry": {"type": "Point", "coordinates": [-70.91696710375979, 42.469276571119245, 26.577469431487188]}}, {"type": "Feature", "properties": {"filename": "DJI_20260508085022_0963_V.JPG", "camera": "v2 dji m3t 4000 3000 brown 0.6666", "focal": 0.7188884491448521, "width": 4000, "height": 3000, "capture_time": 1778230222.0, "translation": [342484.515956301, 4703597.866862778, 26.61919929499127], "rotation": [2.3027930640933, 0.5480857386192729, -0.23187245366024728]}, "geometry": {"type": "Point", "coordinates": [-70.91604953379897, 42.468714856367974, 26.61919929499127]}}, {"type": "Feature", "properties": {"filename": "DJI_20260508084518_0552_V.JPG", "camera": "v2 dji m3t 4000 3000 brown 0.6666", "focal": 0.7188884491448521, "width": 4000, "height": 3000, "capture_time": 1778229918.0, "translation": [342496.7277613164, 4703604.048623064, 26.456008512173796], "rotation": [1.3501315175340598, 2.2148194001798602, -0.8940918085328472]}, "geometry": {"type": "Point", "coordinates": [-70.91590276515662, 42.46877298035192, 26.456008512173796]}}, {"type": "Feature", "properties": {"filename": "DJI_20260508085820_1599_V.JPG", "camera": "v2 dji m3t 4000 3000 brown 0.6666", "focal": 0.7188884491448521, "width": 4000, "height": 3000, "capture_time": 1778230700.0, "translation": [342429.6585002771, 4703623.012934826, 26.630857355664215], "rotation": [0.6670169564806493, -2.6742023235501042, 1.0910059691220548]}, "geometry": {"type": "Point", "coordinates": [-70.91672337576836, 42.46893003819396, 26.630857355664215]}}, {"type": "Feature", "properties": {"filename": "DJI_20260508084230_0334_V.JPG", "camera": "v2 dji m3t 4000 3000 brown 0.6666", "focal": 0.7188884491448521, "width": 4000, "height": 3000, "capture_time": 1778229750.0, "translation": [342379.4747787019, 4703594.294610088, 26.546687912538992], "rotation": [-1.6635619919387126, -2.66062529159547, -0.02101540895012817]}, "geometry": {"type": "Point", "coordinates": [-70.91732559876907, 42.468661340035275, 26.546687912538992]}}, {"type": "Feature", "properties": {"filename": "DJI_20260508084537_0578_V.JPG", "camera": "v2 dji m3t 4000 3000 brown 0.6666", "focal": 0.7188884491448521, "width": 4000, "height": 3000, "capture_time": 1778229937.0, "translation": [342496.8273513067, 4703597.045582464, 26.510826937949197], "rotation": [1.3538161933188086, 2.2048582463563493, -0.9065392795561696]}, "geometry": {"type": "Point", "coordinates": [-70.91589963141308, 42.46870996703826, 26.510826937949197]}}, {"type": "Feature", "properties": {"filename": "DJI_20260508084124_0241_V.JPG", "camera": "v2 dji m3t 4000 3000 brown 0.6666", "focal": 0.7188884491448521, "width": 4000, "height": 3000, "capture_time": 1778229684.0, "translation": [342470.8387278305, 4703619.036598464, 26.506816644275155], "rotation": [-2.6493281939646853, 1.665216809538706, 0.011691315408402654]}, "geometry": {"type": "Point", "coordinates": [-70.91622162987407, 42.46890262185237, 26.506816644275155]}}, {"type": "Feature", "properties": {"filename": "DJI_20260508085452_1323_V.JPG", "camera": "v2 dji m3t 4000 3000 brown 0.6666", "focal": 0.7188884491448521, "width": 4000, "height": 3000, "capture_time": 1778230492.0, "translation": [342410.88098536106, 4703596.04135164, 26.500611363086282], "rotation": [2.0750802134720936, -1.2605546431475592, 0.5061951087835498]}, "geometry": {"type": "Point", "coordinates": [-70.91694425551333, 42.4686834510177, 26.500611363086282]}}, {"type": "Feature", "properties": {"filename": "DJI_20260508084918_0871_V.JPG", "camera": "v2 dji m3t 4000 3000 brown 0.6666", "focal": 0.7188884491448521, "width": 4000, "height": 3000, "capture_time": 1778230158.0, "translation": [342471.30147505057, 4703554.676620043, 26.645061733507376], "rotation": [2.313035886107196, 0.5547015376441927, -0.23134404475879428]}, "geometry": {"type": "Point", "coordinates": [-70.91619832858309, 42.46832341929959, 26.645061733507376]}}, {"type": "Feature", "properties": {"filename": "DJI_20260508084134_0255_V.JPG", "camera": "v2 dji m3t 4000 3000 brown 0.6666", "focal": 0.7188884491448521, "width": 4000, "height": 3000, "capture_time": 1778229694.0, "translation": [342472.5762518957, 4703626.736866631, 26.506207466958617], "rotation": [-1.6855831484796988, -2.637316071582222, 0.002579379020999034]}, "geometry": {"type": "Point", "coordinates": [-70.91620262047907, 42.46897228434755, 26.506207466958617]}}, {"type": "Feature", "properties": {"filename": "DJI_20260508084145_0271_V.JPG", "camera": "v2 dji m3t 4000 3000 brown 0.6666", "focal": 0.7188884491448521, "width": 4000, "height": 3000, "capture_time": 1778229705.0, "translation": [342404.93692464684, 4703592.955944245, 26.46531044646081], "rotation": [-1.6896878805542344, -2.6377302870754065, -0.023225103306999815]}, "geometry": {"type": "Point", "coordinates": [-70.9170156731604, 42.46865447057273, 26.46531044646081]}}, {"type": "Feature", "properties": {"filename": "DJI_20260508084131_0251_V.JPG", "camera": "v2 dji m3t 4000 3000 brown 0.6666", "focal": 0.7188884491448521, "width": 4000, "height": 3000, "capture_time": 1778229691.0, "translation": [342487.50135304505, 4703634.025719337, 26.44423984069863], "rotation": [-1.8189373683488763, -2.5526078497235853, 0.006282560076935471]}, "geometry": {"type": "Point", "coordinates": [-70.91602316811115, 42.469040924982025, 26.44423984069863]}}, {"type": "Feature", "properties": {"filename": "DJI_20260508085617_1423_V.JPG", "camera": "v2 dji m3t 4000 3000 brown 0.6666", "focal": 0.7188884491448521, "width": 4000, "height": 3000, "capture_time": 1778230577.0, "translation": [342464.9250443346, 4703679.053196658, 26.703539790101086], "rotation": [0.6701617115430164, -2.6609064919514083, 1.0905677852022502]}, "geometry": {"type": "Point", "coordinates": [-70.91631000988765, 42.46944162171434, 26.703539790101086]}}, {"type": "Feature", "properties": {"filename": "DJI_20260508084002_0123_V.JPG", "camera": "v2 dji m3t 4000 3000 brown 0.6666", "focal": 0.7188884491448521, "width": 4000, "height": 3000, "capture_time": 1778229602.0, "translation": [342461.0758480494, 4703586.169443291, 26.496144695448432], "rotation": [-2.6477947854693538, 1.652662630822743, -0.01863508126753347]}, "geometry": {"type": "Point", "coordinates": [-70.91633129621427, 42.468604803332454, 26.496144695448432]}}, {"type": "Feature", "properties": {"filename": "DJI_20260508084344_0417_V.JPG", "camera": "v2 dji m3t 4000 3000 brown 0.6666", "focal": 0.7188884491448521, "width": 4000, "height": 3000, "capture_time": 1778229824.0, "translation": [342502.62625342957, 4703642.0255953055, 26.57792592006949], "rotation": [1.3519371294166487, 2.2148617807206246, -0.9081877541526371]}, "geometry": {"type": "Point", "coordinates": [-70.91584148148787, 42.469116005797396, 26.57792592006949]}}, {"type": "Feature", "properties": {"filename": "DJI_20260508085614_1419_V.JPG", "camera": "v2 dji m3t 4000 3000 brown 0.6666", "focal": 0.7188884491448521, "width": 4000, "height": 3000, "capture_time": 1778230574.0, "translation": [342473.3925096598, 4703662.418895584, 26.64125679609077], "rotation": [0.6660798675986118, -2.662600856582277, 1.0902132142079113]}, "geometry": {"type": "Point", "coordinates": [-70.91620249631222, 42.46929362005768, 26.64125679609077]}}, {"type": "Feature", "properties": {"filename": "DJI_20260508084018_0146_V.JPG", "camera": "v2 dji m3t 4000 3000 brown 0.6666", "focal": 0.7188884491448521, "width": 4000, "height": 3000, "capture_time": 1778229618.0, "translation": [342471.5080010763, 4703598.257941644, 26.432707702584178], "rotation": [-1.6648692173284854, -2.646606254582853, -0.004477891016100268]}, "geometry": {"type": "Point", "coordinates": [-70.91620778654463, 42.468715731679836, 26.432707702584178]}}, {"type": "Feature", "properties": {"filename": "DJI_20260508085625_1435_V.JPG", "camera": "v2 dji m3t 4000 3000 brown 0.6666", "focal": 0.7188884491448521, "width": 4000, "height": 3000, "capture_time": 1778230585.0, "translation": [342465.8278171185, 4703663.1652139155, 26.635430515513185], "rotation": [0.6752720572064567, -2.673454387732384, 1.0850982169145116]}, "geometry": {"type": "Point", "coordinates": [-70.91629467053644, 42.46929879943419, 26.635430515513185]}}, {"type": "Feature", "properties": {"filename": "DJI_20260508085206_1086_V.JPG", "camera": "v2 dji m3t 4000 3000 brown 0.6666", "focal": 0.7188884491448521, "width": 4000, "height": 3000, "capture_time": 1778230326.0, "translation": [342384.0373781878, 4703526.255671558, 26.483561077896766], "rotation": [2.086793988561207, -1.2540906157684002, 0.5022125447445906]}, "geometry": {"type": "Point", "coordinates": [-70.91725143280263, 42.46804985807405, 26.483561077896766]}}, {"type": "Feature", "properties": {"filename": "DJI_20260508085700_1485_V.JPG", "camera": "v2 dji m3t 4000 3000 brown 0.6666", "focal": 0.7188884491448521, "width": 4000, "height": 3000, "capture_time": 1778230620.0, "translation": [342474.79334680276, 4703615.005602272, 26.62398513520317], "rotation": [0.664151784463785, -2.671240148726004, 1.0888764401028146]}, "geometry": {"type": "Point", "coordinates": [-70.91617244407232, 42.46886714340241, 26.62398513520317]}}, {"type": "Feature", "properties": {"filename": "DJI_20260508084209_0305_V.JPG", "camera": "v2 dji m3t 4000 3000 brown 0.6666", "focal": 0.7188884491448521, "width": 4000, "height": 3000, "capture_time": 1778229729.0, "translation": [342486.16850097006, 4703643.185463159, 26.496825726238168], "rotation": [-3.063927039549674, 0.6865630250132995, 0.007893344148322648]}, "geometry": {"type": "Point", "coordinates": [-70.91604188785321, 42.46912309978676, 26.496825726238168]}}, {"type": "Feature", "properties": {"filename": "DJI_20260508084310_0369_V.JPG", "camera": "v2 dji m3t 4000 3000 brown 0.6666", "focal": 0.7188884491448521, "width": 4000, "height": 3000, "capture_time": 1778229790.0, "translation": [342526.1592019898, 4703661.977553154, 26.545400156483225], "rotation": [1.3521738864109998, 2.2240082469017377, -0.9013167395745586]}, "geometry": {"type": "Point", "coordinates": [-70.9155608534409, 42.469300374707025, 26.545400156483225]}}, {"type": "Feature", "properties": {"filename": "DJI_20260508085838_1624_V.JPG", "camera": "v2 dji m3t 4000 3000 brown 0.6666", "focal": 0.7188884491448521, "width": 4000, "height": 3000, "capture_time": 1778230718.0, "translation": [342407.4920042569, 4703653.320942502, 26.591519638220106], "rotation": [0.6546617590586872, -2.665870080145043, 1.0973590302397687]}, "geometry": {"type": "Point", "coordinates": [-70.91700119481189, 42.469198328313404, 26.591519638220106]}}, {"type": "Feature", "properties": {"filename": "DJI_20260508085020_0960_V.JPG", "camera": "v2 dji m3t 4000 3000 brown 0.6666", "focal": 0.7188884491448521, "width": 4000, "height": 3000, "capture_time": 1778230220.0, "translation": [342479.613393476, 4703599.715005071, 26.59566156712868], "rotation": [2.305298968365867, 0.5491580977149847, -0.2331761302036946]}, "geometry": {"type": "Point", "coordinates": [-70.91610964467077, 42.46873049453078, 26.59566156712868]}}, {"type": "Feature", "properties": {"filename": "DJI_20260508083908_0046_V.JPG", "camera": "v2 dji m3t 4000 3000 brown 0.6666", "focal": 0.7188884491448521, "width": 4000, "height": 3000, "capture_time": 1778229548.0, "translation": [342445.4103529555, 4703557.352041053, 26.47071219362313], "rotation": [1.6478266959821934, 2.6745967338635097, 0.023702963269769655]}, "geometry": {"type": "Point", "coordinates": [-70.91651383500182, 42.468342235748764, 26.47071219362313]}}, {"type": "Feature", "properties": {"filename": "DJI_20260508084308_0366_V.JPG", "camera": "v2 dji m3t 4000 3000 brown 0.6666", "focal": 0.7188884491448521, "width": 4000, "height": 3000, "capture_time": 1778229788.0, "translation": [342522.2838622312, 4703665.117734676, 26.60697641072207], "rotation": [1.351544499520569, 2.222243249508577, -0.903406346412636]}, "geometry": {"type": "Point", "coordinates": [-70.91560883082414, 42.46932785141133, 26.60697641072207]}}, {"type": "Feature", "properties": {"filename": "DJI_20260508085718_1510_V.JPG", "camera": "v2 dji m3t 4000 3000 brown 0.6666", "focal": 0.7188884491448521, "width": 4000, "height": 3000, "capture_time": 1778230638.0, "translation": [342434.5324054211, 4703669.725755121, 26.604598574168396], "rotation": [0.6627184013463391, -2.672225546545604, 1.0894442918370018]}, "geometry": {"type": "Point", "coordinates": [-70.91667695288761, 42.469351485921635, 26.604598574168396]}}, {"type": "Feature", "properties": {"filename": "DJI_20260508084249_0339_V.JPG", "camera": "v2 dji m3t 4000 3000 brown 0.6666", "focal": 0.7188884491448521, "width": 4000, "height": 3000, "capture_time": 1778229769.0, "translation": [342418.29920351144, 4703613.953303321, 26.520704991543923], "rotation": [1.335773981186355, 2.206821986751712, -0.9100601426492636]}, "geometry": {"type": "Point", "coordinates": [-70.9168589888753, 42.46884618319338, 26.520704991543923]}}, {"type": "Feature", "properties": {"filename": "DJI_20260508085717_1509_V.JPG", "camera": "v2 dji m3t 4000 3000 brown 0.6666", "focal": 0.7188884491448521, "width": 4000, "height": 3000, "capture_time": 1778230637.0, "translation": [342433.391941288, 4703672.197898015, 26.598891079031013], "rotation": [0.6607573439232465, -2.6697857758703294, 1.0923771685743713]}, "geometry": {"type": "Point", "coordinates": [-70.916691497437, 42.46937350543548, 26.598891079031013]}}, {"type": "Feature", "properties": {"filename": "DJI_20260508084511_0542_V.JPG", "camera": "v2 dji m3t 4000 3000 brown 0.6666", "focal": 0.7188884491448521, "width": 4000, "height": 3000, "capture_time": 1778229911.0, "translation": [342538.896277525, 4703625.21885606, 26.45401726706217], "rotation": [1.353063881004834, 2.21925591842169, -0.8914743003838915]}, "geometry": {"type": "Point", "coordinates": [-70.91539590873715, 42.4689721026717, 26.45401726706217]}}, {"type": "Feature", "properties": {"filename": "DJI_20260508084126_0243_V.JPG", "camera": "v2 dji m3t 4000 3000 brown 0.6666", "focal": 0.7188884491448521, "width": 4000, "height": 3000, "capture_time": 1778229686.0, "translation": [342479.3347424906, 4703623.270433181, 26.489443947423194], "rotation": [-2.6521585204060245, 1.667819389739382, 0.016225259073189634]}, "geometry": {"type": "Point", "coordinates": [-70.9161195012409, 42.46894245753446, 26.489443947423194]}}, {"type": "Feature", "properties": {"filename": "DJI_20260508085241_1136_V.JPG", "camera": "v2 dji m3t 4000 3000 brown 0.6666", "focal": 0.7188884491448521, "width": 4000, "height": 3000, "capture_time": 1778230361.0, "translation": [342378.2489591664, 4703531.301649533, 26.580092511207702], "rotation": [2.08035730378064, -1.2455060410312453, 0.49474643733976625]}, "geometry": {"type": "Point", "coordinates": [-70.91732319178932, 42.468094098724265, 26.580092511207702]}}, {"type": "Feature", "properties": {"filename": "DJI_20260508090012_1758_V.JPG", "camera": "v2 dji m3t 4000 3000 brown 0.6666", "focal": 0.7188884491448521, "width": 4000, "height": 3000, "capture_time": 1778230812.0, "translation": [342376.586806124, 4703615.049496503, 26.620503554031878], "rotation": [0.6663153232521865, -2.672141848519151, 1.0876662536428083]}, "geometry": {"type": "Point", "coordinates": [-70.91736641293845, 42.46884756466415, 26.620503554031878]}}, {"type": "Feature", "properties": {"filename": "DJI_20260508085626_1436_V.JPG", "camera": "v2 dji m3t 4000 3000 brown 0.6666", "focal": 0.7188884491448521, "width": 4000, "height": 3000, "capture_time": 1778230586.0, "translation": [342468.0374270269, 4703658.7668885905, 26.628617666596625], "rotation": [0.6748185850479175, -2.674109001189283, 1.0848884911174659]}, "geometry": {"type": "Point", "coordinates": [-70.91626659877267, 42.46925965992092, 26.628617666596625]}}, {"type": "Feature", "properties": {"filename": "DJI_20260508085604_1404_V.JPG", "camera": "v2 dji m3t 4000 3000 brown 0.6666", "focal": 0.7188884491448521, "width": 4000, "height": 3000, "capture_time": 1778230564.0, "translation": [342494.52500590734, 4703634.334524492, 26.64496642844366], "rotation": [0.6635561040585535, -2.67243322859783, 1.079926572741785]}, "geometry": {"type": "Point", "coordinates": [-70.91593786178744, 42.46904513243046, 26.64496642844366]}}, {"type": "Feature", "properties": {"filename": "DJI_20260508085852_1645_V.JPG", "camera": "v2 dji m3t 4000 3000 brown 0.6666", "focal": 0.7188884491448521, "width": 4000, "height": 3000, "capture_time": 1778230732.0, "translation": [342429.3513999633, 4703595.666917004, 26.613565400345053], "rotation": [0.6640705368217635, -2.6703668716847777, 1.0957028888547957]}, "geometry": {"type": "Point", "coordinates": [-70.91671959718173, 42.468683837508465, 26.613565400345053]}}, {"type": "Feature", "properties": {"filename": "DJI_20260508084958_0929_V.JPG", "camera": "v2 dji m3t 4000 3000 brown 0.6666", "focal": 0.7188884491448521, "width": 4000, "height": 3000, "capture_time": 1778230198.0, "translation": [342484.65884974453, 4703569.998551385, 26.62027207745342], "rotation": [2.3029215161161276, 0.5453739871423611, -0.23764653653578957]}, "geometry": {"type": "Point", "coordinates": [-70.91604014365463, 42.468464045981435, 26.62027207745342]}}, {"type": "Feature", "properties": {"filename": "DJI_20260508084012_0138_V.JPG", "camera": "v2 dji m3t 4000 3000 brown 0.6666", "focal": 0.7188884491448521, "width": 4000, "height": 3000, "capture_time": 1778229612.0, "translation": [342502.24355955876, 4703613.330120621, 26.443136703830604], "rotation": [-2.169726756782822, -2.262471686937338, 0.011415100522845245]}, "geometry": {"type": "Point", "coordinates": [-70.91583825482057, 42.46885764334866, 26.443136703830604]}}, {"type": "Feature", "properties": {"filename": "DJI_20260508083856_0029_V.JPG", "camera": "v2 dji m3t 4000 3000 brown 0.6666", "focal": 0.7188884491448521, "width": 4000, "height": 3000, "capture_time": 1778229536.0, "translation": [342514.224448569, 4703591.35921823, 26.426080941649918], "rotation": [-2.3653495567647913, -2.048730225592048, -0.0028457196202617665]}, "geometry": {"type": "Point", "coordinates": [-70.91568656341646, 42.468662321237865, 26.426080941649918]}}, {"type": "Feature", "properties": {"filename": "DJI_20260508085918_1681_V.JPG", "camera": "v2 dji m3t 4000 3000 brown 0.6666", "focal": 0.7188884491448521, "width": 4000, "height": 3000, "capture_time": 1778230758.0, "translation": [342407.70984680235, 4703610.732813387, 26.66896823527103], "rotation": [0.6702011262667099, -2.673463077411734, 1.0902615751466642]}, "geometry": {"type": "Point", "coordinates": [-70.91698684528619, 42.46881504205612, 26.66896823527103]}}, {"type": "Feature", "properties": {"filename": "DJI_20260508090000_1741_V.JPG", "camera": "v2 dji m3t 4000 3000 brown 0.6666", "focal": 0.7188884491448521, "width": 4000, "height": 3000, "capture_time": 1778230800.0, "translation": [342382.9355220405, 4703617.6721408535, 26.670856263839923], "rotation": [0.6522731902481335, -2.664562578038314, 1.0981999391061623]}, "geometry": {"type": "Point", "coordinates": [-70.91728994844175, 42.46887246237844, 26.670856263839923]}}, {"type": "Feature", "properties": {"filename": "DJI_20260508085927_1694_V.JPG", "camera": "v2 dji m3t 4000 3000 brown 0.6666", "focal": 0.7188884491448521, "width": 4000, "height": 3000, "capture_time": 1778230767.0, "translation": [342411.2103194616, 4703589.845088141, 26.604072318685873], "rotation": [0.6587659881308792, -2.664611156435936, 1.0989519774567587]}, "geometry": {"type": "Point", "coordinates": [-70.91693854925725, 42.468627746186336, 26.604072318685873]}}, {"type": "Feature", "properties": {"filename": "DJI_20260508085859_1654_V.JPG", "camera": "v2 dji m3t 4000 3000 brown 0.6666", "focal": 0.7188884491448521, "width": 4000, "height": 3000, "capture_time": 1778230739.0, "translation": [342419.52485986205, 4703601.385623795, 26.677809487437674], "rotation": [0.6565897255479098, -2.663030374760174, 1.1003535330396819]}, "geometry": {"type": "Point", "coordinates": [-70.91684063516018, 42.46873331231651, 26.677809487437674]}}, {"type": "Feature", "properties": {"filename": "DJI_20260508085052_1005_V.JPG", "camera": "v2 dji m3t 4000 3000 brown 0.6666", "focal": 0.7188884491448521, "width": 4000, "height": 3000, "capture_time": 1778230252.0, "translation": [342500.3351151449, 4703594.810162696, 26.600423350607066], "rotation": [2.303851353891926, 0.5509342899294676, -0.23607574548932495]}, "geometry": {"type": "Point", "coordinates": [-70.91585637165637, 42.468690559378565, 26.600423350607066]}}, {"type": "Feature", "properties": {"filename": "DJI_20260508085742_1544_V.JPG", "camera": "v2 dji m3t 4000 3000 brown 0.6666", "focal": 0.7188884491448521, "width": 4000, "height": 3000, "capture_time": 1778230662.0, "translation": [342427.65312834625, 4703668.400726771, 26.61070893920311], "rotation": [0.6596760822706895, -2.661723227373684, 1.0940628480098948]}, "geometry": {"type": "Point", "coordinates": [-70.91676022510273, 42.46933816037775, 26.61070893920311]}}, {"type": "Feature", "properties": {"filename": "DJI_20260508085954_1733_V.JPG", "camera": "v2 dji m3t 4000 3000 brown 0.6666", "focal": 0.7188884491448521, "width": 4000, "height": 3000, "capture_time": 1778230794.0, "translation": [342401.15717908315, 4703584.446211884, 26.600789489945914], "rotation": [0.654232425063964, -2.6664684037582282, 1.0968365864220746]}, "geometry": {"type": "Point", "coordinates": [-70.91705928758117, 42.4685771066529, 26.600789489945914]}}, {"type": "Feature", "properties": {"filename": "DJI_20260508085406_1258_V.JPG", "camera": "v2 dji m3t 4000 3000 brown 0.6666", "focal": 0.7188884491448521, "width": 4000, "height": 3000, "capture_time": 1778230446.0, "translation": [342384.1268808073, 4703568.518957727, 26.51770826823958], "rotation": [2.0794078558598055, -1.2535518005392483, 0.49740108059893046]}, "geometry": {"type": "Point", "coordinates": [-70.91726195777932, 42.46843028297146, 26.51770826823958]}}, {"type": "Feature", "properties": {"filename": "DJI_20260508085644_1462_V.JPG", "camera": "v2 dji m3t 4000 3000 brown 0.6666", "focal": 0.7188884491448521, "width": 4000, "height": 3000, "capture_time": 1778230604.0, "translation": [342454.68258232914, 4703671.331231582, 26.684142004412386], "rotation": [0.6612781091177626, -2.6653869831096753, 1.0904381144822815]}, "geometry": {"type": "Point", "coordinates": [-70.91643241391284, 42.469370034464475, 26.684142004412386]}}, {"type": "Feature", "properties": {"filename": "DJI_20260508085925_1691_V.JPG", "camera": "v2 dji m3t 4000 3000 brown 0.6666", "focal": 0.7188884491448521, "width": 4000, "height": 3000, "capture_time": 1778230765.0, "translation": [342415.50323272735, 4703582.155665383, 26.58853338890774], "rotation": [0.6643619639933264, -2.668594817366188, 1.096630465192562]}, "geometry": {"type": "Point", "coordinates": [-70.91688424537112, 42.46855940779756, 26.58853338890774]}}, {"type": "Feature", "properties": {"filename": "DJI_20260508084738_0729_V.JPG", "camera": "v2 dji m3t 4000 3000 brown 0.6666", "focal": 0.7188884491448521, "width": 4000, "height": 3000, "capture_time": 1778230058.0, "translation": [342435.8631371142, 4703527.215940593, 26.61249057287421], "rotation": [2.3048341554576943, 0.5477327363538571, -0.23097785389435577]}, "geometry": {"type": "Point", "coordinates": [-70.91662162732537, 42.46806904272846, 26.61249057287421]}}, {"type": "Feature", "properties": {"filename": "DJI_20260508085623_1432_V.JPG", "camera": "v2 dji m3t 4000 3000 brown 0.6666", "focal": 0.7188884491448521, "width": 4000, "height": 3000, "capture_time": 1778230583.0, "translation": [342459.5321628706, 4703675.969874652, 26.601358872083214], "rotation": [0.6774407037267594, -2.671057355735754, 1.0860057137484436]}, "geometry": {"type": "Point", "coordinates": [-70.91637472818128, 42.46941277249602, 26.601358872083214]}}, {"type": "Feature", "properties": {"filename": "DJI_20260508085636_1450_V.JPG", "camera": "v2 dji m3t 4000 3000 brown 0.6666", "focal": 0.7188884491448521, "width": 4000, "height": 3000, "capture_time": 1778230596.0, "translation": [342479.6396610765, 4703622.267798509, 26.592515299557526], "rotation": [0.666218899212823, -2.670511204103574, 1.0920961230089938]}, "geometry": {"type": "Point", "coordinates": [-70.91611551880654, 42.46893349493217, 26.592515299557526]}}, {"type": "Feature", "properties": {"filename": "DJI_20260508085700_1484_V.JPG", "camera": "v2 dji m3t 4000 3000 brown 0.6666", "focal": 0.7188884491448521, "width": 4000, "height": 3000, "capture_time": 1778230620.0, "translation": [342474.13248402893, 4703617.660708957, 26.652504959082382], "rotation": [0.6646665601120715, -2.672391937422168, 1.0886077451291274]}, "geometry": {"type": "Point", "coordinates": [-70.91618120776528, 42.468890907337936, 26.652504959082382]}}, {"type": "Feature", "properties": {"filename": "DJI_20260508084613_0630_V.JPG", "camera": "v2 dji m3t 4000 3000 brown 0.6666", "focal": 0.7188884491448521, "width": 4000, "height": 3000, "capture_time": 1778229973.0, "translation": [342493.48399175005, 4703581.273284932, 26.448013873879365], "rotation": [1.353840582885117, 2.2012613206330136, -0.910112753300818]}, "geometry": {"type": "Point", "coordinates": [-70.9159359476069, 42.46856732272119, 26.448013873879365]}}, {"type": "Feature", "properties": {"filename": "DJI_20260508085756_1565_V.JPG", "camera": "v2 dji m3t 4000 3000 brown 0.6666", "focal": 0.7188884491448521, "width": 4000, "height": 3000, "capture_time": 1778230676.0, "translation": [342452.78947684844, 4703603.018534901, 26.55583591946253], "rotation": [0.6621894963676928, -2.6702162067973583, 1.093358747759198]}, "geometry": {"type": "Point", "coordinates": [-70.91643666617759, 42.468754775032345, 26.55583591946253]}}, {"type": "Feature", "properties": {"filename": "DJI_20260508085744_1548_V.JPG", "camera": "v2 dji m3t 4000 3000 brown 0.6666", "focal": 0.7188884491448521, "width": 4000, "height": 3000, "capture_time": 1778230664.0, "translation": [342421.3342520781, 4703668.85023291, 26.644300289166406], "rotation": [0.6626252706040785, -2.6658153280499146, 1.0927104828844139]}, "geometry": {"type": "Point", "coordinates": [-70.91683717161402, 42.46934092112644, 26.644300289166406]}}, {"type": "Feature", "properties": {"filename": "DJI_20260508084232_0337_V.JPG", "camera": "v2 dji m3t 4000 3000 brown 0.6666", "focal": 0.7188884491448521, "width": 4000, "height": 3000, "capture_time": 1778229752.0, "translation": [342378.33052656706, 4703593.919777451, 26.56150990998189], "rotation": [-1.6694866892715452, -2.6608288369685766, -0.02296716817132277]}, "geometry": {"type": "Point", "coordinates": [-70.91733940708966, 42.468657733420564, 26.56150990998189]}}, {"type": "Feature", "properties": {"filename": "DJI_20260508084940_0903_V.JPG", "camera": "v2 dji m3t 4000 3000 brown 0.6666", "focal": 0.7188884491448521, "width": 4000, "height": 3000, "capture_time": 1778230180.0, "translation": [342498.3003853972, 4703528.694934051, 26.687670084024816], "rotation": [2.3091283437078856, 0.554873550617299, -0.234216536060543]}, "geometry": {"type": "Point", "coordinates": [-70.91586295493371, 42.46809505015511, 26.687670084024816]}}, {"type": "Feature", "properties": {"filename": "DJI_20260508084851_0833_V.JPG", "camera": "v2 dji m3t 4000 3000 brown 0.6666", "focal": 0.7188884491448521, "width": 4000, "height": 3000, "capture_time": 1778230131.0, "translation": [342454.69481046736, 4703559.638935713, 26.513298048121488], "rotation": [2.3098449369590073, 0.5506443743357653, -0.22569265164225485]}, "geometry": {"type": "Point", "coordinates": [-70.91640158720782, 42.46836470782091, 26.513298048121488]}}, {"type": "Feature", "properties": {"filename": "DJI_20260508084312_0372_V.JPG", "camera": "v2 dji m3t 4000 3000 brown 0.6666", "focal": 0.7188884491448521, "width": 4000, "height": 3000, "capture_time": 1778229792.0, "translation": [342520.2153732329, 4703657.917814114, 26.514950573305647], "rotation": [1.3481563561392487, 2.227669157644398, -0.8967940210125452]}, "geometry": {"type": "Point", "coordinates": [-70.91563200211964, 42.469262625300644, 26.514950573305647]}}, {"type": "Feature", "properties": {"filename": "DJI_20260508085215_1099_V.JPG", "camera": "v2 dji m3t 4000 3000 brown 0.6666", "focal": 0.7188884491448521, "width": 4000, "height": 3000, "capture_time": 1778230335.0, "translation": [342436.25522515975, 4703552.651977519, 26.476013954151796], "rotation": [2.077395889586614, -1.2560982460559915, 0.5084610446169994]}, "geometry": {"type": "Point", "coordinates": [-70.91662384751149, 42.46829806922295, 26.476013954151796]}}, {"type": "Feature", "properties": {"filename": "DJI_20260508084539_0581_V.JPG", "camera": "v2 dji m3t 4000 3000 brown 0.6666", "focal": 0.7188884491448521, "width": 4000, "height": 3000, "capture_time": 1778229939.0, "translation": [342509.38328575477, 4703603.3430584585, 26.49516386743251], "rotation": [1.3563418935544365, 2.2043821761582882, -0.9068326927334889]}, "geometry": {"type": "Point", "coordinates": [-70.9157487106202, 42.468769202330314, 26.49516386743251]}}, {"type": "Feature", "properties": {"filename": "DJI_20260508084212_0309_V.JPG", "camera": "v2 dji m3t 4000 3000 brown 0.6666", "focal": 0.7188884491448521, "width": 4000, "height": 3000, "capture_time": 1778229732.0, "translation": [342478.9179898938, 4703644.00497279, 26.433270278899375], "rotation": [-1.7118657461860554, -2.612949165039875, 0.004420078285872611]}, "geometry": {"type": "Point", "coordinates": [-70.91613026220479, 42.4691290019634, 26.433270278899375]}}, {"type": "Feature", "properties": {"filename": "DJI_20260508083852_0023_V.JPG", "camera": "v2 dji m3t 4000 3000 brown 0.6666", "focal": 0.7188884491448521, "width": 4000, "height": 3000, "capture_time": 1778229532.0, "translation": [342509.096372202, 4703582.122734618, 26.417246746188187], "rotation": [-2.6750561138130156, 1.6181081745289265, -0.002052919079473023]}, "geometry": {"type": "Point", "coordinates": [-70.91574637237531, 42.468578142303876, 26.417246746188187]}}, {"type": "Feature", "properties": {"filename": "DJI_20260508085955_1734_V.JPG", "camera": "v2 dji m3t 4000 3000 brown 0.6666", "focal": 0.7188884491448521, "width": 4000, "height": 3000, "capture_time": 1778230795.0, "translation": [342398.3494804174, 4703588.127749932, 26.60932435765068], "rotation": [0.6520602150063912, -2.6673505478909876, 1.0982951060720116]}, "geometry": {"type": "Point", "coordinates": [-70.91709443386709, 42.468609672594745, 26.60932435765068]}}, {"type": "Feature", "properties": {"filename": "DJI_20260508085948_1724_V.JPG", "camera": "v2 dji m3t 4000 3000 brown 0.6666", "focal": 0.7188884491448521, "width": 4000, "height": 3000, "capture_time": 1778230788.0, "translation": [342399.8640401414, 4703598.236792906, 26.609705606822647], "rotation": [0.668966882957219, -2.6724012517926106, 1.0900301316084522]}, "geometry": {"type": "Point", "coordinates": [-70.91707879805982, 42.46870097095117, 26.609705606822647]}}, {"type": "Feature", "properties": {"filename": "DJI_20260508090016_1764_V.JPG", "camera": "v2 dji m3t 4000 3000 brown 0.6666", "focal": 0.7188884491448521, "width": 4000, "height": 3000, "capture_time": 1778230816.0, "translation": [342368.8404788695, 4703621.220990277, 26.58069954336277], "rotation": [0.6570168634065068, -2.668423074382543, 1.0889833706840113]}, "geometry": {"type": "Point", "coordinates": [-70.9174622857331, 42.468901537492286, 26.58069954336277]}}, {"type": "Feature", "properties": {"filename": "DJI_20260508085821_1600_V.JPG", "camera": "v2 dji m3t 4000 3000 brown 0.6666", "focal": 0.7188884491448521, "width": 4000, "height": 3000, "capture_time": 1778230701.0, "translation": [342431.7489130058, 4703618.879472406, 26.63914487801429], "rotation": [0.6659484644092747, -2.673517531379267, 1.0914428250080312]}, "geometry": {"type": "Point", "coordinates": [-70.91669682582751, 42.46889325854255, 26.63914487801429]}}, {"type": "Feature", "properties": {"filename": "DJI_20260508085028_0971_V.JPG", "camera": "v2 dji m3t 4000 3000 brown 0.6666", "focal": 0.7188884491448521, "width": 4000, "height": 3000, "capture_time": 1778230228.0, "translation": [342500.51008889877, 4703566.44264665, 26.66817832255694], "rotation": [2.3016074443990715, 0.5504993660066012, -0.23653457546927073]}, "geometry": {"type": "Point", "coordinates": [-70.91584645520118, 42.46843526219737, 26.66817832255694]}}, {"type": "Feature", "properties": {"filename": "DJI_20260508085326_1200_V.JPG", "camera": "v2 dji m3t 4000 3000 brown 0.6666", "focal": 0.7188884491448521, "width": 4000, "height": 3000, "capture_time": 1778230406.0, "translation": [342384.17752618535, 4703554.585956495, 26.510046902266396], "rotation": [2.0892182319127395, -1.2560535394417345, 0.5010781235951792]}, "geometry": {"type": "Point", "coordinates": [-70.91725751352503, 42.46830488403109, 26.510046902266396]}}, {"type": "Feature", "properties": {"filename": "DJI_20260508084418_0466_V.JPG", "camera": "v2 dji m3t 4000 3000 brown 0.6666", "focal": 0.7188884491448521, "width": 4000, "height": 3000, "capture_time": 1778229858.0, "translation": [342477.8875876166, 4703615.625318111, 26.590023090120813], "rotation": [1.3514531781948027, 2.209321853870276, -0.9101861726744059]}, "geometry": {"type": "Point", "coordinates": [-70.91613499566972, 42.46887335051516, 26.590023090120813]}}, {"type": "Feature", "properties": {"filename": "DJI_20260508084152_0281_V.JPG", "camera": "v2 dji m3t 4000 3000 brown 0.6666", "focal": 0.7188884491448521, "width": 4000, "height": 3000, "capture_time": 1778229712.0, "translation": [342390.84929473244, 4703592.831483868, 26.463717633259257], "rotation": [-2.6666913757000823, 1.6265127940546318, -0.024255165792392577]}, "geometry": {"type": "Point", "coordinates": [-70.9171869102801, 42.46865048461002, 26.463717633259257]}}, {"type": "Feature", "properties": {"filename": "DJI_20260508085830_1613_V.JPG", "camera": "v2 dji m3t 4000 3000 brown 0.6666", "focal": 0.7188884491448521, "width": 4000, "height": 3000, "capture_time": 1778230710.0, "translation": [342430.7588450374, 4703606.99785765, 26.601131311740673], "rotation": [0.6534712664672213, -2.663219865428353, 1.0982294955786023]}, "geometry": {"type": "Point", "coordinates": [-70.9167055987323, 42.46878611219363, 26.601131311740673]}}, {"type": "Feature", "properties": {"filename": "DJI_20260508084920_0874_V.JPG", "camera": "v2 dji m3t 4000 3000 brown 0.6666", "focal": 0.7188884491448521, "width": 4000, "height": 3000, "capture_time": 1778230160.0, "translation": [342465.14397824585, 4703567.150973733, 26.51432597261411], "rotation": [2.3078157508647066, 0.5537102117932581, -0.23306250943436657]}, "geometry": {"type": "Point", "coordinates": [-70.91627661437762, 42.46843444751227, 26.51432597261411]}}, {"type": "Feature", "properties": {"filename": "DJI_20260508085629_1440_V.JPG", "camera": "v2 dji m3t 4000 3000 brown 0.6666", "focal": 0.7188884491448521, "width": 4000, "height": 3000, "capture_time": 1778230589.0, "translation": [342476.5920270411, 4703641.897374655, 26.64043245880906], "rotation": [0.6723501562946029, -2.6758260815918784, 1.085417629525797]}, "geometry": {"type": "Point", "coordinates": [-70.9161579616744, 42.469109558803844, 26.64043245880906]}}, {"type": "Feature", "properties": {"filename": "DJI_20260508084318_0380_V.JPG", "camera": "v2 dji m3t 4000 3000 brown 0.6666", "focal": 0.7188884491448521, "width": 4000, "height": 3000, "capture_time": 1778229798.0, "translation": [342486.67796649254, 4703640.9581268765, 26.470268792679803], "rotation": [1.3435810781688244, 2.222965725243102, -0.8971915598187411]}, "geometry": {"type": "Point", "coordinates": [-70.91603508228498, 42.46910315537214, 26.470268792679803]}}, {"type": "Feature", "properties": {"filename": "DJI_20260508085850_1642_V.JPG", "camera": "v2 dji m3t 4000 3000 brown 0.6666", "focal": 0.7188884491448521, "width": 4000, "height": 3000, "capture_time": 1778230730.0, "translation": [342423.11030730203, 4703608.263806599, 26.627885989331958], "rotation": [0.6645034382381211, -2.6732751786779754, 1.0935371615514158]}, "geometry": {"type": "Point", "coordinates": [-70.9167989343455, 42.46879595125934, 26.627885989331958]}}, {"type": "Feature", "properties": {"filename": "DJI_20260508084505_0533_V.JPG", "camera": "v2 dji m3t 4000 3000 brown 0.6666", "focal": 0.7188884491448521, "width": 4000, "height": 3000, "capture_time": 1778229905.0, "translation": [342532.1442590611, 4703628.808799239, 26.54078795458485], "rotation": [1.3545146365840977, 2.2120882606032337, -0.9042643470517442]}, "geometry": {"type": "Point", "coordinates": [-70.91547898291205, 42.46900304302827, 26.54078795458485]}}, {"type": "Feature", "properties": {"filename": "DJI_20260508084509_0539_V.JPG", "camera": "v2 dji m3t 4000 3000 brown 0.6666", "focal": 0.7188884491448521, "width": 4000, "height": 3000, "capture_time": 1778229909.0, "translation": [342546.05980414234, 4703629.346470782, 26.446907772598003], "rotation": [1.3555950218799118, 2.215596341207254, -0.8960239023293061]}, "geometry": {"type": "Point", "coordinates": [-70.91530995020703, 42.46901071075303, 26.446907772598003]}}, {"type": "Feature", "properties": {"filename": "DJI_20260508083850_0021_V.JPG", "camera": "v2 dji m3t 4000 3000 brown 0.6666", "focal": 0.7188884491448521, "width": 4000, "height": 3000, "capture_time": 1778229530.0, "translation": [342500.5946523539, 4703577.778721438, 26.428014125504333], "rotation": [-2.6737390607570766, 1.6180807748150514, -0.001932736891053944]}, "geometry": {"type": "Point", "coordinates": [-70.91584853978142, 42.468537314095705, 26.428014125504333]}}, {"type": "Feature", "properties": {"filename": "DJI_20260508085939_1711_V.JPG", "camera": "v2 dji m3t 4000 3000 brown 0.6666", "focal": 0.7188884491448521, "width": 4000, "height": 3000, "capture_time": 1778230779.0, "translation": [342376.4220893463, 4703647.125556241, 26.669694332562816], "rotation": [0.6661838351231122, -2.6686742851958885, 1.0876560260235306]}, "geometry": {"type": "Point", "coordinates": [-70.91737723012331, 42.469136243800556, 26.669694332562816]}}, {"type": "Feature", "properties": {"filename": "DJI_20260508084941_0904_V.JPG", "camera": "v2 dji m3t 4000 3000 brown 0.6666", "focal": 0.7188884491448521, "width": 4000, "height": 3000, "capture_time": 1778230181.0, "translation": [342497.26060537406, 4703531.036163162, 26.62536349708025], "rotation": [2.311738646161671, 0.5550685296240849, -0.23319684528824877]}, "geometry": {"type": "Point", "coordinates": [-70.91587623888348, 42.46811591191634, 26.62536349708025]}}, {"type": "Feature", "properties": {"filename": "DJI_20260508083918_0061_V.JPG", "camera": "v2 dji m3t 4000 3000 brown 0.6666", "focal": 0.7188884491448521, "width": 4000, "height": 3000, "capture_time": 1778229558.0, "translation": [342438.60618281475, 4703560.92487906, 26.48740442995742], "rotation": [-2.6519658319160078, 1.6381431820186876, -0.034659750318749134]}, "geometry": {"type": "Point", "coordinates": [-70.91659753818965, 42.468373010735995, 26.48740442995742]}}, {"type": "Feature", "properties": {"filename": "DJI_20260508085721_1515_V.JPG", "camera": "v2 dji m3t 4000 3000 brown 0.6666", "focal": 0.7188884491448521, "width": 4000, "height": 3000, "capture_time": 1778230641.0, "translation": [342444.70531075855, 4703649.047680122, 26.651353283661066], "rotation": [0.6647801292773095, -2.675944247276091, 1.088827213246964]}, "geometry": {"type": "Point", "coordinates": [-70.91654759365647, 42.469167433922586, 26.651353283661066]}}, {"type": "Feature", "properties": {"filename": "DJI_20260508085237_1131_V.JPG", "camera": "v2 dji m3t 4000 3000 brown 0.6666", "focal": 0.7188884491448521, "width": 4000, "height": 3000, "capture_time": 1778230357.0, "translation": [342398.9293962682, 4703540.823245835, 26.613447357569086], "rotation": [2.0762568149260074, -1.2461308502727162, 0.49643047419221586]}, "geometry": {"type": "Point", "coordinates": [-70.91707438629649, 42.46818400845077, 26.613447357569086]}}, {"type": "Feature", "properties": {"filename": "DJI_20260508085810_1584_V.JPG", "camera": "v2 dji m3t 4000 3000 brown 0.6666", "focal": 0.7188884491448521, "width": 4000, "height": 3000, "capture_time": 1778230690.0, "translation": [342417.0674630585, 4703661.864240501, 26.655802167963184], "rotation": [0.6624751519324041, -2.6626019314302507, 1.0953111847465697]}, "geometry": {"type": "Point", "coordinates": [-70.91688712665291, 42.46927717320312, 26.655802167963184]}}, {"type": "Feature", "properties": {"filename": "DJI_20260508085806_1579_V.JPG", "camera": "v2 dji m3t 4000 3000 brown 0.6666", "focal": 0.7188884491448521, "width": 4000, "height": 3000, "capture_time": 1778230686.0, "translation": [342427.8299411477, 4703640.85378359, 26.686115350029105], "rotation": [0.6572426622735691, -2.662338668035918, 1.0977782311047528]}, "geometry": {"type": "Point", "coordinates": [-70.91675050784242, 42.46909024962924, 26.686115350029105]}}, {"type": "Feature", "properties": {"filename": "DJI_20260508085608_1411_V.JPG", "camera": "v2 dji m3t 4000 3000 brown 0.6666", "focal": 0.7188884491448521, "width": 4000, "height": 3000, "capture_time": 1778230568.0, "translation": [342490.25650665443, 4703629.381741677, 26.572589415816005], "rotation": [0.6595168865321336, -2.6674926674129114, 1.0847076577705403]}, "geometry": {"type": "Point", "coordinates": [-70.91598839665212, 42.46899968521797, 26.572589415816005]}}, {"type": "Feature", "properties": {"filename": "DJI_20260508084703_0679_V.JPG", "camera": "v2 dji m3t 4000 3000 brown 0.6666", "focal": 0.7188884491448521, "width": 4000, "height": 3000, "capture_time": 1778230023.0, "translation": [342404.79152061313, 4703546.8876594715, 26.46710307836669], "rotation": [2.3115287716706203, 0.5500431961462058, -0.2146247109692053]}, "geometry": {"type": "Point", "coordinates": [-70.9170047838082, 42.46823978593307, 26.46710307836669]}}, {"type": "Feature", "properties": {"filename": "DJI_20260508085708_1496_V.JPG", "camera": "v2 dji m3t 4000 3000 brown 0.6666", "focal": 0.7188884491448521, "width": 4000, "height": 3000, "capture_time": 1778230628.0, "translation": [342455.5266030847, 4703641.580683558, 26.666403252657865], "rotation": [0.6527273182649, -2.664425791428116, 1.096405729879604]}, "geometry": {"type": "Point", "coordinates": [-70.91641398098756, 42.469102424954734, 26.666403252657865]}}, {"type": "Feature", "properties": {"filename": "DJI_20260508085746_1550_V.JPG", "camera": "v2 dji m3t 4000 3000 brown 0.6666", "focal": 0.7188884491448521, "width": 4000, "height": 3000, "capture_time": 1778230666.0, "translation": [342423.03537654196, 4703664.496174532, 26.64500134702696], "rotation": [0.6633057165219427, -2.667359378807023, 1.0912080156791688]}, "geometry": {"type": "Point", "coordinates": [-70.91681529366967, 42.46930207677302, 26.64500134702696]}}, {"type": "Feature", "properties": {"filename": "DJI_20260508085634_1448_V.JPG", "camera": "v2 dji m3t 4000 3000 brown 0.6666", "focal": 0.7188884491448521, "width": 4000, "height": 3000, "capture_time": 1778230594.0, "translation": [342482.0865328309, 4703618.867854817, 26.61091282718064], "rotation": [0.6695725344251204, -2.6727114775310676, 1.0905147051121822]}, "geometry": {"type": "Point", "coordinates": [-70.9160848369586, 42.468903389922254, 26.61091282718064]}}, {"type": "Feature", "properties": {"filename": "DJI_20260508085033_0979_V.JPG", "camera": "v2 dji m3t 4000 3000 brown 0.6666", "focal": 0.7188884491448521, "width": 4000, "height": 3000, "capture_time": 1778230233.0, "translation": [342517.37065130955, 4703536.273793615, 26.65967411468493], "rotation": [2.3061212432937563, 0.5511735048898446, -0.23777029929142945]}, "geometry": {"type": "Point", "coordinates": [-70.91563318949498, 42.46816714311206, 26.65967411468493]}}, {"type": "Feature", "properties": {"filename": "DJI_20260508085812_1588_V.JPG", "camera": "v2 dji m3t 4000 3000 brown 0.6666", "focal": 0.7188884491448521, "width": 4000, "height": 3000, "capture_time": 1778230692.0, "translation": [342410.2571691637, 4703663.910436993, 26.61697624371622], "rotation": [0.6662303878137436, -2.667846335881949, 1.092923323689866]}, "geometry": {"type": "Point", "coordinates": [-70.91697048628414, 42.46929420552456, 26.61697624371622]}}, {"type": "Feature", "properties": {"filename": "DJI_20260508084216_0315_V.JPG", "camera": "v2 dji m3t 4000 3000 brown 0.6666", "focal": 0.7188884491448521, "width": 4000, "height": 3000, "capture_time": 1778229736.0, "translation": [342454.0519596261, 4703631.702150727, 26.532012814980135], "rotation": [-1.672539309145289, -2.6349003791717918, -0.0003135944715331923]}, "geometry": {"type": "Point", "coordinates": [-70.91642919586978, 42.4690132095852, 26.532012814980135]}}, {"type": "Feature", "properties": {"filename": "DJI_20260508084817_0784_V.JPG", "camera": "v2 dji m3t 4000 3000 brown 0.6666", "focal": 0.7188884491448521, "width": 4000, "height": 3000, "capture_time": 1778230097.0, "translation": [342461.1862072445, 4703518.983049782, 26.69815419596281], "rotation": [2.3172480830955817, 0.5483168122682809, -0.22817211030554518]}, "geometry": {"type": "Point", "coordinates": [-70.91631150201042, 42.468000088906116, 26.69815419596281]}}, {"type": "Feature", "properties": {"filename": "DJI_20260508085045_0995_V.JPG", "camera": "v2 dji m3t 4000 3000 brown 0.6666", "focal": 0.7188884491448521, "width": 4000, "height": 3000, "capture_time": 1778230245.0, "translation": [342495.37475546304, 4703590.937460308, 26.61070454073879], "rotation": [2.3081400669663195, 0.5512877333844344, -0.22924769218934898]}, "geometry": {"type": "Point", "coordinates": [-70.91591561423147, 42.468654693232054, 26.61070454073879]}}, {"type": "Feature", "properties": {"filename": "DJI_20260508084010_0135_V.JPG", "camera": "v2 dji m3t 4000 3000 brown 0.6666", "focal": 0.7188884491448521, "width": 4000, "height": 3000, "capture_time": 1778229610.0, "translation": [342506.69149711006, 4703610.937450167, 26.4442554169525], "rotation": [-2.9795353616971316, 0.9607936192082279, 0.007144379531218573]}, "geometry": {"type": "Point", "coordinates": [-70.9157835215332, 42.46883701139286, 26.4442554169525]}}, {"type": "Feature", "properties": {"filename": "DJI_20260508085713_1503_V.JPG", "camera": "v2 dji m3t 4000 3000 brown 0.6666", "focal": 0.7188884491448521, "width": 4000, "height": 3000, "capture_time": 1778230633.0, "translation": [342440.8970300072, 4703670.772406227, 26.701601615721522], "rotation": [0.6573960842564872, -2.6632761512223273, 1.0956705493223722]}, "geometry": {"type": "Point", "coordinates": [-70.91659986116109, 42.4693622011009, 26.701601615721522]}}, {"type": "Feature", "properties": {"filename": "DJI_20260508083912_0052_V.JPG", "camera": "v2 dji m3t 4000 3000 brown 0.6666", "focal": 0.7188884491448521, "width": 4000, "height": 3000, "capture_time": 1778229552.0, "translation": [342421.1169888644, 4703546.248845901, 26.49594344523142], "rotation": [1.6297136797766523, 2.6839879154676893, 0.0172314973049422]}, "geometry": {"type": "Point", "coordinates": [-70.91680613160399, 42.46823735661545, 26.49594344523142]}}, {"type": "Feature", "properties": {"filename": "DJI_20260508085814_1590_V.JPG", "camera": "v2 dji m3t 4000 3000 brown 0.6666", "focal": 0.7188884491448521, "width": 4000, "height": 3000, "capture_time": 1778230694.0, "translation": [342411.29606179614, 4703659.865301504, 26.56291297994011], "rotation": [0.6669191939416403, -2.6707696114941952, 1.0912835708121154]}, "geometry": {"type": "Point", "coordinates": [-70.91695674435752, 42.469258007072405, 26.56291297994011]}}, {"type": "Feature", "properties": {"filename": "DJI_20260508085834_1619_V.JPG", "camera": "v2 dji m3t 4000 3000 brown 0.6666", "focal": 0.7188884491448521, "width": 4000, "height": 3000, "capture_time": 1778230714.0, "translation": [342418.0172713952, 4703632.179854758, 26.67373648340885], "rotation": [0.654094312112783, -2.66331600700934, 1.097925066052188]}, "geometry": {"type": "Point", "coordinates": [-70.91686742388359, 42.46901018083625, 26.67373648340885]}}, {"type": "Feature", "properties": {"filename": "DJI_20260508084309_0368_V.JPG", "camera": "v2 dji m3t 4000 3000 brown 0.6666", "focal": 0.7188884491448521, "width": 4000, "height": 3000, "capture_time": 1778229789.0, "translation": [342525.7148331963, 4703663.837409729, 26.586667527551484], "rotation": [1.3518106558075973, 2.2227377042340515, -0.9011476166534694]}, "geometry": {"type": "Point", "coordinates": [-70.91556676656526, 42.469317024740604, 26.586667527551484]}}, {"type": "Feature", "properties": {"filename": "DJI_20260508084554_0603_V.JPG", "camera": "v2 dji m3t 4000 3000 brown 0.6666", "focal": 0.7188884491448521, "width": 4000, "height": 3000, "capture_time": 1778229954.0, "translation": [342520.948674128, 4703602.207715723, 26.466880725700385], "rotation": [1.3507571636246116, 2.214240434392043, -0.8949863232842686]}, "geometry": {"type": "Point", "coordinates": [-70.91560779153838, 42.46876133413435, 26.466880725700385]}}, {"type": "Feature", "properties": {"filename": "DJI_20260508085816_1593_V.JPG", "camera": "v2 dji m3t 4000 3000 brown 0.6666", "focal": 0.7188884491448521, "width": 4000, "height": 3000, "capture_time": 1778230696.0, "translation": [342416.87737188523, 4703648.270364494, 26.60705155789432], "rotation": [0.6695484354283491, -2.673996574643771, 1.0903712614693146]}, "geometry": {"type": "Point", "coordinates": [-70.91688570298933, 42.46915477771136, 26.60705155789432]}}, {"type": "Feature", "properties": {"filename": "DJI_20260508084400_0440_V.JPG", "camera": "v2 dji m3t 4000 3000 brown 0.6666", "focal": 0.7188884491448521, "width": 4000, "height": 3000, "capture_time": 1778229840.0, "translation": [342481.7634786685, 4703624.519347874, 26.46107132536772], "rotation": [1.3434496897660122, 2.217136663211477, -0.8932678840741461]}, "geometry": {"type": "Point", "coordinates": [-70.91609031653888, 42.46895419266996, 26.46107132536772]}}, {"type": "Feature", "properties": {"filename": "DJI_20260508085944_1718_V.JPG", "camera": "v2 dji m3t 4000 3000 brown 0.6666", "focal": 0.7188884491448521, "width": 4000, "height": 3000, "capture_time": 1778230784.0, "translation": [342387.27507756173, 4703623.274058657, 26.606429705149118], "rotation": [0.6706654553662555, -2.6741980795681126, 1.0862824885412443]}, "geometry": {"type": "Point", "coordinates": [-70.91723872913605, 42.46892376738487, 26.606429705149118]}}, {"type": "Feature", "properties": {"filename": "DJI_20260508084623_0644_V.JPG", "camera": "v2 dji m3t 4000 3000 brown 0.6666", "focal": 0.7188884491448521, "width": 4000, "height": 3000, "capture_time": 1778229983.0, "translation": [342552.29567019426, 4703610.690694084, 26.487871692003893], "rotation": [1.3553122544575675, 2.206802544213037, -0.9004572287605045]}, "geometry": {"type": "Point", "coordinates": [-70.91522901578418, 42.46884405950173, 26.487871692003893]}}, {"type": "Feature", "properties": {"filename": "DJI_20260508084519_0553_V.JPG", "camera": "v2 dji m3t 4000 3000 brown 0.6666", "focal": 0.7188884491448521, "width": 4000, "height": 3000, "capture_time": 1778229919.0, "translation": [342492.4529234401, 4703601.934668145, 26.457342976075832], "rotation": [1.3497055368523752, 2.2141555580192405, -0.8944713492311568]}, "geometry": {"type": "Point", "coordinates": [-70.91595415643451, 42.46875308382936, 26.457342976075832]}}, {"type": "Feature", "properties": {"filename": "DJI_20260508084910_0860_V.JPG", "camera": "v2 dji m3t 4000 3000 brown 0.6666", "focal": 0.7188884491448521, "width": 4000, "height": 3000, "capture_time": 1778230150.0, "translation": [342485.7975044511, 4703517.795763454, 26.62002221493795], "rotation": [2.309021311249418, 0.5533898640713956, -0.23727369732188147]}, "geometry": {"type": "Point", "coordinates": [-70.91601196539719, 42.46799440620221, 26.62002221493795]}}, {"type": "Feature", "properties": {"filename": "DJI_20260508085843_1631_V.JPG", "camera": "v2 dji m3t 4000 3000 brown 0.6666", "focal": 0.7188884491448521, "width": 4000, "height": 3000, "capture_time": 1778230723.0, "translation": [342400.1688546686, 4703653.685734982, 26.636008381336623], "rotation": [0.6585853192667617, -2.6707351872593574, 1.0915216590330539]}, "geometry": {"type": "Point", "coordinates": [-70.91709032750764, 42.46920012211634, 26.636008381336623]}}, {"type": "Feature", "properties": {"filename": "DJI_20260508085005_0939_V.JPG", "camera": "v2 dji m3t 4000 3000 brown 0.6666", "focal": 0.7188884491448521, "width": 4000, "height": 3000, "capture_time": 1778230205.0, "translation": [342505.8118756114, 4703530.454984654, 26.621703042081], "rotation": [2.306733328950914, 0.547468639760955, -0.2353360543726818]}, "geometry": {"type": "Point", "coordinates": [-70.91577211747217, 42.46811241912084, 26.621703042081]}}, {"type": "Feature", "properties": {"filename": "DJI_20260508084723_0707_V.JPG", "camera": "v2 dji m3t 4000 3000 brown 0.6666", "focal": 0.7188884491448521, "width": 4000, "height": 3000, "capture_time": 1778230043.0, "translation": [342427.424182121, 4703530.067478046, 26.64692345965665], "rotation": [2.315949798989884, 0.5510481612404817, -0.22548109362026686]}, "geometry": {"type": "Point", "coordinates": [-70.91672500688846, 42.468092992825916, 26.64692345965665]}}, {"type": "Feature", "properties": {"filename": "DJI_20260508085040_0988_V.JPG", "camera": "v2 dji m3t 4000 3000 brown 0.6666", "focal": 0.7188884491448521, "width": 4000, "height": 3000, "capture_time": 1778230240.0, "translation": [342510.0554837129, 4703561.536331767, 26.63225264739272], "rotation": [2.3117041238802583, 0.552612892512611, -0.22922885452768527]}, "geometry": {"type": "Point", "coordinates": [-70.91572905963442, 42.46839304140676, 26.63225264739272]}}, {"type": "Feature", "properties": {"filename": "DJI_20260508084602_0614_V.JPG", "camera": "v2 dji m3t 4000 3000 brown 0.6666", "focal": 0.7188884491448521, "width": 4000, "height": 3000, "capture_time": 1778229962.0, "translation": [342474.3581434955, 4703578.720341515, 26.412817174064187], "rotation": [1.3476267139423244, 2.2041056262417396, -0.8986749128885261]}, "geometry": {"type": "Point", "coordinates": [-70.91616777011808, 42.46854045552389, 26.412817174064187]}}, {"type": "Feature", "properties": {"filename": "DJI_20260508085841_1628_V.JPG", "camera": "v2 dji m3t 4000 3000 brown 0.6666", "focal": 0.7188884491448521, "width": 4000, "height": 3000, "capture_time": 1778230721.0, "translation": [342399.6052098028, 4703659.447037034, 26.621464574844918], "rotation": [0.6574751706082376, -2.6688220395758604, 1.0927694747629964]}, "geometry": {"type": "Point", "coordinates": [-70.91709876313197, 42.46925186423247, 26.621464574844918]}}, {"type": "Feature", "properties": {"filename": "DJI_20260508084714_0694_V.JPG", "camera": "v2 dji m3t 4000 3000 brown 0.6666", "focal": 0.7188884491448521, "width": 4000, "height": 3000, "capture_time": 1778230034.0, "translation": [342418.1235991212, 4703534.261617801, 26.612642152231665], "rotation": [2.311650811784998, 0.5456873772480061, -0.23143197509528382]}, "geometry": {"type": "Point", "coordinates": [-70.91683923057897, 42.46812885218497, 26.612642152231665]}}, {"type": "Feature", "properties": {"filename": "DJI_20260508085504_1340_V.JPG", "camera": "v2 dji m3t 4000 3000 brown 0.6666", "focal": 0.7188884491448521, "width": 4000, "height": 3000, "capture_time": 1778230504.0, "translation": [342433.87754637457, 4703614.538123073, 26.50715652380454], "rotation": [2.0636684297371426, -1.2554690892246048, 0.5067363249649481]}, "geometry": {"type": "Point", "coordinates": [-70.91666975413978, 42.46885461549207, 26.50715652380454]}}, {"type": "Feature", "properties": {"filename": "DJI_20260508084217_0316_V.JPG", "camera": "v2 dji m3t 4000 3000 brown 0.6666", "focal": 0.7188884491448521, "width": 4000, "height": 3000, "capture_time": 1778229737.0, "translation": [342449.7023420982, 4703629.523724552, 26.528209506265036], "rotation": [-1.6725303559494902, -2.6348515182722867, -0.0025983877977195165]}, "geometry": {"type": "Point", "coordinates": [-70.91648147860133, 42.468992717321676, 26.528209506265036]}}, {"type": "Feature", "properties": {"filename": "DJI_20260508085624_1433_V.JPG", "camera": "v2 dji m3t 4000 3000 brown 0.6666", "focal": 0.7188884491448521, "width": 4000, "height": 3000, "capture_time": 1778230584.0, "translation": [342461.66105859634, 4703671.555123273, 26.616620404224154], "rotation": [0.6763658919276617, -2.67173485109502, 1.086019957160171]}, "geometry": {"type": "Point", "coordinates": [-70.91634763310302, 42.469373468743505, 26.616620404224154]}}, {"type": "Feature", "properties": {"filename": "DJI_20260508085322_1195_V.JPG", "camera": "v2 dji m3t 4000 3000 brown 0.6666", "focal": 0.7188884491448521, "width": 4000, "height": 3000, "capture_time": 1778230402.0, "translation": [342366.70893972, 4703545.5480943145, 26.46282187208488], "rotation": [2.0866234065008458, -1.2522551578916186, 0.4990938220007414]}, "geometry": {"type": "Point", "coordinates": [-70.91746740413717, 42.46821998141722, 26.46282187208488]}}, {"type": "Feature", "properties": {"filename": "DJI_20260508085735_1534_V.JPG", "camera": "v2 dji m3t 4000 3000 brown 0.6666", "focal": 0.7188884491448521, "width": 4000, "height": 3000, "capture_time": 1778230655.0, "translation": [342448.85607242427, 4703626.959551309, 26.667183359862953], "rotation": [0.6535219398133426, -2.66357988171739, 1.0982279890004762]}, "geometry": {"type": "Point", "coordinates": [-70.9164910629212, 42.46896946540902, 26.667183359862953]}}, {"type": "Feature", "properties": {"filename": "DJI_20260508085209_1091_V.JPG", "camera": "v2 dji m3t 4000 3000 brown 0.6666", "focal": 0.7188884491448521, "width": 4000, "height": 3000, "capture_time": 1778230329.0, "translation": [342402.3937803349, 4703535.612410164, 26.55953212138497], "rotation": [2.0871514725001274, -1.257321631332268, 0.5030914714385746]}, "geometry": {"type": "Point", "coordinates": [-70.91703083646362, 42.46813781104918, 26.55953212138497]}}, {"type": "Feature", "properties": {"filename": "DJI_20260508084353_0430_V.JPG", "camera": "v2 dji m3t 4000 3000 brown 0.6666", "focal": 0.7188884491448521, "width": 4000, "height": 3000, "capture_time": 1778229833.0, "translation": [342524.2013862551, 4703645.820209212, 26.52369004002874], "rotation": [1.3444989805534682, 2.223398591204886, -0.8909428865129003]}, "geometry": {"type": "Point", "coordinates": [-70.91558021999346, 42.46915454635854, 26.52369004002874]}}, {"type": "Feature", "properties": {"filename": "DJI_20260508085221_1108_V.JPG", "camera": "v2 dji m3t 4000 3000 brown 0.6666", "focal": 0.7188884491448521, "width": 4000, "height": 3000, "capture_time": 1778230341.0, "translation": [342473.7316824321, 4703571.684469291, 26.474483886014422], "rotation": [2.0703040441986085, -1.2549524697507954, 0.5119419393747369]}, "geometry": {"type": "Point", "coordinates": [-70.9161734541077, 42.468476999085276, 26.474483886014422]}}, {"type": "Feature", "properties": {"filename": "DJI_20260508083927_0073_V.JPG", "camera": "v2 dji m3t 4000 3000 brown 0.6666", "focal": 0.7188884491448521, "width": 4000, "height": 3000, "capture_time": 1778229567.0, "translation": [342489.2856350514, 4703586.219798493, 26.46268403946636], "rotation": [-2.6600057671572945, 1.6425118691015315, -0.010086591392314442]}, "geometry": {"type": "Point", "coordinates": [-70.91598834769786, 42.468610992195394, 26.46268403946636]}}, {"type": "Feature", "properties": {"filename": "DJI_20260508084726_0711_V.JPG", "camera": "v2 dji m3t 4000 3000 brown 0.6666", "focal": 0.7188884491448521, "width": 4000, "height": 3000, "capture_time": 1778230046.0, "translation": [342418.92468239047, 4703546.869246258, 26.54365847126737], "rotation": [2.314745478037714, 0.550438454190818, -0.22457681941390176]}, "geometry": {"type": "Point", "coordinates": [-70.91683295498281, 42.46824249487423, 26.54365847126737]}}, {"type": "Feature", "properties": {"filename": "DJI_20260508085636_1451_V.JPG", "camera": "v2 dji m3t 4000 3000 brown 0.6666", "focal": 0.7188884491448521, "width": 4000, "height": 3000, "capture_time": 1778230596.0, "translation": [342478.07037299743, 4703625.167220665, 26.60363843509575], "rotation": [0.664083594676162, -2.668444166880467, 1.094326249535273]}, "geometry": {"type": "Point", "coordinates": [-70.91613539388584, 42.46895927322738, 26.60363843509575]}}, {"type": "Feature", "properties": {"filename": "DJI_20260508084513_0545_V.JPG", "camera": "v2 dji m3t 4000 3000 brown 0.6666", "focal": 0.7188884491448521, "width": 4000, "height": 3000, "capture_time": 1778229913.0, "translation": [342525.97126537113, 4703618.675561245, 26.49959207070665], "rotation": [1.3527757164301932, 2.2193930515104876, -0.8915479467762752]}, "geometry": {"type": "Point", "coordinates": [-70.91555124998288, 42.46891058022532, 26.49959207070665]}}, {"type": "Feature", "properties": {"filename": "DJI_20260508085513_1353_V.JPG", "camera": "v2 dji m3t 4000 3000 brown 0.6666", "focal": 0.7188884491448521, "width": 4000, "height": 3000, "capture_time": 1778230513.0, "translation": [342379.21497033624, 4703587.131245601, 26.5662399250272], "rotation": [2.063292396100862, -1.267281093833553, 0.5049561735598113]}, "geometry": {"type": "Point", "coordinates": [-70.91732678895828, 42.46859681061485, 26.5662399250272]}}, {"type": "Feature", "properties": {"filename": "DJI_20260508085840_1627_V.JPG", "camera": "v2 dji m3t 4000 3000 brown 0.6666", "focal": 0.7188884491448521, "width": 4000, "height": 3000, "capture_time": 1778230720.0, "translation": [342401.4286837881, 4703660.337500658, 26.580018561713253], "rotation": [0.6551050766804668, -2.6675767650403994, 1.0941285437029449]}, "geometry": {"type": "Point", "coordinates": [-70.9170768385788, 42.46926025011968, 26.580018561713253]}}, {"type": "Feature", "properties": {"filename": "DJI_20260508085941_1714_V.JPG", "camera": "v2 dji m3t 4000 3000 brown 0.6666", "focal": 0.7188884491448521, "width": 4000, "height": 3000, "capture_time": 1778230781.0, "translation": [342378.91277332406, 4703640.21068714, 26.632047958658585], "rotation": [0.6689471022511432, -2.6727656890688, 1.0849696845346077]}, "geometry": {"type": "Point", "coordinates": [-70.91734504902178, 42.46907451064819, 26.632047958658585]}}, {"type": "Feature", "properties": {"filename": "DJI_20260508085118_1043_V.JPG", "camera": "v2 dji m3t 4000 3000 brown 0.6666", "focal": 0.7188884491448521, "width": 4000, "height": 3000, "capture_time": 1778230278.0, "translation": [342516.5917646938, 4703586.907907948, 26.54058297355794], "rotation": [2.30120234431821, 0.5464844207568996, -0.23620013728530723]}, "geometry": {"type": "Point", "coordinates": [-70.91565656045339, 42.4686227367031, 26.54058297355794]}}, {"type": "Feature", "properties": {"filename": "DJI_20260508084538_0580_V.JPG", "camera": "v2 dji m3t 4000 3000 brown 0.6666", "focal": 0.7188884491448521, "width": 4000, "height": 3000, "capture_time": 1778229938.0, "translation": [342505.1356684018, 4703601.227823051, 26.506500515726415], "rotation": [1.3552160149845653, 2.2051204360357617, -0.9063561588010173]}, "geometry": {"type": "Point", "coordinates": [-70.91579977065868, 42.468749299883875, 26.506500515726415]}}, {"type": "Feature", "properties": {"filename": "DJI_20260508090007_1751_V.JPG", "camera": "v2 dji m3t 4000 3000 brown 0.6666", "focal": 0.7188884491448521, "width": 4000, "height": 3000, "capture_time": 1778230807.0, "translation": [342365.0680365937, 4703640.021728177, 26.568473565700163], "rotation": [0.6589123147541157, -2.67127896186381, 1.090456623382386]}, "geometry": {"type": "Point", "coordinates": [-70.91751331651206, 42.46906999304758, 26.568473565700163]}}, {"type": "Feature", "properties": {"filename": "DJI_20260508084853_0836_V.JPG", "camera": "v2 dji m3t 4000 3000 brown 0.6666", "focal": 0.7188884491448521, "width": 4000, "height": 3000, "capture_time": 1778230133.0, "translation": [342448.4373181022, 4703572.11883558, 26.52083401948613], "rotation": [2.3102629849441487, 0.5500401595125237, -0.22491825776587263]}, "geometry": {"type": "Point", "coordinates": [-70.91648109063406, 42.468475765471716, 26.52083401948613]}}, {"type": "Feature", "properties": {"filename": "DJI_20260508085940_1713_V.JPG", "camera": "v2 dji m3t 4000 3000 brown 0.6666", "focal": 0.7188884491448521, "width": 4000, "height": 3000, "capture_time": 1778230780.0, "translation": [342377.5015035267, 4703643.186859324, 26.653555254777277], "rotation": [0.6664991400438658, -2.671160608809208, 1.0864159393136343]}, "geometry": {"type": "Point", "coordinates": [-70.91736302460464, 42.46910101168477, 26.653555254777277]}}, {"type": "Feature", "properties": {"filename": "DJI_20260508085648_1468_V.JPG", "camera": "v2 dji m3t 4000 3000 brown 0.6666", "focal": 0.7188884491448521, "width": 4000, "height": 3000, "capture_time": 1778230608.0, "translation": [342443.92402, 4703680.120033196, 26.606428781774568], "rotation": [0.6654811513332128, -2.6707204849001447, 1.0834432097521796]}, "geometry": {"type": "Point", "coordinates": [-70.91656562761563, 42.46944695356186, 26.606428781774568]}}, {"type": "Feature", "properties": {"filename": "DJI_20260508084828_0800_V.JPG", "camera": "v2 dji m3t 4000 3000 brown 0.6666", "focal": 0.7188884491448521, "width": 4000, "height": 3000, "capture_time": 1778230108.0, "translation": [342437.2274140768, 4703577.856228112, 26.59403159058942], "rotation": [2.3085410802632715, 0.5472592154099093, -0.22473419064431405]}, "geometry": {"type": "Point", "coordinates": [-70.916618951471, 42.46852512740177, 26.59403159058942]}}, {"type": "Feature", "properties": {"filename": "DJI_20260508085935_1706_V.JPG", "camera": "v2 dji m3t 4000 3000 brown 0.6666", "focal": 0.7188884491448521, "width": 4000, "height": 3000, "capture_time": 1778230775.0, "translation": [342385.6131177864, 4703640.580864078, 26.679201104301153], "rotation": [0.6626175632788253, -2.662606845114045, 1.0926363179385428]}, "geometry": {"type": "Point", "coordinates": [-70.91726369031144, 42.469079205706514, 26.679201104301153]}}, {"type": "Feature", "properties": {"filename": "DJI_20260508085351_1236_V.JPG", "camera": "v2 dji m3t 4000 3000 brown 0.6666", "focal": 0.7188884491448521, "width": 4000, "height": 3000, "capture_time": 1778230431.0, "translation": [342407.1598820721, 4703573.116592838, 26.627229362842975], "rotation": [2.0679381094313096, -1.257400761770801, 0.5038697268190958]}, "geometry": {"type": "Point", "coordinates": [-70.91698319665372, 42.468476351141156, 26.627229362842975]}}, {"type": "Feature", "properties": {"filename": "DJI_20260508085906_1664_V.JPG", "camera": "v2 dji m3t 4000 3000 brown 0.6666", "focal": 0.7188884491448521, "width": 4000, "height": 3000, "capture_time": 1778230746.0, "translation": [342398.30337113404, 4703643.2930536745, 26.71107123620966], "rotation": [0.6601328269918288, -2.6641715920870106, 1.0934988216807695]}, "geometry": {"type": "Point", "coordinates": [-70.91711015187235, 42.469106199383916, 26.71107123620966]}}, {"type": "Feature", "properties": {"filename": "DJI_20260508084643_0673_V.JPG", "camera": "v2 dji m3t 4000 3000 brown 0.6666", "focal": 0.7188884491448521, "width": 4000, "height": 3000, "capture_time": 1778230003.0, "translation": [342464.70104376465, 4703559.956894424, 26.50063752895825], "rotation": [1.349258168160609, 2.2074418131160547, -0.9085384090612955]}, "geometry": {"type": "Point", "coordinates": [-70.91628002357321, 42.46836960438292, 26.50063752895825]}}, {"type": "Feature", "properties": {"filename": "DJI_20260508083958_0118_V.JPG", "camera": "v2 dji m3t 4000 3000 brown 0.6666", "focal": 0.7188884491448521, "width": 4000, "height": 3000, "capture_time": 1778229598.0, "translation": [342440.01781293255, 4703575.650832232, 26.46379756351732], "rotation": [-2.646468094835592, 1.6510822948975779, -0.026866433370636288]}, "geometry": {"type": "Point", "coordinates": [-70.91658442127417, 42.46850584436994, 26.46379756351732]}}, {"type": "Feature", "properties": {"filename": "DJI_20260508085534_1383_V.JPG", "camera": "v2 dji m3t 4000 3000 brown 0.6666", "focal": 0.7188884491448521, "width": 4000, "height": 3000, "capture_time": 1778230534.0, "translation": [342412.54367030563, 4703610.920767599, 26.46170432736311], "rotation": [2.0719382984199237, -1.2600967294041323, 0.5068500114206341]}, "geometry": {"type": "Point", "coordinates": [-70.91692812922972, 42.46881771703638, 26.46170432736311]}}, {"type": "Feature", "properties": {"filename": "DJI_20260508084349_0424_V.JPG", "camera": "v2 dji m3t 4000 3000 brown 0.6666", "focal": 0.7188884491448521, "width": 4000, "height": 3000, "capture_time": 1778229829.0, "translation": [342530.55590698536, 4703654.627136656, 26.60189162637159], "rotation": [1.347178785087438, 2.2189265001924756, -0.8988616871777386]}, "geometry": {"type": "Point", "coordinates": [-70.91550538162446, 42.46923510810701, 26.60189162637159]}}, {"type": "Feature", "properties": {"filename": "DJI_20260508085929_1697_V.JPG", "camera": "v2 dji m3t 4000 3000 brown 0.6666", "focal": 0.7188884491448521, "width": 4000, "height": 3000, "capture_time": 1778230769.0, "translation": [342404.82205112063, 4703602.673117932, 26.680988085562102], "rotation": [0.6582617697027463, -2.6633407566918854, 1.098116345352296]}, "geometry": {"type": "Point", "coordinates": [-70.91701973953876, 42.46874191030775, 26.680988085562102]}}, {"type": "Feature", "properties": {"filename": "DJI_20260508084626_0649_V.JPG", "camera": "v2 dji m3t 4000 3000 brown 0.6666", "focal": 0.7188884491448521, "width": 4000, "height": 3000, "capture_time": 1778229986.0, "translation": [342555.1263255933, 4703605.987420427, 26.456923692581377], "rotation": [1.356709342044334, 2.209096981322032, -0.893302349266416]}, "geometry": {"type": "Point", "coordinates": [-70.91519331075422, 42.46880230110938, 26.456923692581377]}}, {"type": "Feature", "properties": {"filename": "DJI_20260508084548_0595_V.JPG", "camera": "v2 dji m3t 4000 3000 brown 0.6666", "focal": 0.7188884491448521, "width": 4000, "height": 3000, "capture_time": 1778229948.0, "translation": [342551.433133636, 4703617.665713113, 26.507369133809398], "rotation": [1.359037657123702, 2.2131479507481933, -0.8996755876914254]}, "geometry": {"type": "Point", "coordinates": [-70.91524141679746, 42.46890666557797, 26.507369133809398]}}, {"type": "Feature", "properties": {"filename": "DJI_20260508085103_1021_V.JPG", "camera": "v2 dji m3t 4000 3000 brown 0.6666", "focal": 0.7188884491448521, "width": 4000, "height": 3000, "capture_time": 1778230263.0, "translation": [342531.7386750341, 4703545.373874925, 26.63103321435235], "rotation": [2.3100063852628314, 0.555712636072978, -0.23153330277025655]}, "geometry": {"type": "Point", "coordinates": [-70.91546100863256, 42.46825197227229, 26.63103321435235]}}, {"type": "Feature", "properties": {"filename": "DJI_20260508085250_1149_V.JPG", "camera": "v2 dji m3t 4000 3000 brown 0.6666", "focal": 0.7188884491448521, "width": 4000, "height": 3000, "capture_time": 1778230370.0, "translation": [342409.8844893615, 4703553.444332196, 26.487945809007865], "rotation": [2.083502008081154, -1.2533694430099585, 0.5013318922004413]}, "geometry": {"type": "Point", "coordinates": [-70.9169446674468, 42.468299837692236, 26.487945809007865]}}, {"type": "Feature", "properties": {"filename": "DJI_20260508083916_0057_V.JPG", "camera": "v2 dji m3t 4000 3000 brown 0.6666", "focal": 0.7188884491448521, "width": 4000, "height": 3000, "capture_time": 1778229556.0, "translation": [342422.3984396749, 4703552.610752172, 26.401627394291904], "rotation": [-2.691411639006092, 1.578611206726543, -0.02851349023124763]}, "geometry": {"type": "Point", "coordinates": [-70.91679230008077, 42.468294880003874, 26.401627394291904]}}, {"type": "Feature", "properties": {"filename": "DJI_20260508090012_1759_V.JPG", "camera": "v2 dji m3t 4000 3000 brown 0.6666", "focal": 0.7188884491448521, "width": 4000, "height": 3000, "capture_time": 1778230812.0, "translation": [342377.05616205273, 4703613.225746681, 26.61496298275775], "rotation": [0.6663202171362561, -2.6714162437306452, 1.0875274299808788]}, "geometry": {"type": "Point", "coordinates": [-70.91736020552754, 42.468831244806864, 26.61496298275775]}}, {"type": "Feature", "properties": {"filename": "DJI_20260508084304_0360_V.JPG", "camera": "v2 dji m3t 4000 3000 brown 0.6666", "focal": 0.7188884491448521, "width": 4000, "height": 3000, "capture_time": 1778229784.0, "translation": [342497.3158250803, 4703653.496581018, 26.61763910527362], "rotation": [1.3524153192497215, 2.2201689760370007, -0.9080532299211294]}, "geometry": {"type": "Point", "coordinates": [-70.91590919378494, 42.46921817523996, 26.61763910527362]}}, {"type": "Feature", "properties": {"filename": "DJI_20260508084335_0405_V.JPG", "camera": "v2 dji m3t 4000 3000 brown 0.6666", "focal": 0.7188884491448521, "width": 4000, "height": 3000, "capture_time": 1778229815.0, "translation": [342452.12294750387, 4703616.789762803, 26.554948440045397], "rotation": [1.3452808779073953, 2.209104098083545, -0.9129953036479292]}, "geometry": {"type": "Point", "coordinates": [-70.91644855210508, 42.46887859268389, 26.554948440045397]}}, {"type": "Feature", "properties": {"filename": "DJI_20260508085537_1388_V.JPG", "camera": "v2 dji m3t 4000 3000 brown 0.6666", "focal": 0.7188884491448521, "width": 4000, "height": 3000, "capture_time": 1778230537.0, "translation": [342433.7541671502, 4703621.453808554, 26.485105245409944], "rotation": [2.069202888316858, -1.2607382405579393, 0.5067925870502348]}, "geometry": {"type": "Point", "coordinates": [-70.9166731538918, 42.46891683765644, 26.485105245409944]}}, {"type": "Feature", "properties": {"filename": "DJI_20260508084544_0589_V.JPG", "camera": "v2 dji m3t 4000 3000 brown 0.6666", "focal": 0.7188884491448521, "width": 4000, "height": 3000, "capture_time": 1778229944.0, "translation": [342542.94427062804, 4703620.135079478, 26.507627733556383], "rotation": [1.359621194732614, 2.208370009164545, -0.9055186492781071]}, "geometry": {"type": "Point", "coordinates": [-70.9153452991229, 42.468927166878785, 26.507627733556383]}}, {"type": "Feature", "properties": {"filename": "DJI_20260508085707_1494_V.JPG", "camera": "v2 dji m3t 4000 3000 brown 0.6666", "focal": 0.7188884491448521, "width": 4000, "height": 3000, "capture_time": 1778230627.0, "translation": [342459.823224042, 4703633.005538572, 26.63239752436121], "rotation": [0.6518210949903299, -2.66500837665092, 1.0953503914057816]}, "geometry": {"type": "Point", "coordinates": [-70.9163593888855, 42.46902611479243, 26.63239752436121]}}, {"type": "Feature", "properties": {"filename": "DJI_20260508085915_1677_V.JPG", "camera": "v2 dji m3t 4000 3000 brown 0.6666", "focal": 0.7188884491448521, "width": 4000, "height": 3000, "capture_time": 1778230755.0, "translation": [342399.2823766755, 4703627.538658097, 26.60892307466795], "rotation": [0.669712654459817, -2.67419417472808, 1.0879453540539474]}, "geometry": {"type": "Point", "coordinates": [-70.91709392071013, 42.468964595146886, 26.60892307466795]}}, {"type": "Feature", "properties": {"filename": "DJI_20260508084129_0248_V.JPG", "camera": "v2 dji m3t 4000 3000 brown 0.6666", "focal": 0.7188884491448521, "width": 4000, "height": 3000, "capture_time": 1778229689.0, "translation": [342492.80300702475, 4703633.116771031, 26.513828240856633], "rotation": [3.131884496632246, -0.17396159007639633, -0.017662402320890162]}, "geometry": {"type": "Point", "coordinates": [-70.9159584628535, 42.46903382149159, 26.513828240856633]}}, {"type": "Feature", "properties": {"filename": "DJI_20260508084934_0895_V.JPG", "camera": "v2 dji m3t 4000 3000 brown 0.6666", "focal": 0.7188884491448521, "width": 4000, "height": 3000, "capture_time": 1778230174.0, "translation": [342486.41984887025, 4703538.540084718, 26.619220204211963], "rotation": [2.3029859064436744, 0.5544077555393391, -0.2380743139529493]}, "geometry": {"type": "Point", "coordinates": [-70.91601009565699, 42.46818124997566, 26.619220204211963]}}, {"type": "Feature", "properties": {"filename": "DJI_20260508085857_1651_V.JPG", "camera": "v2 dji m3t 4000 3000 brown 0.6666", "focal": 0.7188884491448521, "width": 4000, "height": 3000, "capture_time": 1778230737.0, "translation": [342425.15709245583, 4703590.52581117, 26.59720192030141], "rotation": [0.6600634783709136, -2.66504557096475, 1.0994699800295384]}, "geometry": {"type": "Point", "coordinates": [-70.91676917746061, 42.46863670998212, 26.59720192030141]}}, {"type": "Feature", "properties": {"filename": "DJI_20260508084344_0418_V.JPG", "camera": "v2 dji m3t 4000 3000 brown 0.6666", "focal": 0.7188884491448521, "width": 4000, "height": 3000, "capture_time": 1778229824.0, "translation": [342506.9090740225, 4703644.169312286, 26.590761448763665], "rotation": [1.3520284958785567, 2.2156102463262077, -0.9072394124092884]}, "geometry": {"type": "Point", "coordinates": [-70.91579000100035, 42.46913617178251, 26.590761448763665]}}, {"type": "Feature", "properties": {"filename": "DJI_20260508084804_0766_V.JPG", "camera": "v2 dji m3t 4000 3000 brown 0.6666", "focal": 0.7188884491448521, "width": 4000, "height": 3000, "capture_time": 1778230084.0, "translation": [342438.2272353857, 4703550.291079835, 26.605004650816234], "rotation": [2.3069258264194517, 0.543849500433402, -0.23219951898053637]}, "geometry": {"type": "Point", "coordinates": [-70.91659922428549, 42.46827722010444, 26.605004650816234]}}, {"type": "Feature", "properties": {"filename": "DJI_20260508085650_1471_V.JPG", "camera": "v2 dji m3t 4000 3000 brown 0.6666", "focal": 0.7188884491448521, "width": 4000, "height": 3000, "capture_time": 1778230610.0, "translation": [342447.23201509524, 4703672.344747946, 26.574651059951897], "rotation": [0.6691604653619674, -2.6743537509364006, 1.081182839607881]}, "geometry": {"type": "Point", "coordinates": [-70.91652327415461, 42.4693776418795, 26.574651059951897]}}, {"type": "Feature", "properties": {"filename": "DJI_20260508085817_1594_V.JPG", "camera": "v2 dji m3t 4000 3000 brown 0.6666", "focal": 0.7188884491448521, "width": 4000, "height": 3000, "capture_time": 1778230697.0, "translation": [342419.01329589926, 4703644.082869072, 26.568771007524955], "rotation": [0.6690574441430034, -2.6745827344044586, 1.0896342323005541]}, "geometry": {"type": "Point", "coordinates": [-70.91685858469965, 42.469117521015086, 26.568771007524955]}}, {"type": "Feature", "properties": {"filename": "DJI_20260508084826_0797_V.JPG", "camera": "v2 dji m3t 4000 3000 brown 0.6666", "focal": 0.7188884491448521, "width": 4000, "height": 3000, "capture_time": 1778230106.0, "translation": [342434.1380534522, 4703573.522217457, 26.670801781140327], "rotation": [2.31089895272972, 0.547064496428212, -0.2228510621312747]}, "geometry": {"type": "Point", "coordinates": [-70.91665531997906, 42.468485489202735, 26.670801781140327]}}, {"type": "Feature", "properties": {"filename": "DJI_20260508085908_1667_V.JPG", "camera": "v2 dji m3t 4000 3000 brown 0.6666", "focal": 0.7188884491448521, "width": 4000, "height": 3000, "capture_time": 1778230748.0, "translation": [342391.76647292014, 4703654.032940119, 26.678929829792317], "rotation": [0.6608820158810902, -2.6668388163248724, 1.0903415169107713]}, "geometry": {"type": "Point", "coordinates": [-70.9171925763256, 42.4692015379986, 26.678929829792317]}}, {"type": "Feature", "properties": {"filename": "DJI_20260508083838_0003_V.JPG", "camera": "v2 dji m3t 4000 3000 brown 0.6666", "focal": 0.7188884491448521, "width": 4000, "height": 3000, "capture_time": 1778229518.0, "translation": [342426.3007212768, 4703540.463023426, 26.455341993964208], "rotation": [-2.6779678179439363, 1.627836773236675, 0.008578820326252819]}, "geometry": {"type": "Point", "coordinates": [-70.9167415210292, 42.46818633340493, 26.455341993964208]}}, {"type": "Feature", "properties": {"filename": "DJI_20260508085319_1190_V.JPG", "camera": "v2 dji m3t 4000 3000 brown 0.6666", "focal": 0.7188884491448521, "width": 4000, "height": 3000, "capture_time": 1778230399.0, "translation": [342374.11596704816, 4703542.597949845, 26.58606596892657], "rotation": [2.0810775748467516, -1.2487958019239875, 0.4972274485440623]}, "geometry": {"type": "Point", "coordinates": [-70.9173765426451, 42.46819493450775, 26.58606596892657]}}, {"type": "Feature", "properties": {"filename": "DJI_20260508085931_1700_V.JPG", "camera": "v2 dji m3t 4000 3000 brown 0.6666", "focal": 0.7188884491448521, "width": 4000, "height": 3000, "capture_time": 1778230771.0, "translation": [342398.28851515887, 4703615.245602198, 26.70627337416241], "rotation": [0.6604082044172622, -2.6632033083579123, 1.0956259064310525]}, "geometry": {"type": "Point", "coordinates": [-70.91710262601302, 42.468853744678945, 26.70627337416241]}}, {"type": "Feature", "properties": {"filename": "DJI_20260508084630_0654_V.JPG", "camera": "v2 dji m3t 4000 3000 brown 0.6666", "focal": 0.7188884491448521, "width": 4000, "height": 3000, "capture_time": 1778229990.0, "translation": [342536.14915505575, 4703595.764403222, 26.49240267721597], "rotation": [1.3540285728391614, 2.212511682956249, -0.8935905225699123]}, "geometry": {"type": "Point", "coordinates": [-70.9154212213336, 42.46870642814233, 26.49240267721597]}}, {"type": "Feature", "properties": {"filename": "DJI_20260508085742_1545_V.JPG", "camera": "v2 dji m3t 4000 3000 brown 0.6666", "focal": 0.7188884491448521, "width": 4000, "height": 3000, "capture_time": 1778230662.0, "translation": [342425.5093328979, 4703670.994716833, 26.6166090980671], "rotation": [0.6604303486900917, -2.6629287878730525, 1.0943150166523947]}, "geometry": {"type": "Point", "coordinates": [-70.91678700136016, 42.46936107254557, 26.6166090980671]}}, {"type": "Feature", "properties": {"filename": "DJI_20260508085310_1178_V.JPG", "camera": "v2 dji m3t 4000 3000 brown 0.6666", "focal": 0.7188884491448521, "width": 4000, "height": 3000, "capture_time": 1778230390.0, "translation": [342424.83170271735, 4703567.891366718, 26.59448381014471], "rotation": [2.0670053447827446, -1.252839300433569, 0.5031143720193858]}, "geometry": {"type": "Point", "coordinates": [-70.91676691543076, 42.468432913878424, 26.59448381014471]}}, {"type": "Feature", "properties": {"filename": "DJI_20260508085212_1095_V.JPG", "camera": "v2 dji m3t 4000 3000 brown 0.6666", "focal": 0.7188884491448521, "width": 4000, "height": 3000, "capture_time": 1778230332.0, "translation": [342419.3864468636, 4703544.1774535, 26.54112250028502], "rotation": [2.0812357388044824, -1.2569263435204723, 0.505972823356549]}, "geometry": {"type": "Point", "coordinates": [-70.91682660160092, 42.468218360287715, 26.54112250028502]}}, {"type": "Feature", "properties": {"filename": "DJI_20260508085836_1622_V.JPG", "camera": "v2 dji m3t 4000 3000 brown 0.6666", "focal": 0.7188884491448521, "width": 4000, "height": 3000, "capture_time": 1778230716.0, "translation": [342411.6481226671, 4703644.982886148, 26.6309186617508], "rotation": [0.6548083734264566, -2.6643495257331877, 1.0982812512033506]}, "geometry": {"type": "Point", "coordinates": [-70.91694837523961, 42.46912412387502, 26.6309186617508]}}, {"type": "Feature", "properties": {"filename": "DJI_20260508085845_1635_V.JPG", "camera": "v2 dji m3t 4000 3000 brown 0.6666", "focal": 0.7188884491448521, "width": 4000, "height": 3000, "capture_time": 1778230725.0, "translation": [342408.2129270983, 4703637.606645036, 26.613940901055603], "rotation": [0.661679783308943, -2.67198916376499, 1.0918867083890773]}, "geometry": {"type": "Point", "coordinates": [-70.9169881125587, 42.46905703248034, 26.613940901055603]}}, {"type": "Feature", "properties": {"filename": "DJI_20260508083837_0001_V.JPG", "camera": "v2 dji m3t 4000 3000 brown 0.6666", "focal": 0.7188884491448521, "width": 4000, "height": 3000, "capture_time": 1778229517.0, "translation": [342424.5917450764, 4703539.551368017, 26.485581605162274], "rotation": [-2.6661714270771175, 1.654623917693368, 0.013733249260781667]}, "geometry": {"type": "Point", "coordinates": [-70.91676204743382, 42.46817778012913, 26.485581605162274]}}, {"type": "Feature", "properties": {"filename": "DJI_20260508085635_1449_V.JPG", "camera": "v2 dji m3t 4000 3000 brown 0.6666", "focal": 0.7188884491448521, "width": 4000, "height": 3000, "capture_time": 1778230595.0, "translation": [342480.74701093824, 4703620.214911734, 26.58890481117429], "rotation": [0.6683173046355835, -2.672417416587731, 1.0903901726337903]}, "geometry": {"type": "Point", "coordinates": [-70.91610149229143, 42.46891524228023, 26.58890481117429]}}, {"type": "Feature", "properties": {"filename": "DJI_20260508084752_0749_V.JPG", "camera": "v2 dji m3t 4000 3000 brown 0.6666", "focal": 0.7188884491448521, "width": 4000, "height": 3000, "capture_time": 1778230072.0, "translation": [342437.0021749962, 4703538.813936486, 26.571348896821256], "rotation": [2.3129436083446167, 0.5513051561251969, -0.2249891911869329]}, "geometry": {"type": "Point", "coordinates": [-70.91661096532756, 42.46817366656019, 26.571348896821256]}}, {"type": "Feature", "properties": {"filename": "DJI_20260508084600_0612_V.JPG", "camera": "v2 dji m3t 4000 3000 brown 0.6666", "focal": 0.7188884491448521, "width": 4000, "height": 3000, "capture_time": 1778229960.0, "translation": [342482.84336862963, 4703582.930565971, 26.43370837930691], "rotation": [1.3477608918881894, 2.2056770305786007, -0.8976078575607265]}, "geometry": {"type": "Point", "coordinates": [-70.91606576672034, 42.46858007644241, 26.43370837930691]}}, {"type": "Feature", "properties": {"filename": "DJI_20260508084551_0598_V.JPG", "camera": "v2 dji m3t 4000 3000 brown 0.6666", "focal": 0.7188884491448521, "width": 4000, "height": 3000, "capture_time": 1778229951.0, "translation": [342541.9063818297, 4703612.708575841, 26.55456161828272], "rotation": [1.354969699003686, 2.216584589127101, -0.8939230822690403]}, "geometry": {"type": "Point", "coordinates": [-70.91535587871489, 42.46886011082161, 26.55456161828272]}}, {"type": "Feature", "properties": {"filename": "DJI_20260508084313_0373_V.JPG", "camera": "v2 dji m3t 4000 3000 brown 0.6666", "focal": 0.7188884491448521, "width": 4000, "height": 3000, "capture_time": 1778229793.0, "translation": [342516.32605529774, 4703655.938030126, 26.573610763401987], "rotation": [1.34680104736666, 2.2285391430529193, -0.8947286300097014]}, "geometry": {"type": "Point", "coordinates": [-70.91567874368856, 42.46924401491392, 26.573610763401987]}}, {"type": "Feature", "properties": {"filename": "DJI_20260508085222_1109_V.JPG", "camera": "v2 dji m3t 4000 3000 brown 0.6666", "focal": 0.7188884491448521, "width": 4000, "height": 3000, "capture_time": 1778230342.0, "translation": [342476.12794158945, 4703573.710678239, 26.48957788470392], "rotation": [2.068786833749919, -1.2544071712427654, 0.5098351260558017]}, "geometry": {"type": "Point", "coordinates": [-70.91614487793315, 42.46849572396285, 26.48957788470392]}}, {"type": "Feature", "properties": {"filename": "DJI_20260508084801_0761_V.JPG", "camera": "v2 dji m3t 4000 3000 brown 0.6666", "focal": 0.7188884491448521, "width": 4000, "height": 3000, "capture_time": 1778230081.0, "translation": [342428.411220372, 4703569.55807357, 26.580783030162436], "rotation": [2.308447009892673, 0.544211270192911, -0.23005745178901255]}, "geometry": {"type": "Point", "coordinates": [-70.91672385519831, 42.468448643716215, 26.580783030162436]}}, {"type": "Feature", "properties": {"filename": "DJI_20260508085632_1445_V.JPG", "camera": "v2 dji m3t 4000 3000 brown 0.6666", "focal": 0.7188884491448521, "width": 4000, "height": 3000, "capture_time": 1778230592.0, "translation": [342485.639022708, 4703621.96922261, 26.628835297921245], "rotation": [0.6702840024997019, -2.674541903427649, 1.0895451259353932]}, "geometry": {"type": "Point", "coordinates": [-70.9160424987971, 42.46893202723328, 26.628835297921245]}}, {"type": "Feature", "properties": {"filename": "DJI_20260508083934_0084_V.JPG", "camera": "v2 dji m3t 4000 3000 brown 0.6666", "focal": 0.7188884491448521, "width": 4000, "height": 3000, "capture_time": 1778229574.0, "translation": [342506.39521061536, 4703601.520235526, 26.385305918961116], "rotation": [-1.7050363368746275, -2.6246156975174704, -0.00210723008914476]}, "geometry": {"type": "Point", "coordinates": [-70.91578453794224, 42.468752187896996, 26.385305918961116]}}, {"type": "Feature", "properties": {"filename": "DJI_20260508085748_1553_V.JPG", "camera": "v2 dji m3t 4000 3000 brown 0.6666", "focal": 0.7188884491448521, "width": 4000, "height": 3000, "capture_time": 1778230668.0, "translation": [342428.9719438234, 4703652.240720591, 26.63392934689233], "rotation": [0.666093830877292, -2.669940566037617, 1.0905474861882476]}, "geometry": {"type": "Point", "coordinates": [-70.91673975192249, 42.46919297434185, 26.63392934689233]}}, {"type": "Feature", "properties": {"filename": "DJI_20260508085716_1507_V.JPG", "camera": "v2 dji m3t 4000 3000 brown 0.6666", "focal": 0.7188884491448521, "width": 4000, "height": 3000, "capture_time": 1778230636.0, "translation": [342433.26336901495, 4703675.890842867, 26.656691785208746], "rotation": [0.661029024097485, -2.6674677565319813, 1.0925255265552112]}, "geometry": {"type": "Point", "coordinates": [-70.91669407507152, 42.46940671903742, 26.656691785208746]}}, {"type": "Feature", "properties": {"filename": "DJI_20260508090014_1761_V.JPG", "camera": "v2 dji m3t 4000 3000 brown 0.6666", "focal": 0.7188884491448521, "width": 4000, "height": 3000, "capture_time": 1778230814.0, "translation": [342375.29220899247, 4703613.764053874, 26.618038478531485], "rotation": [0.6640556988451274, -2.6714116460457453, 1.0870195740159885]}, "geometry": {"type": "Point", "coordinates": [-70.91738179889289, 42.468835731167935, 26.618038478531485]}}, {"type": "Feature", "properties": {"filename": "DJI_20260508090003_1746_V.JPG", "camera": "v2 dji m3t 4000 3000 brown 0.6666", "focal": 0.7188884491448521, "width": 4000, "height": 3000, "capture_time": 1778230803.0, "translation": [342372.46222241176, 4703638.534377246, 26.638716648516105], "rotation": [0.6546856689372761, -2.6657000510665387, 1.0946983414188998]}, "geometry": {"type": "Point", "coordinates": [-70.91742301187556, 42.469058110013634, 26.638716648516105]}}, {"type": "Feature", "properties": {"filename": "DJI_20260508083945_0099_V.JPG", "camera": "v2 dji m3t 4000 3000 brown 0.6666", "focal": 0.7188884491448521, "width": 4000, "height": 3000, "capture_time": 1778229585.0, "translation": [342444.06663776265, 4703570.617587031, 26.477649482450403], "rotation": [-1.6676887112408274, -2.6543389220257505, -0.018889073162745133]}, "geometry": {"type": "Point", "coordinates": [-70.91653381498463, 42.46846136410431, 26.477649482450403]}}, {"type": "Feature", "properties": {"filename": "DJI_20260508090021_1772_V.JPG", "camera": "v2 dji m3t 4000 3000 brown 0.6666", "focal": 0.7188884491448521, "width": 4000, "height": 3000, "capture_time": 1778230821.0, "translation": [342357.9199993185, 4703639.203330545, 26.684217129976993], "rotation": [0.6624075466293606, -2.6675085880538774, 1.0932779190769844]}, "geometry": {"type": "Point", "coordinates": [-70.9175999948876, 42.46906117234004, 26.684217129976993]}}, {"type": "Feature", "properties": {"filename": "DJI_20260508085839_1626_V.JPG", "camera": "v2 dji m3t 4000 3000 brown 0.6666", "focal": 0.7188884491448521, "width": 4000, "height": 3000, "capture_time": 1778230719.0, "translation": [342402.9931463893, 4703659.785339959, 26.55182515989258], "rotation": [0.6549332756088552, -2.6676773917572123, 1.0952847246139996]}, "geometry": {"type": "Point", "coordinates": [-70.91705766662179, 42.46925559843029, 26.55182515989258]}}, {"type": "Feature", "properties": {"filename": "DJI_20260508085715_1506_V.JPG", "camera": "v2 dji m3t 4000 3000 brown 0.6666", "focal": 0.7188884491448521, "width": 4000, "height": 3000, "capture_time": 1778230635.0, "translation": [342434.8804640001, 4703676.970838985, 26.638486050234086], "rotation": [0.6586880261233055, -2.665699710841075, 1.0924127995170658]}, "geometry": {"type": "Point", "coordinates": [-70.916674711572, 42.46941676883532, 26.638486050234086]}}, {"type": "Feature", "properties": {"filename": "DJI_20260508083852_0024_V.JPG", "camera": "v2 dji m3t 4000 3000 brown 0.6666", "focal": 0.7188884491448521, "width": 4000, "height": 3000, "capture_time": 1778229532.0, "translation": [342513.1230467633, 4703584.492137919, 26.446793676382566], "rotation": [-2.6771404515278157, 1.6174676634511798, -0.004430002041014923]}, "geometry": {"type": "Point", "coordinates": [-70.91569806836748, 42.46860028754953, 26.446793676382566]}}, {"type": "Feature", "properties": {"filename": "DJI_20260508084832_0806_V.JPG", "camera": "v2 dji m3t 4000 3000 brown 0.6666", "focal": 0.7188884491448521, "width": 4000, "height": 3000, "capture_time": 1778230112.0, "translation": [342447.2630588186, 4703560.261654135, 26.58275422636418], "rotation": [2.3039986269255257, 0.5463174753106274, -0.2288628106337725]}, "geometry": {"type": "Point", "coordinates": [-70.91649210989551, 42.468368801590934, 26.58275422636418]}}, {"type": "Feature", "properties": {"filename": "DJI_20260508084253_0344_V.JPG", "camera": "v2 dji m3t 4000 3000 brown 0.6666", "focal": 0.7188884491448521, "width": 4000, "height": 3000, "capture_time": 1778229773.0, "translation": [342429.9088693487, 4703619.6038279915, 26.60808244492177], "rotation": [1.3459574460265826, 2.2062948161075604, -0.9168088887349308]}, "geometry": {"type": "Point", "coordinates": [-70.91671939536114, 42.468899404153035, 26.60808244492177]}}, {"type": "Feature", "properties": {"filename": "DJI_20260508085951_1728_V.JPG", "camera": "v2 dji m3t 4000 3000 brown 0.6666", "focal": 0.7188884491448521, "width": 4000, "height": 3000, "capture_time": 1778230791.0, "translation": [342407.23203206377, 4703582.220094404, 26.626039467013218], "rotation": [0.6645392292401016, -2.67089173813188, 1.0925804864015713]}, "geometry": {"type": "Point", "coordinates": [-70.91698482061544, 42.46855830533452, 26.626039467013218]}}, {"type": "Feature", "properties": {"filename": "DJI_20260508085257_1159_V.JPG", "camera": "v2 dji m3t 4000 3000 brown 0.6666", "focal": 0.7188884491448521, "width": 4000, "height": 3000, "capture_time": 1778230377.0, "translation": [342451.94559122215, 4703574.590622516, 26.431920754954657], "rotation": [2.0778865178370944, -1.253315665603829, 0.5078442041519993]}, "geometry": {"type": "Point", "coordinates": [-70.91643911758298, 42.46849872714734, 26.431920754954657]}}, {"type": "Feature", "properties": {"filename": "DJI_20260508084342_0415_V.JPG", "camera": "v2 dji m3t 4000 3000 brown 0.6666", "focal": 0.7188884491448521, "width": 4000, "height": 3000, "capture_time": 1778229822.0, "translation": [342494.22787596064, 4703637.820503082, 26.57136856799235], "rotation": [1.3512646171366118, 2.2138626510966457, -0.9091883118737446]}, "geometry": {"type": "Point", "coordinates": [-70.91594243143786, 42.46907644891255, 26.57136856799235]}}, {"type": "Feature", "properties": {"filename": "DJI_20260508090005_1749_V.JPG", "camera": "v2 dji m3t 4000 3000 brown 0.6666", "focal": 0.7188884491448521, "width": 4000, "height": 3000, "capture_time": 1778230805.0, "translation": [342366.5356537303, 4703642.944254926, 26.58250961743818], "rotation": [0.6561921953010279, -2.6682494792026277, 1.0916774722336837]}, "geometry": {"type": "Point", "coordinates": [-70.91749627691831, 42.46909659695544, 26.58250961743818]}}, {"type": "Feature", "properties": {"filename": "DJI_20260508085812_1587_V.JPG", "camera": "v2 dji m3t 4000 3000 brown 0.6666", "focal": 0.7188884491448521, "width": 4000, "height": 3000, "capture_time": 1778230692.0, "translation": [342411.3442894734, 4703665.283571401, 26.645765162146304], "rotation": [0.6651708249214917, -2.6658542760944073, 1.0924691637047068]}, "geometry": {"type": "Point", "coordinates": [-70.91695764667405, 42.4693067860691, 26.645765162146304]}}, {"type": "Feature", "properties": {"filename": "DJI_20260508085930_1699_V.JPG", "camera": "v2 dji m3t 4000 3000 brown 0.6666", "focal": 0.7188884491448521, "width": 4000, "height": 3000, "capture_time": 1778230770.0, "translation": [342400.31265436916, 4703611.413994226, 26.718289465766237], "rotation": [0.659275252625643, -2.6632920938950906, 1.0963438559176961]}, "geometry": {"type": "Point", "coordinates": [-70.9170769645515, 42.46881966859265, 26.718289465766237]}}, {"type": "Feature", "properties": {"filename": "DJI_20260508085723_1518_V.JPG", "camera": "v2 dji m3t 4000 3000 brown 0.6666", "focal": 0.7188884491448521, "width": 4000, "height": 3000, "capture_time": 1778230643.0, "translation": [342450.9485433137, 4703636.53241745, 26.64668571137213], "rotation": [0.6636822339730212, -2.675821110501108, 1.088566175674456]}, "geometry": {"type": "Point", "coordinates": [-70.9164682528463, 42.469056055154326, 26.64668571137213]}}, {"type": "Feature", "properties": {"filename": "DJI_20260508085934_1705_V.JPG", "camera": "v2 dji m3t 4000 3000 brown 0.6666", "focal": 0.7188884491448521, "width": 4000, "height": 3000, "capture_time": 1778230774.0, "translation": [342387.7398519449, 4703636.390900049, 26.664832322665408], "rotation": [0.6622345671572732, -2.6626259052933543, 1.0930422928778853]}, "geometry": {"type": "Point", "coordinates": [-70.91723668288367, 42.46904192501391, 26.664832322665408]}}, {"type": "Feature", "properties": {"filename": "DJI_20260508084423_0473_V.JPG", "camera": "v2 dji m3t 4000 3000 brown 0.6666", "focal": 0.7188884491448521, "width": 4000, "height": 3000, "capture_time": 1778229863.0, "translation": [342507.38700388756, 4703630.33154178, 26.589891222104985], "rotation": [1.3497907727000364, 2.2132450805479356, -0.9080956600654368]}, "geometry": {"type": "Point", "coordinates": [-70.91578039095664, 42.46901171676181, 26.589891222104985]}}, {"type": "Feature", "properties": {"filename": "DJI_20260508085634_1447_V.JPG", "camera": "v2 dji m3t 4000 3000 brown 0.6666", "focal": 0.7188884491448521, "width": 4000, "height": 3000, "capture_time": 1778230594.0, "translation": [342483.9014657795, 4703619.010879289, 26.617761631938833], "rotation": [0.670264750944604, -2.6718926129895393, 1.08946711341527]}, "geometry": {"type": "Point", "coordinates": [-70.91606281096337, 42.46890504626701, 26.617761631938833]}}, {"type": "Feature", "properties": {"filename": "DJI_20260508085914_1676_V.JPG", "camera": "v2 dji m3t 4000 3000 brown 0.6666", "focal": 0.7188884491448521, "width": 4000, "height": 3000, "capture_time": 1778230754.0, "translation": [342397.16357626935, 4703631.74839079, 26.603773934823607], "rotation": [0.6694486807251577, -2.674414306365491, 1.0870074654118096]}, "geometry": {"type": "Point", "coordinates": [-70.91712083699557, 42.46900205542522, 26.603773934823607]}}, {"type": "Feature", "properties": {"filename": "DJI_20260508085642_1459_V.JPG", "camera": "v2 dji m3t 4000 3000 brown 0.6666", "focal": 0.7188884491448521, "width": 4000, "height": 3000, "capture_time": 1778230602.0, "translation": [342461.05573865294, 4703658.766327874, 26.670439770312527], "rotation": [0.6611887199144646, -2.665289301845912, 1.093656179332669]}, "geometry": {"type": "Point", "coordinates": [-70.91635147982757, 42.46925823522722, 26.670439770312527]}}, {"type": "Feature", "properties": {"filename": "DJI_20260508085712_1502_V.JPG", "camera": "v2 dji m3t 4000 3000 brown 0.6666", "focal": 0.7188884491448521, "width": 4000, "height": 3000, "capture_time": 1778230632.0, "translation": [342443.02813586214, 4703666.562228201, 26.68738820353631], "rotation": [0.6569187081728403, -2.6628568321722708, 1.0965924498342496]}, "geometry": {"type": "Point", "coordinates": [-70.91657279529146, 42.46932473919336, 26.68738820353631]}}, {"type": "Feature", "properties": {"filename": "DJI_20260508084904_0851_V.JPG", "camera": "v2 dji m3t 4000 3000 brown 0.6666", "focal": 0.7188884491448521, "width": 4000, "height": 3000, "capture_time": 1778230144.0, "translation": [342467.31506770133, 4703548.567620575, 26.634521230541353], "rotation": [2.3036120514997074, 0.552239232070848, -0.23376941382144958]}, "geometry": {"type": "Point", "coordinates": [-70.91624511562253, 42.4682676223681, 26.634521230541353]}}, {"type": "Feature", "properties": {"filename": "DJI_20260508085425_1285_V.JPG", "camera": "v2 dji m3t 4000 3000 brown 0.6666", "focal": 0.7188884491448521, "width": 4000, "height": 3000, "capture_time": 1778230465.0, "translation": [342431.68739282887, 4703599.347872094, 26.547600426843054], "rotation": [2.0625723548093253, -1.2508846934607105, 0.5057706875268955]}, "geometry": {"type": "Point", "coordinates": [-70.9166922083401, 42.4687174444356, 26.547600426843054]}}, {"type": "Feature", "properties": {"filename": "DJI_20260508085836_1621_V.JPG", "camera": "v2 dji m3t 4000 3000 brown 0.6666", "focal": 0.7188884491448521, "width": 4000, "height": 3000, "capture_time": 1778230716.0, "translation": [342413.7887936097, 4703640.702901445, 26.61102058759243], "rotation": [0.6547280931784253, -2.663553061163216, 1.0983994485246347]}, "geometry": {"type": "Point", "coordinates": [-70.91692117380518, 42.46908603567463, 26.61102058759243]}}, {"type": "Feature", "properties": {"filename": "DJI_20260508085901_1658_V.JPG", "camera": "v2 dji m3t 4000 3000 brown 0.6666", "focal": 0.7188884491448521, "width": 4000, "height": 3000, "capture_time": 1778230741.0, "translation": [342411.13913664065, 4703618.048149682, 26.678418800178783], "rotation": [0.6575916989464997, -2.6625474895170087, 1.0986236760575976]}, "geometry": {"type": "Point", "coordinates": [-70.91694716317595, 42.4688815840519, 26.678418800178783]}}, {"type": "Feature", "properties": {"filename": "DJI_20260508085923_1689_V.JPG", "camera": "v2 dji m3t 4000 3000 brown 0.6666", "focal": 0.7188884491448521, "width": 4000, "height": 3000, "capture_time": 1778230763.0, "translation": [342418.81405939325, 4703581.995420847, 26.607439839493402], "rotation": [0.6665466285109392, -2.668876293471448, 1.093641965026024]}, "geometry": {"type": "Point", "coordinates": [-70.9168439498021, 42.46855863886064, 26.607439839493402]}}, {"type": "Feature", "properties": {"filename": "DJI_20260508085948_1725_V.JPG", "camera": "v2 dji m3t 4000 3000 brown 0.6666", "focal": 0.7188884491448521, "width": 4000, "height": 3000, "capture_time": 1778230788.0, "translation": [342402.15897937736, 4703593.71658347, 26.5829045334939], "rotation": [0.6682682576015401, -2.6719152824489307, 1.0908347612813065]}, "geometry": {"type": "Point", "coordinates": [-70.91704965520968, 42.4686607519238, 26.5829045334939]}}, {"type": "Feature", "properties": {"filename": "DJI_20260508085650_1470_V.JPG", "camera": "v2 dji m3t 4000 3000 brown 0.6666", "focal": 0.7188884491448521, "width": 4000, "height": 3000, "capture_time": 1778230610.0, "translation": [342445.72791849927, 4703675.491784233, 26.580523657675933], "rotation": [0.6668949553905457, -2.673071912171239, 1.081817499543935]}, "geometry": {"type": "Point", "coordinates": [-70.9165424249832, 42.4694056620986, 26.580523657675933]}}, {"type": "Feature", "properties": {"filename": "DJI_20260508084436_0491_V.JPG", "camera": "v2 dji m3t 4000 3000 brown 0.6666", "focal": 0.7188884491448521, "width": 4000, "height": 3000, "capture_time": 1778229876.0, "translation": [342511.6999034357, 4703625.552332092, 26.546440657208052], "rotation": [1.3412078890800185, 2.2239622004748227, -0.8937475848857563]}, "geometry": {"type": "Point", "coordinates": [-70.91572664402791, 42.46896957636591, 26.546440657208052]}}, {"type": "Feature", "properties": {"filename": "DJI_20260508085343_1225_V.JPG", "camera": "v2 dji m3t 4000 3000 brown 0.6666", "focal": 0.7188884491448521, "width": 4000, "height": 3000, "capture_time": 1778230423.0, "translation": [342453.81146773737, 4703596.347595427, 26.39862152947505], "rotation": [2.0629184325516827, -1.2512364305916333, 0.5104930984811773]}, "geometry": {"type": "Point", "coordinates": [-70.91642240895385, 42.46869493851613, 26.39862152947505]}}, {"type": "Feature", "properties": {"filename": "DJI_20260508085913_1674_V.JPG", "camera": "v2 dji m3t 4000 3000 brown 0.6666", "focal": 0.7188884491448521, "width": 4000, "height": 3000, "capture_time": 1778230753.0, "translation": [342392.96073054173, 4703640.185504613, 26.61655716556162], "rotation": [0.6689753141604682, -2.674215923261083, 1.0863798069258477]}, "geometry": {"type": "Point", "coordinates": [-70.91717425197376, 42.469077141881954, 26.61655716556162]}}, {"type": "Feature", "properties": {"filename": "DJI_20260508084512_0543_V.JPG", "camera": "v2 dji m3t 4000 3000 brown 0.6666", "focal": 0.7188884491448521, "width": 4000, "height": 3000, "capture_time": 1778229912.0, "translation": [342534.44042218494, 4703622.963537346, 26.531753028400306], "rotation": [1.3527091968735794, 2.219816156886358, -0.8908346271569164]}, "geometry": {"type": "Point", "coordinates": [-70.91544946228107, 42.46895089718013, 26.531753028400306]}}, {"type": "Feature", "properties": {"filename": "DJI_20260508085916_1678_V.JPG", "camera": "v2 dji m3t 4000 3000 brown 0.6666", "focal": 0.7188884491448521, "width": 4000, "height": 3000, "capture_time": 1778230756.0, "translation": [342401.3946117385, 4703623.32141472, 26.623877324986807], "rotation": [0.6700056333913879, -2.6739442842199295, 1.0881459136611622]}, "geometry": {"type": "Point", "coordinates": [-70.91706708221272, 42.46892706592308, 26.623877324986807]}}, {"type": "Feature", "properties": {"filename": "DJI_20260508085002_0934_V.JPG", "camera": "v2 dji m3t 4000 3000 brown 0.6666", "focal": 0.7188884491448521, "width": 4000, "height": 3000, "capture_time": 1778230202.0, "translation": [342495.280140653, 4703548.907905483, 26.663242365364773], "rotation": [2.302029305591914, 0.5472180592020863, -0.2383092591785371]}, "geometry": {"type": "Point", "coordinates": [-70.91590522365135, 42.46827637081231, 26.663242365364773]}}, {"type": "Feature", "properties": {"filename": "DJI_20260508084636_0663_V.JPG", "camera": "v2 dji m3t 4000 3000 brown 0.6666", "focal": 0.7188884491448521, "width": 4000, "height": 3000, "capture_time": 1778229996.0, "translation": [342498.35383382713, 4703576.8557289755, 26.437278417987358], "rotation": [1.347506285228653, 2.2086158964006404, -0.9024178562891573]}, "geometry": {"type": "Point", "coordinates": [-70.91587552921463, 42.46852855081424, 26.437278417987358]}}, {"type": "Feature", "properties": {"filename": "DJI_20260508084457_0521_V.JPG", "camera": "v2 dji m3t 4000 3000 brown 0.6666", "focal": 0.7188884491448521, "width": 4000, "height": 3000, "capture_time": 1778229897.0, "translation": [342481.5602969398, 4703603.417954456, 26.514869415525318], "rotation": [1.354987210564628, 2.2076449438840138, -0.9120197219145914]}, "geometry": {"type": "Point", "coordinates": [-70.91608699190992, 42.468764220179935, 26.514869415525318]}}, {"type": "Feature", "properties": {"filename": "DJI_20260508084845_0824_V.JPG", "camera": "v2 dji m3t 4000 3000 brown 0.6666", "focal": 0.7188884491448521, "width": 4000, "height": 3000, "capture_time": 1778230125.0, "translation": [342473.9605835701, 4703521.460384883, 26.607838437604503], "rotation": [2.312405816654338, 0.5520624508323891, -0.22664709374349054]}, "geometry": {"type": "Point", "coordinates": [-70.91615687852021, 42.468024984473004, 26.607838437604503]}}, {"type": "Feature", "properties": {"filename": "DJI_20260508084049_0190_V.JPG", "camera": "v2 dji m3t 4000 3000 brown 0.6666", "focal": 0.7188884491448521, "width": 4000, "height": 3000, "capture_time": 1778229649.0, "translation": [342499.19169329153, 4703620.293058602, 26.500478258848656], "rotation": [-2.64269906871662, 1.6857920544743854, 0.019962034968664756]}, "geometry": {"type": "Point", "coordinates": [-70.91587727018191, 42.46891969553746, 26.500478258848656]}}, {"type": "Feature", "properties": {"filename": "DJI_20260508085900_1656_V.JPG", "camera": "v2 dji m3t 4000 3000 brown 0.6666", "focal": 0.7188884491448521, "width": 4000, "height": 3000, "capture_time": 1778230740.0, "translation": [342415.2971942804, 4703609.706390506, 26.670923311663714], "rotation": [0.6575409568422071, -2.662662203542959, 1.1000902917419593]}, "geometry": {"type": "Point", "coordinates": [-70.91689431935309, 42.468807346643885, 26.670923311663714]}}, {"type": "Feature", "properties": {"filename": "DJI_20260508084540_0583_V.JPG", "camera": "v2 dji m3t 4000 3000 brown 0.6666", "focal": 0.7188884491448521, "width": 4000, "height": 3000, "capture_time": 1778229940.0, "translation": [342517.6448941076, 4703607.548953299, 26.513891787067678], "rotation": [1.3567097547005236, 2.2056052201666456, -0.9070307579168353]}, "geometry": {"type": "Point", "coordinates": [-70.91564942403461, 42.46880873846266, 26.513891787067678]}}, {"type": "Feature", "properties": {"filename": "DJI_20260508085854_1647_V.JPG", "camera": "v2 dji m3t 4000 3000 brown 0.6666", "focal": 0.7188884491448521, "width": 4000, "height": 3000, "capture_time": 1778230734.0, "translation": [342430.9663532822, 4703589.6466387, 26.55545900015846], "rotation": [0.6625363893865525, -2.6674704031868477, 1.0960248471917726]}, "geometry": {"type": "Point", "coordinates": [-70.91669830946783, 42.46862997815067, 26.55545900015846]}}, {"type": "Feature", "properties": {"filename": "DJI_20260508084225_0327_V.JPG", "camera": "v2 dji m3t 4000 3000 brown 0.6666", "focal": 0.7188884491448521, "width": 4000, "height": 3000, "capture_time": 1778229745.0, "translation": [342403.42769537686, 4703606.244198068, 26.501150781231594], "rotation": [-1.6827694603798178, -2.642960176361126, -0.017237314721644567]}, "geometry": {"type": "Point", "coordinates": [-70.91703767270482, 42.46877376953622, 26.501150781231594]}}, {"type": "Feature", "properties": {"filename": "DJI_20260508084443_0501_V.JPG", "camera": "v2 dji m3t 4000 3000 brown 0.6666", "focal": 0.7188884491448521, "width": 4000, "height": 3000, "capture_time": 1778229883.0, "translation": [342469.7216212651, 4703604.445086383, 26.401362552728344], "rotation": [1.3400767643290328, 2.215798138669208, -0.9068082428566114]}, "geometry": {"type": "Point", "coordinates": [-70.9162312038349, 42.468771058225215, 26.401362552728344]}}, {"type": "Feature", "properties": {"filename": "DJI_20260508084928_0886_V.JPG", "camera": "v2 dji m3t 4000 3000 brown 0.6666", "focal": 0.7188884491448521, "width": 4000, "height": 3000, "capture_time": 1778230168.0, "translation": [342467.3374033236, 4703576.381562277, 26.56071244233943], "rotation": [2.3030635605156244, 0.5512310819617048, -0.2364490636404088]}, "geometry": {"type": "Point", "coordinates": [-70.91625248281471, 42.46851797695095, 26.56071244233943]}}, {"type": "Feature", "properties": {"filename": "DJI_20260508085009_0945_V.JPG", "camera": "v2 dji m3t 4000 3000 brown 0.6666", "focal": 0.7188884491448521, "width": 4000, "height": 3000, "capture_time": 1778230209.0, "translation": [342506.30428839015, 4703541.09619101, 26.640975146505024], "rotation": [2.311677331408633, 0.5485783519826237, -0.2299927678880668]}, "geometry": {"type": "Point", "coordinates": [-70.91576905268901, 42.468208299503694, 26.640975146505024]}}, {"type": "Feature", "properties": {"filename": "DJI_20260508085620_1427_V.JPG", "camera": "v2 dji m3t 4000 3000 brown 0.6666", "focal": 0.7188884491448521, "width": 4000, "height": 3000, "capture_time": 1778230580.0, "translation": [342456.9854018263, 4703687.919325809, 26.691965221297465], "rotation": [0.6739029735507507, -2.6631119251448476, 1.0892005690578304]}, "geometry": {"type": "Point", "coordinates": [-70.91640897314522, 42.46951981020208, 26.691965221297465]}}, {"type": "Feature", "properties": {"filename": "DJI_20260508085842_1630_V.JPG", "camera": "v2 dji m3t 4000 3000 brown 0.6666", "focal": 0.7188884491448521, "width": 4000, "height": 3000, "capture_time": 1778230722.0, "translation": [342399.1760109436, 4703655.924032923, 26.643393085845197], "rotation": [0.6575132500494042, -2.6700256525847434, 1.0928452201063799]}, "geometry": {"type": "Point", "coordinates": [-70.91710301318872, 42.469220066795636, 26.643393085845197]}}, {"type": "Feature", "properties": {"filename": "DJI_20260508084321_0384_V.JPG", "camera": "v2 dji m3t 4000 3000 brown 0.6666", "focal": 0.7188884491448521, "width": 4000, "height": 3000, "capture_time": 1778229801.0, "translation": [342469.52138991427, 4703632.505243022, 26.492642645128818], "rotation": [1.3416897042490459, 2.219107068305102, -0.8994510392146691]}, "geometry": {"type": "Point", "coordinates": [-70.9162413446153, 42.46902358368509, 26.492642645128818]}}, {"type": "Feature", "properties": {"filename": "DJI_20260508085621_1429_V.JPG", "camera": "v2 dji m3t 4000 3000 brown 0.6666", "focal": 0.7188884491448521, "width": 4000, "height": 3000, "capture_time": 1778230581.0, "translation": [342455.3983311785, 4703684.75022943, 26.643475000910893], "rotation": [0.6753143163571133, -2.6669473252114138, 1.0892824150184022]}, "geometry": {"type": "Point", "coordinates": [-70.91642739787201, 42.46949096281141, 26.643475000910893]}}, {"type": "Feature", "properties": {"filename": "DJI_20260508085815_1592_V.JPG", "camera": "v2 dji m3t 4000 3000 brown 0.6666", "focal": 0.7188884491448521, "width": 4000, "height": 3000, "capture_time": 1778230695.0, "translation": [342414.6801827638, 4703652.746567234, 26.59603090516523], "rotation": [0.6697868616162994, -2.6738987058812382, 1.089490185327379]}, "geometry": {"type": "Point", "coordinates": [-70.91691364547239, 42.46919462055837, 26.59603090516523]}}, {"type": "Feature", "properties": {"filename": "DJI_20260508084744_0737_V.JPG", "camera": "v2 dji m3t 4000 3000 brown 0.6666", "focal": 0.7188884491448521, "width": 4000, "height": 3000, "capture_time": 1778230064.0, "translation": [342452.35877621284, 4703499.02480341, 26.6681402386997], "rotation": [2.3087009455633174, 0.5524403203607002, -0.23491409854624126]}, "geometry": {"type": "Point", "coordinates": [-70.91641333937375, 42.467818652096135, 26.6681402386997]}}, {"type": "Feature", "properties": {"filename": "DJI_20260508085534_1384_V.JPG", "camera": "v2 dji m3t 4000 3000 brown 0.6666", "focal": 0.7188884491448521, "width": 4000, "height": 3000, "capture_time": 1778230534.0, "translation": [342416.8810573513, 4703612.974527164, 26.420829267250056], "rotation": [2.07163919289444, -1.2597608298105083, 0.5068385352496488]}, "geometry": {"type": "Point", "coordinates": [-70.91687596123862, 42.468837084901786, 26.420829267250056]}}, {"type": "Feature", "properties": {"filename": "DJI_20260508085851_1643_V.JPG", "camera": "v2 dji m3t 4000 3000 brown 0.6666", "focal": 0.7188884491448521, "width": 4000, "height": 3000, "capture_time": 1778230731.0, "translation": [342425.2176614792, 4703604.027328368, 26.609926930903377], "rotation": [0.664145857746544, -2.67175394516555, 1.094611377785872]}, "geometry": {"type": "Point", "coordinates": [-70.91677215015336, 42.46875824783709, 26.609926930903377]}}, {"type": "Feature", "properties": {"filename": "DJI_20260508084944_0909_V.JPG", "camera": "v2 dji m3t 4000 3000 brown 0.6666", "focal": 0.7188884491448521, "width": 4000, "height": 3000, "capture_time": 1778230184.0, "translation": [342487.0149904353, 4703551.54464626, 26.65396682388516], "rotation": [2.313501553428082, 0.5558139067493973, -0.230379077683701]}, "geometry": {"type": "Point", "coordinates": [-70.91600643129269, 42.46829842352906, 26.65396682388516]}}, {"type": "Feature", "properties": {"filename": "DJI_20260508084208_0303_V.JPG", "camera": "v2 dji m3t 4000 3000 brown 0.6666", "focal": 0.7188884491448521, "width": 4000, "height": 3000, "capture_time": 1778229728.0, "translation": [342483.35573741223, 4703639.787684574, 26.559137351129028], "rotation": [-2.6481312291689254, 1.6827299836624232, 0.009009688551537326]}, "geometry": {"type": "Point", "coordinates": [-70.9160751513991, 42.46909194491188, 26.559137351129028]}}, {"type": "Feature", "properties": {"filename": "DJI_20260508084855_0838_V.JPG", "camera": "v2 dji m3t 4000 3000 brown 0.6666", "focal": 0.7188884491448521, "width": 4000, "height": 3000, "capture_time": 1778230135.0, "translation": [342445.22746397683, 4703580.031837215, 26.658872666995627], "rotation": [2.3087047660870703, 0.5479615296768351, -0.22603523070468015]}, "geometry": {"type": "Point", "coordinates": [-70.91652228807811, 42.46854633671978, 26.658872666995627]}}, {"type": "Feature", "properties": {"filename": "DJI_20260508085406_1257_V.JPG", "camera": "v2 dji m3t 4000 3000 brown 0.6666", "focal": 0.7188884491448521, "width": 4000, "height": 3000, "capture_time": 1778230446.0, "translation": [342380.10844745516, 4703566.508285517, 26.53339471553755], "rotation": [2.0793778002220535, -1.2541658833801461, 0.4968929231661713]}, "geometry": {"type": "Point", "coordinates": [-70.91731025946567, 42.46841136765062, 26.53339471553755]}}, {"type": "Feature", "properties": {"filename": "DJI_20260508085747_1552_V.JPG", "camera": "v2 dji m3t 4000 3000 brown 0.6666", "focal": 0.7188884491448521, "width": 4000, "height": 3000, "capture_time": 1778230667.0, "translation": [342426.7950627086, 4703656.702714719, 26.66808357784097], "rotation": [0.6661799172359889, -2.6697205532573065, 1.0906552277057096]}, "geometry": {"type": "Point", "coordinates": [-70.91676744353043, 42.46923269346611, 26.66808357784097]}}, {"type": "Feature", "properties": {"filename": "DJI_20260508084415_0462_V.JPG", "camera": "v2 dji m3t 4000 3000 brown 0.6666", "focal": 0.7188884491448521, "width": 4000, "height": 3000, "capture_time": 1778229855.0, "translation": [342460.9538186141, 4703607.151076595, 26.541694473992138], "rotation": [1.3502424282439176, 2.209567340287936, -0.9082617749855249]}, "geometry": {"type": "Point", "coordinates": [-70.91633854245106, 42.46879363173075, 26.541694473992138]}}, {"type": "Feature", "properties": {"filename": "DJI_20260508084001_0122_V.JPG", "camera": "v2 dji m3t 4000 3000 brown 0.6666", "focal": 0.7188884491448521, "width": 4000, "height": 3000, "capture_time": 1778229601.0, "translation": [342456.8382894138, 4703584.090672806, 26.47873987596855], "rotation": [-2.6468764571846943, 1.6522573313600797, -0.021084213171376775]}, "geometry": {"type": "Point", "coordinates": [-70.91638224365273, 42.46858523089401, 26.47873987596855]}}, {"type": "Feature", "properties": {"filename": "DJI_20260508084421_0470_V.JPG", "camera": "v2 dji m3t 4000 3000 brown 0.6666", "focal": 0.7188884491448521, "width": 4000, "height": 3000, "capture_time": 1778229861.0, "translation": [342494.83023723, 4703624.0726720765, 26.592727792462675], "rotation": [1.3522009572616864, 2.210815057149518, -0.9087157745901869]}, "geometry": {"type": "Point", "coordinates": [-70.91593133301156, 42.468952828740875, 26.592727792462675]}}, {"type": "Feature", "properties": {"filename": "DJI_20260508085253_1154_V.JPG", "camera": "v2 dji m3t 4000 3000 brown 0.6666", "focal": 0.7188884491448521, "width": 4000, "height": 3000, "capture_time": 1778230373.0, "translation": [342430.8829508955, 4703563.945057594, 26.487778932860888], "rotation": [2.0803573517888685, -1.253274687412553, 0.5038173284497457]}, "geometry": {"type": "Point", "coordinates": [-70.91669226315634, 42.46839862432362, 26.487778932860888]}}, {"type": "Feature", "properties": {"filename": "DJI_20260508084057_0202_V.JPG", "camera": "v2 dji m3t 4000 3000 brown 0.6666", "focal": 0.7188884491448521, "width": 4000, "height": 3000, "capture_time": 1778229657.0, "translation": [342463.9726013339, 4703608.565967983, 26.478410246865252], "rotation": [-1.6640398887785774, -2.645585872451692, -0.007856942034417506]}, "geometry": {"type": "Point", "coordinates": [-70.91630222989377, 42.46880698083484, 26.478410246865252]}}, {"type": "Feature", "properties": {"filename": "DJI_20260508085312_1180_V.JPG", "camera": "v2 dji m3t 4000 3000 brown 0.6666", "focal": 0.7188884491448521, "width": 4000, "height": 3000, "capture_time": 1778230392.0, "translation": [342416.3280907528, 4703563.643739016, 26.60932341266112], "rotation": [2.0689614420977676, -1.2532510521650417, 0.5017794258567218]}, "geometry": {"type": "Point", "coordinates": [-70.91686913139019, 42.46839295194631, 26.60932341266112]}}, {"type": "Feature", "properties": {"filename": "DJI_20260508084747_0742_V.JPG", "camera": "v2 dji m3t 4000 3000 brown 0.6666", "focal": 0.7188884491448521, "width": 4000, "height": 3000, "capture_time": 1778230067.0, "translation": [342451.8970724721, 4703509.179277583, 26.618276409670138], "rotation": [2.3126603010302853, 0.5523726980700403, -0.22731028349425964]}, "geometry": {"type": "Point", "coordinates": [-70.91642174148856, 42.4679099574468, 26.618276409670138]}}, {"type": "Feature", "properties": {"filename": "DJI_20260508085201_1079_V.JPG", "camera": "v2 dji m3t 4000 3000 brown 0.6666", "focal": 0.7188884491448521, "width": 4000, "height": 3000, "capture_time": 1778230321.0, "translation": [342398.0057494789, 4703526.4902370805, 26.62060520741689], "rotation": [2.0782271236753345, -1.2529962080617139, 0.5004545490706623]}, "geometry": {"type": "Point", "coordinates": [-70.91708167745996, 42.46805481088476, 26.62060520741689]}}, {"type": "Feature", "properties": {"filename": "DJI_20260508084059_0205_V.JPG", "camera": "v2 dji m3t 4000 3000 brown 0.6666", "focal": 0.7188884491448521, "width": 4000, "height": 3000, "capture_time": 1778229659.0, "translation": [342451.4443541046, 4703602.327697058, 26.43831674150979], "rotation": [-1.6652680979829508, -2.643798124206671, -0.013933666846039605]}, "geometry": {"type": "Point", "coordinates": [-70.91645282987926, 42.46874828335058, 26.43831674150979]}}, {"type": "Feature", "properties": {"filename": "DJI_20260508085913_1675_V.JPG", "camera": "v2 dji m3t 4000 3000 brown 0.6666", "focal": 0.7188884491448521, "width": 4000, "height": 3000, "capture_time": 1778230753.0, "translation": [342395.12760885136, 4703635.823292509, 26.598864006318735], "rotation": [0.6689824460107903, -2.6742996744442924, 1.0871454131914076]}, "geometry": {"type": "Point", "coordinates": [-70.91714670921208, 42.46903831894973, 26.598864006318735]}}, {"type": "Feature", "properties": {"filename": "DJI_20260508084348_0423_V.JPG", "camera": "v2 dji m3t 4000 3000 brown 0.6666", "focal": 0.7188884491448521, "width": 4000, "height": 3000, "capture_time": 1778229828.0, "translation": [342527.8613991151, 4703654.176159147, 26.63507451867374], "rotation": [1.347738930456561, 2.218787168343888, -0.9009012255146324]}, "geometry": {"type": "Point", "coordinates": [-70.91553801680783, 42.46923050123782, 26.63507451867374]}}, {"type": "Feature", "properties": {"filename": "DJI_20260508090019_1768_V.JPG", "camera": "v2 dji m3t 4000 3000 brown 0.6666", "focal": 0.7188884491448521, "width": 4000, "height": 3000, "capture_time": 1778230819.0, "translation": [342359.8233059738, 4703635.795024071, 26.637497752644347], "rotation": [0.6588869305968631, -2.6669031177535687, 1.0924020076770182]}, "geometry": {"type": "Point", "coordinates": [-70.91757591844699, 42.469030881871376, 26.637497752644347]}}, {"type": "Feature", "properties": {"filename": "DJI_20260508084724_0709_V.JPG", "camera": "v2 dji m3t 4000 3000 brown 0.6666", "focal": 0.7188884491448521, "width": 4000, "height": 3000, "capture_time": 1778230044.0, "translation": [342423.1515835909, 4703538.540412894, 26.559567727727362], "rotation": [2.315466436601707, 0.5510643415562215, -0.22481280569861067]}, "geometry": {"type": "Point", "coordinates": [-70.91677927844545, 42.46816838773762, 26.559567727727362]}}, {"type": "Feature", "properties": {"filename": "DJI_20260508085928_1696_V.JPG", "camera": "v2 dji m3t 4000 3000 brown 0.6666", "focal": 0.7188884491448521, "width": 4000, "height": 3000, "capture_time": 1778230768.0, "translation": [342406.8534384212, 4703598.615920666, 26.66344545238156], "rotation": [0.6582824276217101, -2.663664150750704, 1.0988182270891391]}, "geometry": {"type": "Point", "coordinates": [-70.9169939280703, 42.468705805172874, 26.66344545238156]}}, {"type": "Feature", "properties": {"filename": "DJI_20260508085749_1554_V.JPG", "camera": "v2 dji m3t 4000 3000 brown 0.6666", "focal": 0.7188884491448521, "width": 4000, "height": 3000, "capture_time": 1778230669.0, "translation": [342431.11822277476, 4703648.0296330275, 26.617509827022833], "rotation": [0.6662417326409361, -2.670601036115599, 1.089744888138685]}, "geometry": {"type": "Point", "coordinates": [-70.91671250132792, 42.46915550736583, 26.617509827022833]}}, {"type": "Feature", "properties": {"filename": "DJI_20260508085852_1644_V.JPG", "camera": "v2 dji m3t 4000 3000 brown 0.6666", "focal": 0.7188884491448521, "width": 4000, "height": 3000, "capture_time": 1778230732.0, "translation": [342427.3568380609, 4703599.761493793, 26.60819926897235], "rotation": [0.6644002709024167, -2.67139872528612, 1.095052759610115]}, "geometry": {"type": "Point", "coordinates": [-70.91674497104593, 42.46872028664688, 26.60819926897235]}}, {"type": "Feature", "properties": {"filename": "DJI_20260508085740_1542_V.JPG", "camera": "v2 dji m3t 4000 3000 brown 0.6666", "focal": 0.7188884491448521, "width": 4000, "height": 3000, "capture_time": 1778230660.0, "translation": [342431.93395007215, 4703660.497900805, 26.681339245225292], "rotation": [0.6591174157012629, -2.6611163180947726, 1.0978759192523107]}, "geometry": {"type": "Point", "coordinates": [-70.91670600914593, 42.46926789864515, 26.681339245225292]}}, {"type": "Feature", "properties": {"filename": "DJI_20260508090004_1747_V.JPG", "camera": "v2 dji m3t 4000 3000 brown 0.6666", "focal": 0.7188884491448521, "width": 4000, "height": 3000, "capture_time": 1778230804.0, "translation": [342370.1616971948, 4703641.767152428, 26.71224324723067], "rotation": [0.6558812805147249, -2.665805852475639, 1.0929002058779276]}, "geometry": {"type": "Point", "coordinates": [-70.91745186925984, 42.469086739762574, 26.71224324723067]}}, {"type": "Feature", "properties": {"filename": "DJI_20260508085818_1596_V.JPG", "camera": "v2 dji m3t 4000 3000 brown 0.6666", "focal": 0.7188884491448521, "width": 4000, "height": 3000, "capture_time": 1778230698.0, "translation": [342423.16364139237, 4703635.794395452, 26.611898432030856], "rotation": [0.6686789752685461, -2.674512349353645, 1.0905127096995353]}, "geometry": {"type": "Point", "coordinates": [-70.91680584917161, 42.46904376161926, 26.611898432030856]}}, {"type": "Feature", "properties": {"filename": "DJI_20260508084617_0636_V.JPG", "camera": "v2 dji m3t 4000 3000 brown 0.6666", "focal": 0.7188884491448521, "width": 4000, "height": 3000, "capture_time": 1778229977.0, "translation": [342518.6839112469, 4703593.944577795, 26.50904800605594], "rotation": [1.3559798470438011, 2.204234819654405, -0.9037127489365526]}, "geometry": {"type": "Point", "coordinates": [-70.91563305695598, 42.468686498228095, 26.50904800605594]}}, {"type": "Feature", "properties": {"filename": "DJI_20260508085104_1023_V.JPG", "camera": "v2 dji m3t 4000 3000 brown 0.6666", "focal": 0.7188884491448521, "width": 4000, "height": 3000, "capture_time": 1778230264.0, "translation": [342529.95121080853, 4703549.953757801, 26.630943960035264], "rotation": [2.3122775299035583, 0.554370475978745, -0.2296384538250007]}, "geometry": {"type": "Point", "coordinates": [-70.91548399703015, 42.46829283198775, 26.630943960035264]}}, {"type": "Feature", "properties": {"filename": "DJI_20260508084507_0536_V.JPG", "camera": "v2 dji m3t 4000 3000 brown 0.6666", "focal": 0.7188884491448521, "width": 4000, "height": 3000, "capture_time": 1778229907.0, "translation": [342543.5369844098, 4703633.3093373105, 26.476785740214936], "rotation": [1.3550470928287859, 2.214135958642584, -0.8989484463355364]}, "geometry": {"type": "Point", "coordinates": [-70.91534170962449, 42.4690458673459, 26.476785740214936]}}, {"type": "Feature", "properties": {"filename": "DJI_20260508083902_0038_V.JPG", "camera": "v2 dji m3t 4000 3000 brown 0.6666", "focal": 0.7188884491448521, "width": 4000, "height": 3000, "capture_time": 1778229542.0, "translation": [342479.12516371126, 4703574.243125884, 26.459894251973274], "rotation": [-1.638089565128472, -2.6694786639646364, -0.02384595128754732]}, "geometry": {"type": "Point", "coordinates": [-70.91610858529144, 42.468501125846416, 26.459894251973274]}}, {"type": "Feature", "properties": {"filename": "DJI_20260508084450_0511_V.JPG", "camera": "v2 dji m3t 4000 3000 brown 0.6666", "focal": 0.7188884491448521, "width": 4000, "height": 3000, "capture_time": 1778229890.0, "translation": [342443.776410911, 4703585.675725606, 26.420389419188208], "rotation": [1.3447955881753146, 2.212762312317338, -0.9139822822560258]}, "geometry": {"type": "Point", "coordinates": [-70.91654147959666, 42.46859684160457, 26.420389419188208]}}, {"type": "Feature", "properties": {"filename": "DJI_20260508084307_0364_V.JPG", "camera": "v2 dji m3t 4000 3000 brown 0.6666", "focal": 0.7188884491448521, "width": 4000, "height": 3000, "capture_time": 1778229787.0, "translation": [342514.13026928785, 4703661.911908329, 26.62232761248261], "rotation": [1.3521147838025502, 2.220982483553771, -0.9065642867141034]}, "geometry": {"type": "Point", "coordinates": [-70.91570707961337, 42.46929733875862, 26.62232761248261]}}, {"type": "Feature", "properties": {"filename": "DJI_20260508085408_1260_V.JPG", "camera": "v2 dji m3t 4000 3000 brown 0.6666", "focal": 0.7188884491448521, "width": 4000, "height": 3000, "capture_time": 1778230448.0, "translation": [342392.6522769825, 4703572.823608091, 26.49616365178061], "rotation": [2.078741557672491, -1.2524608020322012, 0.4988311865279515]}, "geometry": {"type": "Point", "coordinates": [-70.91715949284861, 42.46847076293557, 26.49616365178061]}}, {"type": "Feature", "properties": {"filename": "DJI_20260508085637_1452_V.JPG", "camera": "v2 dji m3t 4000 3000 brown 0.6666", "focal": 0.7188884491448521, "width": 4000, "height": 3000, "capture_time": 1778230597.0, "translation": [342475.9731100641, 4703629.308724191, 26.601689519719386], "rotation": [0.6621769681569677, -2.668098668736755, 1.0948166986491272]}, "geometry": {"type": "Point", "coordinates": [-70.91616202902253, 42.46899612399879, 26.601689519719386]}}, {"type": "Feature", "properties": {"filename": "DJI_20260508090010_1755_V.JPG", "camera": "v2 dji m3t 4000 3000 brown 0.6666", "focal": 0.7188884491448521, "width": 4000, "height": 3000, "capture_time": 1778230810.0, "translation": [342371.6034847252, 4703626.472867964, 26.635916126957433], "rotation": [0.6661629461251831, -2.673891996297757, 1.0884778662916215]}, "geometry": {"type": "Point", "coordinates": [-70.91743013745062, 42.46894937114803, 26.635916126957433]}}, {"type": "Feature", "properties": {"filename": "DJI_20260508085411_1265_V.JPG", "camera": "v2 dji m3t 4000 3000 brown 0.6666", "focal": 0.7188884491448521, "width": 4000, "height": 3000, "capture_time": 1778230451.0, "translation": [342413.57942988316, 4703583.337722762, 26.43889383435891], "rotation": [2.07634481442501, -1.2502885280701221, 0.5012509001080969]}, "geometry": {"type": "Point", "coordinates": [-70.9169079588531, 42.4685696560556, 26.43889383435891]}}, {"type": "Feature", "properties": {"filename": "DJI_20260508085559_1398_V.JPG", "camera": "v2 dji m3t 4000 3000 brown 0.6666", "focal": 0.7188884491448521, "width": 4000, "height": 3000, "capture_time": 1778230559.0, "translation": [342482.9990836407, 4703657.458932188, 26.60239940448128], "rotation": [0.6640779013433047, -2.671409510301381, 1.085062751957153]}, "geometry": {"type": "Point", "coordinates": [-70.9160843403629, 42.46925092922952, 26.60239940448128]}}, {"type": "Feature", "properties": {"filename": "DJI_20260508084422_0471_V.JPG", "camera": "v2 dji m3t 4000 3000 brown 0.6666", "focal": 0.7188884491448521, "width": 4000, "height": 3000, "capture_time": 1778229862.0, "translation": [342498.9671876662, 4703626.180634031, 26.620823307402098], "rotation": [1.3510123443655824, 2.2112382549689107, -0.9091269770461607]}, "geometry": {"type": "Point", "coordinates": [-70.9158816163049, 42.46897264328255, 26.620823307402098]}}, {"type": "Feature", "properties": {"filename": "DJI_20260508084623_0645_V.JPG", "camera": "v2 dji m3t 4000 3000 brown 0.6666", "focal": 0.7188884491448521, "width": 4000, "height": 3000, "capture_time": 1778229983.0, "translation": [342555.2684980098, 4703611.397660483, 26.444283868557974], "rotation": [1.3558991548701804, 2.2067154409191043, -0.8991041364730393]}, "geometry": {"type": "Point", "coordinates": [-70.91519306733322, 42.46885102696681, 26.444283868557974]}}, {"type": "Feature", "properties": {"filename": "DJI_20260508085905_1663_V.JPG", "camera": "v2 dji m3t 4000 3000 brown 0.6666", "focal": 0.7188884491448521, "width": 4000, "height": 3000, "capture_time": 1778230745.0, "translation": [342400.46192854963, 4703639.0318828635, 26.69932840824129], "rotation": [0.6592625581091122, -2.6638228612779025, 1.0941106462175807]}, "geometry": {"type": "Point", "coordinates": [-70.91708273806125, 42.46906828420362, 26.69932840824129]}}, {"type": "Feature", "properties": {"filename": "DJI_20260508084019_0148_V.JPG", "camera": "v2 dji m3t 4000 3000 brown 0.6666", "focal": 0.7188884491448521, "width": 4000, "height": 3000, "capture_time": 1778229619.0, "translation": [342463.02382587484, 4703593.996483081, 26.480104901851234], "rotation": [-1.6663489201930481, -2.6454908956427423, -0.009810362910683816]}, "geometry": {"type": "Point", "coordinates": [-70.91630976322939, 42.468675649694454, 26.480104901851234]}}, {"type": "Feature", "properties": {"filename": "DJI_20260508084545_0590_V.JPG", "camera": "v2 dji m3t 4000 3000 brown 0.6666", "focal": 0.7188884491448521, "width": 4000, "height": 3000, "capture_time": 1778229945.0, "translation": [342547.06181030325, 4703621.944656537, 26.470039089233126], "rotation": [1.359539320266404, 2.2096825758636696, -0.9025935085846394]}, "geometry": {"type": "Point", "coordinates": [-70.91529573632268, 42.46894429149581, 26.470039089233126]}}, {"type": "Feature", "properties": {"filename": "DJI_20260508085943_1717_V.JPG", "camera": "v2 dji m3t 4000 3000 brown 0.6666", "focal": 0.7188884491448521, "width": 4000, "height": 3000, "capture_time": 1778230783.0, "translation": [342385.1334733241, 4703627.531817433, 26.585966622576063], "rotation": [0.6707517175011766, -2.6740543212857997, 1.0858234306373464]}, "geometry": {"type": "Point", "coordinates": [-70.91726593592571, 42.46896165526575, 26.585966622576063]}}, {"type": "Feature", "properties": {"filename": "DJI_20260508084612_0629_V.JPG", "camera": "v2 dji m3t 4000 3000 brown 0.6666", "focal": 0.7188884491448521, "width": 4000, "height": 3000, "capture_time": 1778229972.0, "translation": [342489.22951535723, 4703579.16645337, 26.431630859471035], "rotation": [1.3532407488094274, 2.2006786214294864, -0.9110496467541476]}, "geometry": {"type": "Point", "coordinates": [-70.915987093118, 42.468547494442696, 26.431630859471035]}}, {"type": "Feature", "properties": {"filename": "DJI_20260508085919_1683_V.JPG", "camera": "v2 dji m3t 4000 3000 brown 0.6666", "focal": 0.7188884491448521, "width": 4000, "height": 3000, "capture_time": 1778230759.0, "translation": [342411.98208471335, 4703602.296865585, 26.683691016765138], "rotation": [0.6694777935971876, -2.6727732290387, 1.0913151288493972]}, "geometry": {"type": "Point", "coordinates": [-70.91693258744226, 42.46873998010958, 26.683691016765138]}}, {"type": "Feature", "properties": {"filename": "DJI_20260508085738_1539_V.JPG", "camera": "v2 dji m3t 4000 3000 brown 0.6666", "focal": 0.7188884491448521, "width": 4000, "height": 3000, "capture_time": 1778230658.0, "translation": [342438.42288245005, 4703647.678321951, 26.71065369068377], "rotation": [0.6563812915148267, -2.660956171259472, 1.099272420335952]}, "geometry": {"type": "Point", "coordinates": [-70.91662359719315, 42.469153830851575, 26.71065369068377]}}, {"type": "Feature", "properties": {"filename": "DJI_20260508083839_0005_V.JPG", "camera": "v2 dji m3t 4000 3000 brown 0.6666", "focal": 0.7188884491448521, "width": 4000, "height": 3000, "capture_time": 1778229519.0, "translation": [342432.66040853015, 4703543.800433913, 26.489925392874415], "rotation": [-2.6750261329165106, 1.6247400865589139, 0.002014427788318528]}, "geometry": {"type": "Point", "coordinates": [-70.91666512002392, 42.46821766645008, 26.489925392874415]}}, {"type": "Feature", "properties": {"filename": "DJI_20260508085807_1580_V.JPG", "camera": "v2 dji m3t 4000 3000 brown 0.6666", "focal": 0.7188884491448521, "width": 4000, "height": 3000, "capture_time": 1778230687.0, "translation": [342425.74586724164, 4703644.910236513, 26.648336350721156], "rotation": [0.6586300158598791, -2.662166019129277, 1.0977158380169842]}, "geometry": {"type": "Point", "coordinates": [-70.91677695968049, 42.469126337400766, 26.648336350721156]}}, {"type": "Feature", "properties": {"filename": "DJI_20260508085646_1465_V.JPG", "camera": "v2 dji m3t 4000 3000 brown 0.6666", "focal": 0.7188884491448521, "width": 4000, "height": 3000, "capture_time": 1778230606.0, "translation": [342448.06771728705, 4703682.108324448, 26.64557697133275], "rotation": [0.663752533454752, -2.6657451692361684, 1.0857748271594323]}, "geometry": {"type": "Point", "coordinates": [-70.91651579583542, 42.46946569261142, 26.64557697133275]}}, {"type": "Feature", "properties": {"filename": "DJI_20260508085817_1595_V.JPG", "camera": "v2 dji m3t 4000 3000 brown 0.6666", "focal": 0.7188884491448521, "width": 4000, "height": 3000, "capture_time": 1778230697.0, "translation": [342421.0453342392, 4703640.058599124, 26.58335487742641], "rotation": [0.6687309277171397, -2.674607202408062, 1.0897776655179143]}, "geometry": {"type": "Point", "coordinates": [-70.91683277429117, 42.46908171235459, 26.58335487742641]}}, {"type": "Feature", "properties": {"filename": "DJI_20260508084931_0890_V.JPG", "camera": "v2 dji m3t 4000 3000 brown 0.6666", "focal": 0.7188884491448521, "width": 4000, "height": 3000, "capture_time": 1778230171.0, "translation": [342475.8032466675, 4703559.617156192, 26.61461926144398], "rotation": [2.3025278869775674, 0.5526140876657116, -0.23748659617472495]}, "geometry": {"type": "Point", "coordinates": [-70.91614495502358, 42.46836880379347, 26.61461926144398]}}, {"type": "Feature", "properties": {"filename": "DJI_20260508084213_0310_V.JPG", "camera": "v2 dji m3t 4000 3000 brown 0.6666", "focal": 0.7188884491448521, "width": 4000, "height": 3000, "capture_time": 1778229733.0, "translation": [342475.51466961956, 4703642.353089976, 26.42077302082551], "rotation": [-1.691970465367256, -2.6250900813018574, 0.004625991557901585]}, "geometry": {"type": "Point", "coordinates": [-70.91617118497717, 42.4691134415927, 26.42077302082551]}}, {"type": "Feature", "properties": {"filename": "DJI_20260508085835_1620_V.JPG", "camera": "v2 dji m3t 4000 3000 brown 0.6666", "focal": 0.7188884491448521, "width": 4000, "height": 3000, "capture_time": 1778230715.0, "translation": [342415.7779052643, 4703636.6897029355, 26.650099853035847], "rotation": [0.6543371186944603, -2.663546493857468, 1.098239706048218]}, "geometry": {"type": "Point", "coordinates": [-70.91689588830428, 42.469050317949886, 26.650099853035847]}}, {"type": "Feature", "properties": {"filename": "DJI_20260508084638_0665_V.JPG", "camera": "v2 dji m3t 4000 3000 brown 0.6666", "focal": 0.7188884491448521, "width": 4000, "height": 3000, "capture_time": 1778229998.0, "translation": [342489.84200099314, 4703572.556584557, 26.465812397335974], "rotation": [1.3470069622520657, 2.2085732264511564, -0.9031455807385523]}, "geometry": {"type": "Point", "coordinates": [-70.91597783172303, 42.4684881242964, 26.465812397335974]}}, {"type": "Feature", "properties": {"filename": "DJI_20260508085527_1374_V.JPG", "camera": "v2 dji m3t 4000 3000 brown 0.6666", "focal": 0.7188884491448521, "width": 4000, "height": 3000, "capture_time": 1778230527.0, "translation": [342374.64616814686, 4703591.801897549, 26.53776885189612], "rotation": [2.0752067983192237, -1.2632699307822053, 0.5041537293406838]}, "geometry": {"type": "Point", "coordinates": [-70.91738361792598, 42.468637921069195, 26.53776885189612]}}, {"type": "Feature", "properties": {"filename": "DJI_20260508084157_0287_V.JPG", "camera": "v2 dji m3t 4000 3000 brown 0.6666", "focal": 0.7188884491448521, "width": 4000, "height": 3000, "capture_time": 1778229717.0, "translation": [342416.265440305, 4703605.657107481, 26.47593405682992], "rotation": [-2.639115538877104, 1.6676019542151843, -0.014216034822969088]}, "geometry": {"type": "Point", "coordinates": [-70.91688143534006, 42.46877109647587, 26.47593405682992]}}, {"type": "Feature", "properties": {"filename": "DJI_20260508085043_0993_V.JPG", "camera": "v2 dji m3t 4000 3000 brown 0.6666", "focal": 0.7188884491448521, "width": 4000, "height": 3000, "capture_time": 1778230243.0, "translation": [342499.5534133211, 4703582.595728328, 26.622168984932895], "rotation": [2.3090096342456126, 0.551535189657391, -0.22931138766108689]}, "geometry": {"type": "Point", "coordinates": [-70.91586252137068, 42.468580459749745, 26.622168984932895]}}, {"type": "Feature", "properties": {"filename": "DJI_20260508085518_1361_V.JPG", "camera": "v2 dji m3t 4000 3000 brown 0.6666", "focal": 0.7188884491448521, "width": 4000, "height": 3000, "capture_time": 1778230518.0, "translation": [342345.4233016845, 4703570.867350851, 26.52991971155032], "rotation": [2.0681492566862136, -1.2677881493188266, 0.5073748805325191]}, "geometry": {"type": "Point", "coordinates": [-70.91773314282194, 42.46844354587955, 26.52991971155032]}}, {"type": "Feature", "properties": {"filename": "DJI_20260508085744_1547_V.JPG", "camera": "v2 dji m3t 4000 3000 brown 0.6666", "focal": 0.7188884491448521, "width": 4000, "height": 3000, "capture_time": 1778230664.0, "translation": [342422.1651927889, 4703670.484685947, 26.66905838621871], "rotation": [0.6625852855778024, -2.6640490481054955, 1.0924129817014847]}, "geometry": {"type": "Point", "coordinates": [-70.91682751831542, 42.469355801648604, 26.66905838621871]}}, {"type": "Feature", "properties": {"filename": "DJI_20260508085752_1559_V.JPG", "camera": "v2 dji m3t 4000 3000 brown 0.6666", "focal": 0.7188884491448521, "width": 4000, "height": 3000, "capture_time": 1778230672.0, "translation": [342441.5848701515, 4703627.251421197, 26.58845478769744], "rotation": [0.666562414939749, -2.6721684561416232, 1.0893320480619797]}, "geometry": {"type": "Point", "coordinates": [-70.91657954370423, 42.46897061381255, 26.58845478769744]}}, {"type": "Feature", "properties": {"filename": "DJI_20260508083946_0101_V.JPG", "camera": "v2 dji m3t 4000 3000 brown 0.6666", "focal": 0.7188884491448521, "width": 4000, "height": 3000, "capture_time": 1778229586.0, "translation": [342435.48283906205, 4703566.361238983, 26.45109911705878], "rotation": [-1.6669498613381293, -2.6567103696778833, -0.020849627590295974]}, "geometry": {"type": "Point", "coordinates": [-70.91663700362258, 42.468421307578126, 26.45109911705878]}}, {"type": "Feature", "properties": {"filename": "DJI_20260508083913_0053_V.JPG", "camera": "v2 dji m3t 4000 3000 brown 0.6666", "focal": 0.7188884491448521, "width": 4000, "height": 3000, "capture_time": 1778229553.0, "translation": [342419.15932168567, 4703546.794128206, 26.3581294500625], "rotation": [-2.4344658384597175, -1.979165211832168, -0.020842840607538445]}, "geometry": {"type": "Point", "coordinates": [-70.91683008172147, 42.468241866468944, 26.3581294500625]}}, {"type": "Feature", "properties": {"filename": "DJI_20260508090002_1745_V.JPG", "camera": "v2 dji m3t 4000 3000 brown 0.6666", "focal": 0.7188884491448521, "width": 4000, "height": 3000, "capture_time": 1778230802.0, "translation": [342374.5847157196, 4703634.302264, 26.680715772306023], "rotation": [0.6546460590349954, -2.6653567036332677, 1.0961967961356083]}, "geometry": {"type": "Point", "coordinates": [-70.91739604433988, 42.46902044911749, 26.680715772306023]}}, {"type": "Feature", "properties": {"filename": "DJI_20260508083942_0095_V.JPG", "camera": "v2 dji m3t 4000 3000 brown 0.6666", "focal": 0.7188884491448521, "width": 4000, "height": 3000, "capture_time": 1778229582.0, "translation": [342460.9537561246, 4703579.085786497, 26.46373620536751], "rotation": [-1.6632178331532186, -2.6519128467348896, -0.011880703300243137]}, "geometry": {"type": "Point", "coordinates": [-70.91633083502379, 42.46854101934394, 26.46373620536751]}}, {"type": "Feature", "properties": {"filename": "DJI_20260508085649_1469_V.JPG", "camera": "v2 dji m3t 4000 3000 brown 0.6666", "focal": 0.7188884491448521, "width": 4000, "height": 3000, "capture_time": 1778230609.0, "translation": [342444.51836110355, 4703678.096460085, 26.5981218634187], "rotation": [0.6650570558172652, -2.671111868978614, 1.0839060844868604]}, "geometry": {"type": "Point", "coordinates": [-70.91655784592159, 42.46942886049208, 26.5981218634187]}}, {"type": "Feature", "properties": {"filename": "DJI_20260508085640_1456_V.JPG", "camera": "v2 dji m3t 4000 3000 brown 0.6666", "focal": 0.7188884491448521, "width": 4000, "height": 3000, "capture_time": 1778230600.0, "translation": [342467.4782797241, 4703646.1762681, 26.648892977942964], "rotation": [0.6616298592704859, -2.6653697869397956, 1.095380851802424]}, "geometry": {"type": "Point", "coordinates": [-70.91626993872322, 42.46914621953979, 26.648892977942964]}}, {"type": "Feature", "properties": {"filename": "DJI_20260508083907_0045_V.JPG", "camera": "v2 dji m3t 4000 3000 brown 0.6666", "focal": 0.7188884491448521, "width": 4000, "height": 3000, "capture_time": 1778229547.0, "translation": [342449.8465557018, 4703559.546452804, 26.466765809818245], "rotation": [-1.647909292146172, -2.6733971414321873, -0.024019439919868997]}, "geometry": {"type": "Point", "coordinates": [-70.91646050454477, 42.468362889509706, 26.466765809818245]}}, {"type": "Feature", "properties": {"filename": "DJI_20260508083935_0085_V.JPG", "camera": "v2 dji m3t 4000 3000 brown 0.6666", "focal": 0.7188884491448521, "width": 4000, "height": 3000, "capture_time": 1778229575.0, "translation": [342503.3804768247, 4703600.063158098, 26.360511636395202], "rotation": [-1.6821299867447637, -2.638049289459522, -0.002839299548961142]}, "geometry": {"type": "Point", "coordinates": [-70.91582078977568, 42.46873846006672, 26.360511636395202]}}, {"type": "Feature", "properties": {"filename": "DJI_20260508084055_0199_V.JPG", "camera": "v2 dji m3t 4000 3000 brown 0.6666", "focal": 0.7188884491448521, "width": 4000, "height": 3000, "capture_time": 1778229655.0, "translation": [342476.67396130576, 4703614.870724764, 26.483816378378332], "rotation": [-1.6651568719018055, -2.6474202349414546, 0.00040683609114669825]}, "geometry": {"type": "Point", "coordinates": [-70.91614954324207, 42.4688663117549, 26.483816378378332]}}, {"type": "Feature", "properties": {"filename": "DJI_20260508084627_0650_V.JPG", "camera": "v2 dji m3t 4000 3000 brown 0.6666", "focal": 0.7188884491448521, "width": 4000, "height": 3000, "capture_time": 1778229987.0, "translation": [342552.1289333114, 4703603.9529090645, 26.524129749744326], "rotation": [1.3562195667103376, 2.209973968824753, -0.8933586742987075]}, "geometry": {"type": "Point", "coordinates": [-70.91522919341847, 42.46878337956918, 26.524129749744326]}}, {"type": "Feature", "properties": {"filename": "DJI_20260508090005_1748_V.JPG", "camera": "v2 dji m3t 4000 3000 brown 0.6666", "focal": 0.7188884491448521, "width": 4000, "height": 3000, "capture_time": 1778230805.0, "translation": [342368.4885782221, 4703643.427275164, 26.595689449320165], "rotation": [0.6559658366489698, -2.667010152094694, 1.0925883840019306]}, "geometry": {"type": "Point", "coordinates": [-70.9174726666869, 42.46910134190774, 26.595689449320165]}}, {"type": "Feature", "properties": {"filename": "DJI_20260508084628_0652_V.JPG", "camera": "v2 dji m3t 4000 3000 brown 0.6666", "focal": 0.7188884491448521, "width": 4000, "height": 3000, "capture_time": 1778229988.0, "translation": [342544.74354885914, 4703600.120355585, 26.540736815249993], "rotation": [1.3551460672720257, 2.2126167562757892, -0.890669180834607]}, "geometry": {"type": "Point", "coordinates": [-70.91531792994917, 42.46874738227681, 26.540736815249993]}}, {"type": "Feature", "properties": {"filename": "DJI_20260508084333_0401_V.JPG", "camera": "v2 dji m3t 4000 3000 brown 0.6666", "focal": 0.7188884491448521, "width": 4000, "height": 3000, "capture_time": 1778229813.0, "translation": [342435.14493228355, 4703608.27800351, 26.47082738946443], "rotation": [1.3402287442841214, 2.2112466779542705, -0.9092453377627713]}, "geometry": {"type": "Point", "coordinates": [-70.9166526261064, 42.46879852665848, 26.47082738946443]}}, {"type": "Feature", "properties": {"filename": "DJI_20260508084857_0842_V.JPG", "camera": "v2 dji m3t 4000 3000 brown 0.6666", "focal": 0.7188884491448521, "width": 4000, "height": 3000, "capture_time": 1778230137.0, "translation": [342449.83717866417, 4703582.439876306, 26.57592532671628], "rotation": [2.3066097526791554, 0.5473626414870437, -0.22743895038048306]}, "geometry": {"type": "Point", "coordinates": [-70.91646690664899, 42.468568948605956, 26.57592532671628]}}, {"type": "Feature", "properties": {"filename": "DJI_20260508085656_1479_V.JPG", "camera": "v2 dji m3t 4000 3000 brown 0.6666", "focal": 0.7188884491448521, "width": 4000, "height": 3000, "capture_time": 1778230616.0, "translation": [342464.0977863923, 4703638.479204189, 26.666532290501408], "rotation": [0.6691514811541333, -2.6770483955317705, 1.0832872465572745]}, "geometry": {"type": "Point", "coordinates": [-70.91630892362329, 42.46907625180086, 26.666532290501408]}}, {"type": "Feature", "properties": {"filename": "DJI_20260508084805_0767_V.JPG", "camera": "v2 dji m3t 4000 3000 brown 0.6666", "focal": 0.7188884491448521, "width": 4000, "height": 3000, "capture_time": 1778230085.0, "translation": [342440.2720881505, 4703546.286661978, 26.610363938299017], "rotation": [2.306895048589341, 0.5439204526505085, -0.23273126343133124]}, "geometry": {"type": "Point", "coordinates": [-70.91657326404746, 42.46824159266295, 26.610363938299017]}}, {"type": "Feature", "properties": {"filename": "DJI_20260508090018_1767_V.JPG", "camera": "v2 dji m3t 4000 3000 brown 0.6666", "focal": 0.7188884491448521, "width": 4000, "height": 3000, "capture_time": 1778230818.0, "translation": [342361.2606714109, 4703633.07539474, 26.643073011390182], "rotation": [0.6576165755666206, -2.6665388279970603, 1.0917487933618268]}, "geometry": {"type": "Point", "coordinates": [-70.91755769604123, 42.46900669528922, 26.643073011390182]}}, {"type": "Feature", "properties": {"filename": "DJI_20260508090017_1766_V.JPG", "camera": "v2 dji m3t 4000 3000 brown 0.6666", "focal": 0.7188884491448521, "width": 4000, "height": 3000, "capture_time": 1778230817.0, "translation": [342363.41613483126, 4703629.132470693, 26.591956962620994], "rotation": [0.6567139958491757, -2.6669965978371284, 1.091178751832405]}, "geometry": {"type": "Point", "coordinates": [-70.91753040708758, 42.46897164408994, 26.591956962620994]}}]}